ISO-10303-21;
HEADER;
/* Generated by software containing ST-Developer
 * from STEP Tools, Inc. (www.steptools.com) 
 */

FILE_DESCRIPTION(
/* description */ (''),
/* implementation_level */ '2;1');

FILE_NAME(
/* name */ 'Molex_Micro-Fit_3.0_43650-0215_1x02_P3.00mm_Vertical.step',

/* time_stamp */ '2026-10-02T20:07:16+10:00',
/* author */ (''),
/* organization */ (''),
/* preprocessor_version */ 'ST-DEVELOPER v20.2',
/* originating_system */ 'Autodesk Translation Framework v15.15.0.0',
/* authorisation */ '');

FILE_SCHEMA (('AUTOMOTIVE_DESIGN { 1 0 10303 214 3 1 1 }'));
ENDSEC;

DATA;
#10=MECHANICAL_DESIGN_GEOMETRIC_PRESENTATION_REPRESENTATION('',(#1913,#1914,
#1915,#1916,#1917,#1918,#1919,#1920,#1921,#1922,#1923,#1924,#1925,#1926,
#1927,#1928,#1929,#1930,#1931,#1932,#1933,#1934,#1935,#1936,#1937,#1938,
#1939,#1940,#1941,#1942,#1943,#1944,#1945,#1946,#1947,#1948,#1949,#1950,
#1951,#1952,#1953,#1954,#1955,#1956,#1957,#1958,#1959,#1960,#1961),#3336);
#11=SHAPE_REPRESENTATION_RELATIONSHIP('SRR','None',#3343,#12);
#12=ADVANCED_BREP_SHAPE_REPRESENTATION('',(#13),#3335);
#13=MANIFOLD_SOLID_BREP('Body1',#2078);
#14=CYLINDRICAL_SURFACE('',#2200,0.64);
#15=CYLINDRICAL_SURFACE('',#2201,1.52);
#16=CYLINDRICAL_SURFACE('',#2202,0.639999999999999);
#17=CYLINDRICAL_SURFACE('',#2205,0.640000000000009);
#18=CYLINDRICAL_SURFACE('',#2206,0.88);
#19=CYLINDRICAL_SURFACE('',#2207,1.28);
#20=CYLINDRICAL_SURFACE('',#2220,1.28);
#21=CYLINDRICAL_SURFACE('',#2221,0.88);
#22=CYLINDRICAL_SURFACE('',#2222,1.26141965408795);
#23=CYLINDRICAL_SURFACE('',#2225,0.64);
#24=CYLINDRICAL_SURFACE('',#2226,1.52);
#25=CYLINDRICAL_SURFACE('',#2227,0.64);
#26=FACE_BOUND('',#184,.T.);
#27=FACE_BOUND('',#185,.T.);
#28=FACE_BOUND('',#187,.T.);
#29=FACE_BOUND('',#194,.T.);
#30=FACE_BOUND('',#195,.T.);
#31=FACE_BOUND('',#199,.T.);
#32=FACE_BOUND('',#200,.T.);
#33=FACE_BOUND('',#202,.T.);
#34=FACE_BOUND('',#235,.T.);
#35=CIRCLE('',#2094,1.26141965408795);
#36=CIRCLE('',#2095,0.64);
#37=CIRCLE('',#2096,1.52);
#38=CIRCLE('',#2097,0.64);
#39=CIRCLE('',#2098,1.28);
#40=CIRCLE('',#2099,0.88);
#41=CIRCLE('',#2101,1.26141965408795);
#42=CIRCLE('',#2102,0.88);
#43=CIRCLE('',#2103,1.28);
#44=CIRCLE('',#2104,0.64);
#45=CIRCLE('',#2105,1.52);
#46=CIRCLE('',#2106,0.64);
#47=CIRCLE('',#2110,0.640000000000009);
#48=CIRCLE('',#2111,0.88);
#49=CIRCLE('',#2112,1.28);
#50=CIRCLE('',#2113,0.64);
#51=CIRCLE('',#2114,1.52);
#52=CIRCLE('',#2115,0.639999999999999);
#53=CIRCLE('',#2117,0.640000000000009);
#54=CIRCLE('',#2118,0.639999999999999);
#55=CIRCLE('',#2119,1.52);
#56=CIRCLE('',#2120,0.64);
#57=CIRCLE('',#2121,1.28);
#58=CIRCLE('',#2122,0.88);
#59=FACE_OUTER_BOUND('',#175,.T.);
#60=FACE_OUTER_BOUND('',#176,.T.);
#61=FACE_OUTER_BOUND('',#177,.T.);
#62=FACE_OUTER_BOUND('',#178,.T.);
#63=FACE_OUTER_BOUND('',#179,.T.);
#64=FACE_OUTER_BOUND('',#180,.T.);
#65=FACE_OUTER_BOUND('',#181,.T.);
#66=FACE_OUTER_BOUND('',#182,.T.);
#67=FACE_OUTER_BOUND('',#183,.T.);
#68=FACE_OUTER_BOUND('',#186,.T.);
#69=FACE_OUTER_BOUND('',#188,.T.);
#70=FACE_OUTER_BOUND('',#189,.T.);
#71=FACE_OUTER_BOUND('',#190,.T.);
#72=FACE_OUTER_BOUND('',#191,.T.);
#73=FACE_OUTER_BOUND('',#192,.T.);
#74=FACE_OUTER_BOUND('',#193,.T.);
#75=FACE_OUTER_BOUND('',#196,.T.);
#76=FACE_OUTER_BOUND('',#197,.T.);
#77=FACE_OUTER_BOUND('',#198,.T.);
#78=FACE_OUTER_BOUND('',#201,.T.);
#79=FACE_OUTER_BOUND('',#203,.T.);
#80=FACE_OUTER_BOUND('',#204,.T.);
#81=FACE_OUTER_BOUND('',#205,.T.);
#82=FACE_OUTER_BOUND('',#206,.T.);
#83=FACE_OUTER_BOUND('',#207,.T.);
#84=FACE_OUTER_BOUND('',#208,.T.);
#85=FACE_OUTER_BOUND('',#209,.T.);
#86=FACE_OUTER_BOUND('',#210,.T.);
#87=FACE_OUTER_BOUND('',#211,.T.);
#88=FACE_OUTER_BOUND('',#212,.T.);
#89=FACE_OUTER_BOUND('',#213,.T.);
#90=FACE_OUTER_BOUND('',#214,.T.);
#91=FACE_OUTER_BOUND('',#215,.T.);
#92=FACE_OUTER_BOUND('',#216,.T.);
#93=FACE_OUTER_BOUND('',#217,.T.);
#94=FACE_OUTER_BOUND('',#218,.T.);
#95=FACE_OUTER_BOUND('',#219,.T.);
#96=FACE_OUTER_BOUND('',#220,.T.);
#97=FACE_OUTER_BOUND('',#221,.T.);
#98=FACE_OUTER_BOUND('',#222,.T.);
#99=FACE_OUTER_BOUND('',#223,.T.);
#100=FACE_OUTER_BOUND('',#224,.T.);
#101=FACE_OUTER_BOUND('',#225,.T.);
#102=FACE_OUTER_BOUND('',#226,.T.);
#103=FACE_OUTER_BOUND('',#227,.T.);
#104=FACE_OUTER_BOUND('',#228,.T.);
#105=FACE_OUTER_BOUND('',#229,.T.);
#106=FACE_OUTER_BOUND('',#230,.T.);
#107=FACE_OUTER_BOUND('',#231,.T.);
#108=FACE_OUTER_BOUND('',#232,.T.);
#109=FACE_OUTER_BOUND('',#233,.T.);
#110=FACE_OUTER_BOUND('',#234,.T.);
#111=FACE_OUTER_BOUND('',#236,.T.);
#112=FACE_OUTER_BOUND('',#237,.T.);
#113=FACE_OUTER_BOUND('',#238,.T.);
#114=FACE_OUTER_BOUND('',#239,.T.);
#115=FACE_OUTER_BOUND('',#240,.T.);
#116=FACE_OUTER_BOUND('',#241,.T.);
#117=FACE_OUTER_BOUND('',#242,.T.);
#118=FACE_OUTER_BOUND('',#243,.T.);
#119=FACE_OUTER_BOUND('',#244,.T.);
#120=FACE_OUTER_BOUND('',#245,.T.);
#121=FACE_OUTER_BOUND('',#246,.T.);
#122=FACE_OUTER_BOUND('',#247,.T.);
#123=FACE_OUTER_BOUND('',#248,.T.);
#124=FACE_OUTER_BOUND('',#249,.T.);
#125=FACE_OUTER_BOUND('',#250,.T.);
#126=FACE_OUTER_BOUND('',#251,.T.);
#127=FACE_OUTER_BOUND('',#252,.T.);
#128=FACE_OUTER_BOUND('',#253,.T.);
#129=FACE_OUTER_BOUND('',#254,.T.);
#130=FACE_OUTER_BOUND('',#255,.T.);
#131=FACE_OUTER_BOUND('',#256,.T.);
#132=FACE_OUTER_BOUND('',#257,.T.);
#133=FACE_OUTER_BOUND('',#258,.T.);
#134=FACE_OUTER_BOUND('',#259,.T.);
#135=FACE_OUTER_BOUND('',#260,.T.);
#136=FACE_OUTER_BOUND('',#261,.T.);
#137=FACE_OUTER_BOUND('',#262,.T.);
#138=FACE_OUTER_BOUND('',#263,.T.);
#139=FACE_OUTER_BOUND('',#264,.T.);
#140=FACE_OUTER_BOUND('',#265,.T.);
#141=FACE_OUTER_BOUND('',#266,.T.);
#142=FACE_OUTER_BOUND('',#267,.T.);
#143=FACE_OUTER_BOUND('',#268,.T.);
#144=FACE_OUTER_BOUND('',#269,.T.);
#145=FACE_OUTER_BOUND('',#270,.T.);
#146=FACE_OUTER_BOUND('',#271,.T.);
#147=FACE_OUTER_BOUND('',#272,.T.);
#148=FACE_OUTER_BOUND('',#273,.T.);
#149=FACE_OUTER_BOUND('',#274,.T.);
#150=FACE_OUTER_BOUND('',#275,.T.);
#151=FACE_OUTER_BOUND('',#276,.T.);
#152=FACE_OUTER_BOUND('',#277,.T.);
#153=FACE_OUTER_BOUND('',#278,.T.);
#154=FACE_OUTER_BOUND('',#279,.T.);
#155=FACE_OUTER_BOUND('',#280,.T.);
#156=FACE_OUTER_BOUND('',#281,.T.);
#157=FACE_OUTER_BOUND('',#282,.T.);
#158=FACE_OUTER_BOUND('',#283,.T.);
#159=FACE_OUTER_BOUND('',#284,.T.);
#160=FACE_OUTER_BOUND('',#285,.T.);
#161=FACE_OUTER_BOUND('',#286,.T.);
#162=FACE_OUTER_BOUND('',#287,.T.);
#163=FACE_OUTER_BOUND('',#288,.T.);
#164=FACE_OUTER_BOUND('',#289,.T.);
#165=FACE_OUTER_BOUND('',#290,.T.);
#166=FACE_OUTER_BOUND('',#291,.T.);
#167=FACE_OUTER_BOUND('',#292,.T.);
#168=FACE_OUTER_BOUND('',#293,.T.);
#169=FACE_OUTER_BOUND('',#294,.T.);
#170=FACE_OUTER_BOUND('',#295,.T.);
#171=FACE_OUTER_BOUND('',#296,.T.);
#172=FACE_OUTER_BOUND('',#297,.T.);
#173=FACE_OUTER_BOUND('',#298,.T.);
#174=FACE_OUTER_BOUND('',#299,.T.);
#175=EDGE_LOOP('',(#1255,#1256,#1257,#1258));
#176=EDGE_LOOP('',(#1259,#1260,#1261,#1262,#1263,#1264,#1265,#1266,#1267,
#1268));
#177=EDGE_LOOP('',(#1269,#1270,#1271,#1272,#1273,#1274,#1275,#1276,#1277,
#1278));
#178=EDGE_LOOP('',(#1279,#1280,#1281,#1282));
#179=EDGE_LOOP('',(#1283,#1284,#1285,#1286));
#180=EDGE_LOOP('',(#1287,#1288,#1289,#1290,#1291,#1292,#1293,#1294,#1295,
#1296));
#181=EDGE_LOOP('',(#1297,#1298,#1299,#1300,#1301,#1302,#1303,#1304,#1305,
#1306));
#182=EDGE_LOOP('',(#1307,#1308,#1309,#1310));
#183=EDGE_LOOP('',(#1311,#1312,#1313,#1314,#1315,#1316,#1317,#1318));
#184=EDGE_LOOP('',(#1319,#1320,#1321,#1322));
#185=EDGE_LOOP('',(#1323,#1324,#1325,#1326));
#186=EDGE_LOOP('',(#1327,#1328,#1329,#1330));
#187=EDGE_LOOP('',(#1331,#1332,#1333,#1334));
#188=EDGE_LOOP('',(#1335,#1336,#1337));
#189=EDGE_LOOP('',(#1338,#1339,#1340));
#190=EDGE_LOOP('',(#1341,#1342,#1343,#1344,#1345));
#191=EDGE_LOOP('',(#1346,#1347,#1348,#1349,#1350,#1351,#1352,#1353,#1354,
#1355));
#192=EDGE_LOOP('',(#1356,#1357,#1358,#1359,#1360));
#193=EDGE_LOOP('',(#1361,#1362,#1363,#1364,#1365,#1366,#1367,#1368,#1369,
#1370,#1371,#1372));
#194=EDGE_LOOP('',(#1373,#1374,#1375,#1376));
#195=EDGE_LOOP('',(#1377,#1378,#1379,#1380));
#196=EDGE_LOOP('',(#1381,#1382,#1383,#1384));
#197=EDGE_LOOP('',(#1385,#1386,#1387,#1388));
#198=EDGE_LOOP('',(#1389,#1390,#1391,#1392,#1393,#1394,#1395,#1396));
#199=EDGE_LOOP('',(#1397,#1398,#1399,#1400));
#200=EDGE_LOOP('',(#1401,#1402,#1403,#1404,#1405));
#201=EDGE_LOOP('',(#1406,#1407,#1408,#1409,#1410,#1411));
#202=EDGE_LOOP('',(#1412,#1413,#1414,#1415));
#203=EDGE_LOOP('',(#1416,#1417,#1418,#1419,#1420,#1421,#1422,#1423,#1424,
#1425));
#204=EDGE_LOOP('',(#1426,#1427,#1428,#1429));
#205=EDGE_LOOP('',(#1430,#1431,#1432,#1433));
#206=EDGE_LOOP('',(#1434,#1435,#1436,#1437));
#207=EDGE_LOOP('',(#1438,#1439,#1440,#1441));
#208=EDGE_LOOP('',(#1442,#1443,#1444,#1445));
#209=EDGE_LOOP('',(#1446,#1447,#1448,#1449,#1450));
#210=EDGE_LOOP('',(#1451,#1452,#1453,#1454,#1455));
#211=EDGE_LOOP('',(#1456,#1457,#1458,#1459));
#212=EDGE_LOOP('',(#1460,#1461,#1462,#1463));
#213=EDGE_LOOP('',(#1464,#1465,#1466));
#214=EDGE_LOOP('',(#1467,#1468,#1469));
#215=EDGE_LOOP('',(#1470,#1471,#1472,#1473));
#216=EDGE_LOOP('',(#1474,#1475,#1476,#1477));
#217=EDGE_LOOP('',(#1478,#1479,#1480));
#218=EDGE_LOOP('',(#1481,#1482,#1483));
#219=EDGE_LOOP('',(#1484,#1485,#1486,#1487));
#220=EDGE_LOOP('',(#1488,#1489,#1490,#1491));
#221=EDGE_LOOP('',(#1492,#1493,#1494,#1495));
#222=EDGE_LOOP('',(#1496,#1497,#1498,#1499,#1500,#1501,#1502));
#223=EDGE_LOOP('',(#1503,#1504,#1505,#1506));
#224=EDGE_LOOP('',(#1507,#1508,#1509,#1510));
#225=EDGE_LOOP('',(#1511,#1512,#1513,#1514));
#226=EDGE_LOOP('',(#1515,#1516,#1517,#1518,#1519,#1520,#1521));
#227=EDGE_LOOP('',(#1522,#1523,#1524,#1525));
#228=EDGE_LOOP('',(#1526,#1527,#1528,#1529));
#229=EDGE_LOOP('',(#1530,#1531,#1532,#1533));
#230=EDGE_LOOP('',(#1534,#1535,#1536,#1537));
#231=EDGE_LOOP('',(#1538,#1539,#1540,#1541));
#232=EDGE_LOOP('',(#1542,#1543,#1544,#1545));
#233=EDGE_LOOP('',(#1546,#1547,#1548,#1549));
#234=EDGE_LOOP('',(#1550,#1551,#1552,#1553,#1554));
#235=EDGE_LOOP('',(#1555,#1556,#1557,#1558));
#236=EDGE_LOOP('',(#1559,#1560,#1561,#1562));
#237=EDGE_LOOP('',(#1563,#1564,#1565,#1566));
#238=EDGE_LOOP('',(#1567,#1568,#1569,#1570));
#239=EDGE_LOOP('',(#1571,#1572,#1573,#1574));
#240=EDGE_LOOP('',(#1575,#1576,#1577,#1578));
#241=EDGE_LOOP('',(#1579,#1580,#1581,#1582));
#242=EDGE_LOOP('',(#1583,#1584,#1585,#1586));
#243=EDGE_LOOP('',(#1587,#1588,#1589,#1590));
#244=EDGE_LOOP('',(#1591,#1592,#1593,#1594));
#245=EDGE_LOOP('',(#1595,#1596,#1597,#1598));
#246=EDGE_LOOP('',(#1599,#1600,#1601,#1602));
#247=EDGE_LOOP('',(#1603,#1604,#1605,#1606));
#248=EDGE_LOOP('',(#1607,#1608,#1609,#1610));
#249=EDGE_LOOP('',(#1611,#1612,#1613,#1614));
#250=EDGE_LOOP('',(#1615,#1616,#1617,#1618));
#251=EDGE_LOOP('',(#1619,#1620,#1621));
#252=EDGE_LOOP('',(#1622,#1623,#1624));
#253=EDGE_LOOP('',(#1625,#1626,#1627,#1628));
#254=EDGE_LOOP('',(#1629,#1630,#1631));
#255=EDGE_LOOP('',(#1632,#1633,#1634));
#256=EDGE_LOOP('',(#1635,#1636,#1637,#1638));
#257=EDGE_LOOP('',(#1639,#1640,#1641,#1642));
#258=EDGE_LOOP('',(#1643,#1644,#1645));
#259=EDGE_LOOP('',(#1646,#1647,#1648));
#260=EDGE_LOOP('',(#1649,#1650,#1651,#1652));
#261=EDGE_LOOP('',(#1653,#1654,#1655,#1656));
#262=EDGE_LOOP('',(#1657,#1658,#1659,#1660));
#263=EDGE_LOOP('',(#1661,#1662,#1663,#1664));
#264=EDGE_LOOP('',(#1665,#1666,#1667,#1668));
#265=EDGE_LOOP('',(#1669,#1670,#1671,#1672));
#266=EDGE_LOOP('',(#1673,#1674,#1675,#1676));
#267=EDGE_LOOP('',(#1677,#1678,#1679,#1680));
#268=EDGE_LOOP('',(#1681,#1682,#1683,#1684));
#269=EDGE_LOOP('',(#1685,#1686,#1687,#1688));
#270=EDGE_LOOP('',(#1689,#1690,#1691,#1692));
#271=EDGE_LOOP('',(#1693,#1694,#1695,#1696));
#272=EDGE_LOOP('',(#1697,#1698,#1699,#1700));
#273=EDGE_LOOP('',(#1701,#1702,#1703,#1704));
#274=EDGE_LOOP('',(#1705,#1706,#1707,#1708));
#275=EDGE_LOOP('',(#1709,#1710,#1711,#1712));
#276=EDGE_LOOP('',(#1713,#1714,#1715,#1716));
#277=EDGE_LOOP('',(#1717,#1718,#1719,#1720));
#278=EDGE_LOOP('',(#1721,#1722,#1723,#1724));
#279=EDGE_LOOP('',(#1725,#1726,#1727,#1728));
#280=EDGE_LOOP('',(#1729,#1730,#1731,#1732));
#281=EDGE_LOOP('',(#1733,#1734,#1735,#1736));
#282=EDGE_LOOP('',(#1737,#1738,#1739,#1740));
#283=EDGE_LOOP('',(#1741,#1742,#1743,#1744));
#284=EDGE_LOOP('',(#1745,#1746,#1747,#1748));
#285=EDGE_LOOP('',(#1749,#1750,#1751,#1752));
#286=EDGE_LOOP('',(#1753,#1754,#1755,#1756));
#287=EDGE_LOOP('',(#1757,#1758,#1759,#1760));
#288=EDGE_LOOP('',(#1761,#1762,#1763,#1764));
#289=EDGE_LOOP('',(#1765,#1766,#1767,#1768));
#290=EDGE_LOOP('',(#1769,#1770,#1771,#1772));
#291=EDGE_LOOP('',(#1773,#1774,#1775,#1776));
#292=EDGE_LOOP('',(#1777,#1778,#1779,#1780));
#293=EDGE_LOOP('',(#1781,#1782,#1783,#1784));
#294=EDGE_LOOP('',(#1785,#1786,#1787,#1788));
#295=EDGE_LOOP('',(#1789,#1790,#1791,#1792));
#296=EDGE_LOOP('',(#1793,#1794,#1795,#1796));
#297=EDGE_LOOP('',(#1797,#1798,#1799,#1800));
#298=EDGE_LOOP('',(#1801,#1802,#1803,#1804));
#299=EDGE_LOOP('',(#1805,#1806,#1807,#1808));
#300=LINE('',#2771,#553);
#301=LINE('',#2773,#554);
#302=LINE('',#2775,#555);
#303=LINE('',#2776,#556);
#304=LINE('',#2782,#557);
#305=LINE('',#2790,#558);
#306=LINE('',#2792,#559);
#307=LINE('',#2794,#560);
#308=LINE('',#2801,#561);
#309=LINE('',#2809,#562);
#310=LINE('',#2811,#563);
#311=LINE('',#2813,#564);
#312=LINE('',#2822,#565);
#313=LINE('',#2824,#566);
#314=LINE('',#2826,#567);
#315=LINE('',#2827,#568);
#316=LINE('',#2831,#569);
#317=LINE('',#2833,#570);
#318=LINE('',#2835,#571);
#319=LINE('',#2836,#572);
#320=LINE('',#2840,#573);
#321=LINE('',#2848,#574);
#322=LINE('',#2850,#575);
#323=LINE('',#2852,#576);
#324=LINE('',#2863,#577);
#325=LINE('',#2871,#578);
#326=LINE('',#2873,#579);
#327=LINE('',#2875,#580);
#328=LINE('',#2882,#581);
#329=LINE('',#2884,#582);
#330=LINE('',#2886,#583);
#331=LINE('',#2887,#584);
#332=LINE('',#2891,#585);
#333=LINE('',#2893,#586);
#334=LINE('',#2895,#587);
#335=LINE('',#2897,#588);
#336=LINE('',#2899,#589);
#337=LINE('',#2901,#590);
#338=LINE('',#2903,#591);
#339=LINE('',#2904,#592);
#340=LINE('',#2905,#593);
#341=LINE('',#2906,#594);
#342=LINE('',#2907,#595);
#343=LINE('',#2908,#596);
#344=LINE('',#2912,#597);
#345=LINE('',#2914,#598);
#346=LINE('',#2916,#599);
#347=LINE('',#2917,#600);
#348=LINE('',#2920,#601);
#349=LINE('',#2922,#602);
#350=LINE('',#2924,#603);
#351=LINE('',#2925,#604);
#352=LINE('',#2929,#605);
#353=LINE('',#2931,#606);
#354=LINE('',#2932,#607);
#355=LINE('',#2935,#608);
#356=LINE('',#2937,#609);
#357=LINE('',#2938,#610);
#358=LINE('',#2941,#611);
#359=LINE('',#2942,#612);
#360=LINE('',#2943,#613);
#361=LINE('',#2944,#614);
#362=LINE('',#2948,#615);
#363=LINE('',#2950,#616);
#364=LINE('',#2951,#617);
#365=LINE('',#2953,#618);
#366=LINE('',#2955,#619);
#367=LINE('',#2957,#620);
#368=LINE('',#2959,#621);
#369=LINE('',#2961,#622);
#370=LINE('',#2962,#623);
#371=LINE('',#2966,#624);
#372=LINE('',#2968,#625);
#373=LINE('',#2969,#626);
#374=LINE('',#2970,#627);
#375=LINE('',#2974,#628);
#376=LINE('',#2976,#629);
#377=LINE('',#2978,#630);
#378=LINE('',#2980,#631);
#379=LINE('',#2981,#632);
#380=LINE('',#2983,#633);
#381=LINE('',#2985,#634);
#382=LINE('',#2987,#635);
#383=LINE('',#2989,#636);
#384=LINE('',#2991,#637);
#385=LINE('',#2992,#638);
#386=LINE('',#2995,#639);
#387=LINE('',#2997,#640);
#388=LINE('',#2999,#641);
#389=LINE('',#3000,#642);
#390=LINE('',#3003,#643);
#391=LINE('',#3005,#644);
#392=LINE('',#3007,#645);
#393=LINE('',#3008,#646);
#394=LINE('',#3012,#647);
#395=LINE('',#3014,#648);
#396=LINE('',#3016,#649);
#397=LINE('',#3017,#650);
#398=LINE('',#3021,#651);
#399=LINE('',#3022,#652);
#400=LINE('',#3023,#653);
#401=LINE('',#3025,#654);
#402=LINE('',#3027,#655);
#403=LINE('',#3028,#656);
#404=LINE('',#3030,#657);
#405=LINE('',#3031,#658);
#406=LINE('',#3034,#659);
#407=LINE('',#3036,#660);
#408=LINE('',#3038,#661);
#409=LINE('',#3039,#662);
#410=LINE('',#3042,#663);
#411=LINE('',#3044,#664);
#412=LINE('',#3046,#665);
#413=LINE('',#3048,#666);
#414=LINE('',#3049,#667);
#415=LINE('',#3051,#668);
#416=LINE('',#3054,#669);
#417=LINE('',#3056,#670);
#418=LINE('',#3058,#671);
#419=LINE('',#3059,#672);
#420=LINE('',#3061,#673);
#421=LINE('',#3063,#674);
#422=LINE('',#3065,#675);
#423=LINE('',#3067,#676);
#424=LINE('',#3069,#677);
#425=LINE('',#3070,#678);
#426=LINE('',#3071,#679);
#427=LINE('',#3074,#680);
#428=LINE('',#3076,#681);
#429=LINE('',#3077,#682);
#430=LINE('',#3080,#683);
#431=LINE('',#3082,#684);
#432=LINE('',#3083,#685);
#433=LINE('',#3085,#686);
#434=LINE('',#3086,#687);
#435=LINE('',#3090,#688);
#436=LINE('',#3091,#689);
#437=LINE('',#3093,#690);
#438=LINE('',#3094,#691);
#439=LINE('',#3097,#692);
#440=LINE('',#3099,#693);
#441=LINE('',#3100,#694);
#442=LINE('',#3102,#695);
#443=LINE('',#3103,#696);
#444=LINE('',#3108,#697);
#445=LINE('',#3110,#698);
#446=LINE('',#3111,#699);
#447=LINE('',#3113,#700);
#448=LINE('',#3114,#701);
#449=LINE('',#3119,#702);
#450=LINE('',#3121,#703);
#451=LINE('',#3122,#704);
#452=LINE('',#3124,#705);
#453=LINE('',#3125,#706);
#454=LINE('',#3128,#707);
#455=LINE('',#3129,#708);
#456=LINE('',#3131,#709);
#457=LINE('',#3132,#710);
#458=LINE('',#3135,#711);
#459=LINE('',#3137,#712);
#460=LINE('',#3138,#713);
#461=LINE('',#3141,#714);
#462=LINE('',#3142,#715);
#463=LINE('',#3144,#716);
#464=LINE('',#3145,#717);
#465=LINE('',#3147,#718);
#466=LINE('',#3152,#719);
#467=LINE('',#3154,#720);
#468=LINE('',#3155,#721);
#469=LINE('',#3158,#722);
#470=LINE('',#3159,#723);
#471=LINE('',#3162,#724);
#472=LINE('',#3163,#725);
#473=LINE('',#3166,#726);
#474=LINE('',#3167,#727);
#475=LINE('',#3169,#728);
#476=LINE('',#3173,#729);
#477=LINE('',#3175,#730);
#478=LINE('',#3177,#731);
#479=LINE('',#3178,#732);
#480=LINE('',#3180,#733);
#481=LINE('',#3181,#734);
#482=LINE('',#3183,#735);
#483=LINE('',#3185,#736);
#484=LINE('',#3189,#737);
#485=LINE('',#3191,#738);
#486=LINE('',#3192,#739);
#487=LINE('',#3195,#740);
#488=LINE('',#3197,#741);
#489=LINE('',#3198,#742);
#490=LINE('',#3200,#743);
#491=LINE('',#3201,#744);
#492=LINE('',#3206,#745);
#493=LINE('',#3208,#746);
#494=LINE('',#3209,#747);
#495=LINE('',#3212,#748);
#496=LINE('',#3214,#749);
#497=LINE('',#3215,#750);
#498=LINE('',#3217,#751);
#499=LINE('',#3218,#752);
#500=LINE('',#3224,#753);
#501=LINE('',#3225,#754);
#502=LINE('',#3227,#755);
#503=LINE('',#3228,#756);
#504=LINE('',#3229,#757);
#505=LINE('',#3240,#758);
#506=LINE('',#3241,#759);
#507=LINE('',#3242,#760);
#508=LINE('',#3245,#761);
#509=LINE('',#3247,#762);
#510=LINE('',#3248,#763);
#511=LINE('',#3250,#764);
#512=LINE('',#3251,#765);
#513=LINE('',#3252,#766);
#514=LINE('',#3254,#767);
#515=LINE('',#3255,#768);
#516=LINE('',#3256,#769);
#517=LINE('',#3260,#770);
#518=LINE('',#3262,#771);
#519=LINE('',#3264,#772);
#520=LINE('',#3266,#773);
#521=LINE('',#3268,#774);
#522=LINE('',#3270,#775);
#523=LINE('',#3271,#776);
#524=LINE('',#3273,#777);
#525=LINE('',#3274,#778);
#526=LINE('',#3275,#779);
#527=LINE('',#3277,#780);
#528=LINE('',#3279,#781);
#529=LINE('',#3287,#782);
#530=LINE('',#3289,#783);
#531=LINE('',#3290,#784);
#532=LINE('',#3294,#785);
#533=LINE('',#3295,#786);
#534=LINE('',#3296,#787);
#535=LINE('',#3298,#788);
#536=LINE('',#3299,#789);
#537=LINE('',#3300,#790);
#538=LINE('',#3302,#791);
#539=LINE('',#3303,#792);
#540=LINE('',#3304,#793);
#541=LINE('',#3308,#794);
#542=LINE('',#3310,#795);
#543=LINE('',#3312,#796);
#544=LINE('',#3314,#797);
#545=LINE('',#3316,#798);
#546=LINE('',#3318,#799);
#547=LINE('',#3319,#800);
#548=LINE('',#3321,#801);
#549=LINE('',#3322,#802);
#550=LINE('',#3323,#803);
#551=LINE('',#3325,#804);
#552=LINE('',#3327,#805);
#553=VECTOR('',#2236,1.);
#554=VECTOR('',#2237,1.);
#555=VECTOR('',#2238,1.);
#556=VECTOR('',#2239,1.);
#557=VECTOR('',#2244,1.);
#558=VECTOR('',#2251,1.);
#559=VECTOR('',#2252,1.);
#560=VECTOR('',#2253,1.);
#561=VECTOR('',#2260,1.);
#562=VECTOR('',#2267,1.);
#563=VECTOR('',#2268,1.);
#564=VECTOR('',#2269,1.);
#565=VECTOR('',#2278,1.);
#566=VECTOR('',#2279,1.);
#567=VECTOR('',#2280,1.);
#568=VECTOR('',#2281,1.);
#569=VECTOR('',#2284,1.);
#570=VECTOR('',#2285,1.);
#571=VECTOR('',#2286,1.);
#572=VECTOR('',#2287,1.);
#573=VECTOR('',#2290,1.);
#574=VECTOR('',#2297,1.);
#575=VECTOR('',#2298,1.);
#576=VECTOR('',#2299,1.);
#577=VECTOR('',#2310,1.);
#578=VECTOR('',#2317,1.);
#579=VECTOR('',#2318,1.);
#580=VECTOR('',#2319,1.);
#581=VECTOR('',#2326,1.);
#582=VECTOR('',#2327,1.);
#583=VECTOR('',#2328,1.);
#584=VECTOR('',#2329,1.);
#585=VECTOR('',#2332,1.);
#586=VECTOR('',#2333,1.);
#587=VECTOR('',#2334,1.);
#588=VECTOR('',#2335,1.);
#589=VECTOR('',#2336,1.);
#590=VECTOR('',#2337,1.);
#591=VECTOR('',#2338,1.);
#592=VECTOR('',#2339,1.);
#593=VECTOR('',#2340,1.);
#594=VECTOR('',#2341,1.);
#595=VECTOR('',#2342,1.);
#596=VECTOR('',#2343,1.);
#597=VECTOR('',#2346,1.);
#598=VECTOR('',#2347,1.);
#599=VECTOR('',#2348,1.);
#600=VECTOR('',#2349,1.);
#601=VECTOR('',#2350,1.);
#602=VECTOR('',#2351,1.);
#603=VECTOR('',#2352,1.);
#604=VECTOR('',#2353,1.);
#605=VECTOR('',#2356,1.);
#606=VECTOR('',#2357,1.);
#607=VECTOR('',#2358,1.);
#608=VECTOR('',#2361,1.);
#609=VECTOR('',#2362,1.);
#610=VECTOR('',#2363,1.);
#611=VECTOR('',#2366,1.);
#612=VECTOR('',#2367,1.);
#613=VECTOR('',#2368,1.);
#614=VECTOR('',#2369,1.);
#615=VECTOR('',#2372,1.);
#616=VECTOR('',#2373,1.);
#617=VECTOR('',#2374,1.);
#618=VECTOR('',#2375,1.);
#619=VECTOR('',#2376,1.);
#620=VECTOR('',#2377,1.);
#621=VECTOR('',#2378,1.);
#622=VECTOR('',#2379,1.);
#623=VECTOR('',#2380,1.);
#624=VECTOR('',#2383,1.);
#625=VECTOR('',#2384,1.);
#626=VECTOR('',#2385,1.);
#627=VECTOR('',#2386,1.);
#628=VECTOR('',#2389,1.);
#629=VECTOR('',#2390,1.);
#630=VECTOR('',#2391,1.);
#631=VECTOR('',#2392,1.);
#632=VECTOR('',#2393,1.);
#633=VECTOR('',#2394,1.);
#634=VECTOR('',#2395,1.);
#635=VECTOR('',#2396,1.);
#636=VECTOR('',#2397,1.);
#637=VECTOR('',#2398,1.);
#638=VECTOR('',#2399,1.);
#639=VECTOR('',#2400,1.);
#640=VECTOR('',#2401,1.);
#641=VECTOR('',#2402,1.);
#642=VECTOR('',#2403,1.);
#643=VECTOR('',#2404,1.);
#644=VECTOR('',#2405,1.);
#645=VECTOR('',#2406,1.);
#646=VECTOR('',#2407,1.);
#647=VECTOR('',#2410,1.);
#648=VECTOR('',#2411,1.);
#649=VECTOR('',#2412,1.);
#650=VECTOR('',#2413,1.);
#651=VECTOR('',#2416,1.);
#652=VECTOR('',#2417,1.);
#653=VECTOR('',#2418,1.);
#654=VECTOR('',#2421,1.);
#655=VECTOR('',#2422,1.);
#656=VECTOR('',#2423,1.);
#657=VECTOR('',#2424,1.);
#658=VECTOR('',#2425,1.);
#659=VECTOR('',#2426,1.);
#660=VECTOR('',#2427,1.);
#661=VECTOR('',#2428,1.);
#662=VECTOR('',#2429,1.);
#663=VECTOR('',#2430,1.);
#664=VECTOR('',#2431,1.);
#665=VECTOR('',#2432,1.);
#666=VECTOR('',#2433,1.);
#667=VECTOR('',#2434,1.);
#668=VECTOR('',#2437,1.);
#669=VECTOR('',#2438,1.);
#670=VECTOR('',#2439,1.);
#671=VECTOR('',#2440,1.);
#672=VECTOR('',#2441,1.);
#673=VECTOR('',#2444,1.);
#674=VECTOR('',#2445,1.);
#675=VECTOR('',#2446,1.);
#676=VECTOR('',#2447,1.);
#677=VECTOR('',#2448,1.);
#678=VECTOR('',#2449,1.);
#679=VECTOR('',#2450,1.);
#680=VECTOR('',#2453,1.);
#681=VECTOR('',#2454,1.);
#682=VECTOR('',#2455,1.);
#683=VECTOR('',#2458,1.);
#684=VECTOR('',#2459,1.);
#685=VECTOR('',#2460,1.);
#686=VECTOR('',#2463,1.);
#687=VECTOR('',#2464,1.);
#688=VECTOR('',#2471,1.);
#689=VECTOR('',#2472,1.);
#690=VECTOR('',#2475,1.);
#691=VECTOR('',#2476,1.);
#692=VECTOR('',#2479,1.);
#693=VECTOR('',#2480,1.);
#694=VECTOR('',#2481,1.);
#695=VECTOR('',#2484,1.);
#696=VECTOR('',#2485,1.);
#697=VECTOR('',#2492,1.);
#698=VECTOR('',#2493,1.);
#699=VECTOR('',#2494,1.);
#700=VECTOR('',#2497,1.);
#701=VECTOR('',#2498,1.);
#702=VECTOR('',#2505,1.);
#703=VECTOR('',#2506,1.);
#704=VECTOR('',#2507,1.);
#705=VECTOR('',#2510,1.);
#706=VECTOR('',#2511,1.);
#707=VECTOR('',#2514,1.);
#708=VECTOR('',#2515,1.);
#709=VECTOR('',#2518,1.);
#710=VECTOR('',#2519,1.);
#711=VECTOR('',#2522,1.);
#712=VECTOR('',#2523,1.);
#713=VECTOR('',#2524,1.);
#714=VECTOR('',#2527,1.);
#715=VECTOR('',#2528,1.);
#716=VECTOR('',#2531,1.);
#717=VECTOR('',#2532,1.);
#718=VECTOR('',#2535,1.);
#719=VECTOR('',#2542,1.);
#720=VECTOR('',#2543,1.);
#721=VECTOR('',#2544,1.);
#722=VECTOR('',#2547,1.);
#723=VECTOR('',#2548,1.);
#724=VECTOR('',#2551,1.);
#725=VECTOR('',#2552,1.);
#726=VECTOR('',#2555,1.);
#727=VECTOR('',#2556,1.);
#728=VECTOR('',#2559,1.);
#729=VECTOR('',#2562,1.);
#730=VECTOR('',#2563,1.);
#731=VECTOR('',#2564,1.);
#732=VECTOR('',#2565,1.);
#733=VECTOR('',#2568,1.);
#734=VECTOR('',#2569,1.);
#735=VECTOR('',#2572,1.);
#736=VECTOR('',#2575,1.);
#737=VECTOR('',#2580,1.);
#738=VECTOR('',#2581,1.);
#739=VECTOR('',#2582,1.);
#740=VECTOR('',#2585,1.);
#741=VECTOR('',#2586,1.);
#742=VECTOR('',#2587,1.);
#743=VECTOR('',#2590,1.);
#744=VECTOR('',#2591,1.);
#745=VECTOR('',#2598,1.);
#746=VECTOR('',#2599,1.);
#747=VECTOR('',#2600,1.);
#748=VECTOR('',#2603,1.);
#749=VECTOR('',#2604,1.);
#750=VECTOR('',#2605,1.);
#751=VECTOR('',#2608,1.);
#752=VECTOR('',#2609,1.);
#753=VECTOR('',#2618,1.);
#754=VECTOR('',#2619,1.);
#755=VECTOR('',#2622,1.);
#756=VECTOR('',#2623,1.);
#757=VECTOR('',#2624,1.);
#758=VECTOR('',#2641,1.);
#759=VECTOR('',#2642,1.);
#760=VECTOR('',#2643,1.);
#761=VECTOR('',#2646,1.);
#762=VECTOR('',#2647,1.);
#763=VECTOR('',#2648,1.);
#764=VECTOR('',#2651,1.);
#765=VECTOR('',#2652,1.);
#766=VECTOR('',#2653,1.);
#767=VECTOR('',#2656,1.);
#768=VECTOR('',#2657,1.);
#769=VECTOR('',#2658,1.);
#770=VECTOR('',#2665,1.);
#771=VECTOR('',#2668,1.);
#772=VECTOR('',#2671,1.);
#773=VECTOR('',#2674,1.);
#774=VECTOR('',#2677,1.);
#775=VECTOR('',#2680,1.);
#776=VECTOR('',#2681,1.);
#777=VECTOR('',#2684,1.);
#778=VECTOR('',#2685,1.);
#779=VECTOR('',#2686,1.);
#780=VECTOR('',#2689,1.);
#781=VECTOR('',#2692,1.);
#782=VECTOR('',#2705,1.);
#783=VECTOR('',#2706,1.);
#784=VECTOR('',#2707,1.);
#785=VECTOR('',#2710,1.);
#786=VECTOR('',#2711,1.);
#787=VECTOR('',#2712,1.);
#788=VECTOR('',#2715,1.);
#789=VECTOR('',#2716,1.);
#790=VECTOR('',#2717,1.);
#791=VECTOR('',#2720,1.);
#792=VECTOR('',#2721,1.);
#793=VECTOR('',#2722,1.);
#794=VECTOR('',#2729,1.);
#795=VECTOR('',#2732,1.);
#796=VECTOR('',#2735,1.);
#797=VECTOR('',#2738,1.);
#798=VECTOR('',#2741,1.);
#799=VECTOR('',#2744,1.);
#800=VECTOR('',#2745,1.);
#801=VECTOR('',#2748,1.);
#802=VECTOR('',#2749,1.);
#803=VECTOR('',#2750,1.);
#804=VECTOR('',#2753,1.);
#805=VECTOR('',#2756,1.);
#806=VERTEX_POINT('',#2769);
#807=VERTEX_POINT('',#2770);
#808=VERTEX_POINT('',#2772);
#809=VERTEX_POINT('',#2774);
#810=VERTEX_POINT('',#2778);
#811=VERTEX_POINT('',#2779);
#812=VERTEX_POINT('',#2781);
#813=VERTEX_POINT('',#2783);
#814=VERTEX_POINT('',#2785);
#815=VERTEX_POINT('',#2787);
#816=VERTEX_POINT('',#2789);
#817=VERTEX_POINT('',#2791);
#818=VERTEX_POINT('',#2793);
#819=VERTEX_POINT('',#2795);
#820=VERTEX_POINT('',#2799);
#821=VERTEX_POINT('',#2800);
#822=VERTEX_POINT('',#2802);
#823=VERTEX_POINT('',#2804);
#824=VERTEX_POINT('',#2806);
#825=VERTEX_POINT('',#2808);
#826=VERTEX_POINT('',#2810);
#827=VERTEX_POINT('',#2812);
#828=VERTEX_POINT('',#2814);
#829=VERTEX_POINT('',#2816);
#830=VERTEX_POINT('',#2820);
#831=VERTEX_POINT('',#2821);
#832=VERTEX_POINT('',#2823);
#833=VERTEX_POINT('',#2825);
#834=VERTEX_POINT('',#2829);
#835=VERTEX_POINT('',#2830);
#836=VERTEX_POINT('',#2832);
#837=VERTEX_POINT('',#2834);
#838=VERTEX_POINT('',#2838);
#839=VERTEX_POINT('',#2839);
#840=VERTEX_POINT('',#2841);
#841=VERTEX_POINT('',#2843);
#842=VERTEX_POINT('',#2845);
#843=VERTEX_POINT('',#2847);
#844=VERTEX_POINT('',#2849);
#845=VERTEX_POINT('',#2851);
#846=VERTEX_POINT('',#2853);
#847=VERTEX_POINT('',#2855);
#848=VERTEX_POINT('',#2859);
#849=VERTEX_POINT('',#2860);
#850=VERTEX_POINT('',#2862);
#851=VERTEX_POINT('',#2864);
#852=VERTEX_POINT('',#2866);
#853=VERTEX_POINT('',#2868);
#854=VERTEX_POINT('',#2870);
#855=VERTEX_POINT('',#2872);
#856=VERTEX_POINT('',#2874);
#857=VERTEX_POINT('',#2876);
#858=VERTEX_POINT('',#2880);
#859=VERTEX_POINT('',#2881);
#860=VERTEX_POINT('',#2883);
#861=VERTEX_POINT('',#2885);
#862=VERTEX_POINT('',#2889);
#863=VERTEX_POINT('',#2890);
#864=VERTEX_POINT('',#2892);
#865=VERTEX_POINT('',#2894);
#866=VERTEX_POINT('',#2896);
#867=VERTEX_POINT('',#2898);
#868=VERTEX_POINT('',#2900);
#869=VERTEX_POINT('',#2902);
#870=VERTEX_POINT('',#2910);
#871=VERTEX_POINT('',#2911);
#872=VERTEX_POINT('',#2913);
#873=VERTEX_POINT('',#2915);
#874=VERTEX_POINT('',#2918);
#875=VERTEX_POINT('',#2919);
#876=VERTEX_POINT('',#2921);
#877=VERTEX_POINT('',#2923);
#878=VERTEX_POINT('',#2927);
#879=VERTEX_POINT('',#2928);
#880=VERTEX_POINT('',#2930);
#881=VERTEX_POINT('',#2934);
#882=VERTEX_POINT('',#2936);
#883=VERTEX_POINT('',#2940);
#884=VERTEX_POINT('',#2946);
#885=VERTEX_POINT('',#2947);
#886=VERTEX_POINT('',#2949);
#887=VERTEX_POINT('',#2952);
#888=VERTEX_POINT('',#2954);
#889=VERTEX_POINT('',#2956);
#890=VERTEX_POINT('',#2958);
#891=VERTEX_POINT('',#2960);
#892=VERTEX_POINT('',#2964);
#893=VERTEX_POINT('',#2965);
#894=VERTEX_POINT('',#2967);
#895=VERTEX_POINT('',#2972);
#896=VERTEX_POINT('',#2973);
#897=VERTEX_POINT('',#2975);
#898=VERTEX_POINT('',#2977);
#899=VERTEX_POINT('',#2979);
#900=VERTEX_POINT('',#2982);
#901=VERTEX_POINT('',#2984);
#902=VERTEX_POINT('',#2986);
#903=VERTEX_POINT('',#2988);
#904=VERTEX_POINT('',#2990);
#905=VERTEX_POINT('',#2993);
#906=VERTEX_POINT('',#2994);
#907=VERTEX_POINT('',#2996);
#908=VERTEX_POINT('',#2998);
#909=VERTEX_POINT('',#3001);
#910=VERTEX_POINT('',#3002);
#911=VERTEX_POINT('',#3004);
#912=VERTEX_POINT('',#3006);
#913=VERTEX_POINT('',#3010);
#914=VERTEX_POINT('',#3011);
#915=VERTEX_POINT('',#3013);
#916=VERTEX_POINT('',#3015);
#917=VERTEX_POINT('',#3019);
#918=VERTEX_POINT('',#3020);
#919=VERTEX_POINT('',#3026);
#920=VERTEX_POINT('',#3029);
#921=VERTEX_POINT('',#3032);
#922=VERTEX_POINT('',#3033);
#923=VERTEX_POINT('',#3035);
#924=VERTEX_POINT('',#3037);
#925=VERTEX_POINT('',#3040);
#926=VERTEX_POINT('',#3041);
#927=VERTEX_POINT('',#3043);
#928=VERTEX_POINT('',#3045);
#929=VERTEX_POINT('',#3047);
#930=VERTEX_POINT('',#3052);
#931=VERTEX_POINT('',#3053);
#932=VERTEX_POINT('',#3055);
#933=VERTEX_POINT('',#3057);
#934=VERTEX_POINT('',#3062);
#935=VERTEX_POINT('',#3064);
#936=VERTEX_POINT('',#3066);
#937=VERTEX_POINT('',#3068);
#938=VERTEX_POINT('',#3073);
#939=VERTEX_POINT('',#3075);
#940=VERTEX_POINT('',#3079);
#941=VERTEX_POINT('',#3081);
#942=VERTEX_POINT('',#3096);
#943=VERTEX_POINT('',#3098);
#944=VERTEX_POINT('',#3107);
#945=VERTEX_POINT('',#3109);
#946=VERTEX_POINT('',#3118);
#947=VERTEX_POINT('',#3120);
#948=VERTEX_POINT('',#3127);
#949=VERTEX_POINT('',#3134);
#950=VERTEX_POINT('',#3136);
#951=VERTEX_POINT('',#3140);
#952=VERTEX_POINT('',#3151);
#953=VERTEX_POINT('',#3153);
#954=VERTEX_POINT('',#3157);
#955=VERTEX_POINT('',#3161);
#956=VERTEX_POINT('',#3165);
#957=VERTEX_POINT('',#3171);
#958=VERTEX_POINT('',#3172);
#959=VERTEX_POINT('',#3174);
#960=VERTEX_POINT('',#3176);
#961=VERTEX_POINT('',#3188);
#962=VERTEX_POINT('',#3190);
#963=VERTEX_POINT('',#3194);
#964=VERTEX_POINT('',#3196);
#965=VERTEX_POINT('',#3205);
#966=VERTEX_POINT('',#3207);
#967=VERTEX_POINT('',#3211);
#968=VERTEX_POINT('',#3213);
#969=VERTEX_POINT('',#3223);
#970=VERTEX_POINT('',#3238);
#971=VERTEX_POINT('',#3239);
#972=VERTEX_POINT('',#3244);
#973=VERTEX_POINT('',#3246);
#974=VERTEX_POINT('',#3286);
#975=VERTEX_POINT('',#3288);
#976=VERTEX_POINT('',#3292);
#977=VERTEX_POINT('',#3293);
#978=EDGE_CURVE('',#806,#807,#300,.T.);
#979=EDGE_CURVE('',#806,#808,#301,.T.);
#980=EDGE_CURVE('',#808,#809,#302,.T.);
#981=EDGE_CURVE('',#807,#809,#303,.T.);
#982=EDGE_CURVE('',#810,#811,#35,.T.);
#983=EDGE_CURVE('',#811,#812,#304,.T.);
#984=EDGE_CURVE('',#812,#813,#36,.T.);
#985=EDGE_CURVE('',#813,#814,#37,.T.);
#986=EDGE_CURVE('',#814,#815,#38,.T.);
#987=EDGE_CURVE('',#815,#816,#305,.T.);
#988=EDGE_CURVE('',#817,#816,#306,.T.);
#989=EDGE_CURVE('',#817,#818,#307,.T.);
#990=EDGE_CURVE('',#818,#819,#39,.T.);
#991=EDGE_CURVE('',#819,#810,#40,.T.);
#992=EDGE_CURVE('',#820,#821,#308,.T.);
#993=EDGE_CURVE('',#822,#820,#41,.T.);
#994=EDGE_CURVE('',#823,#822,#42,.T.);
#995=EDGE_CURVE('',#824,#823,#43,.T.);
#996=EDGE_CURVE('',#825,#824,#309,.T.);
#997=EDGE_CURVE('',#825,#826,#310,.T.);
#998=EDGE_CURVE('',#827,#826,#311,.T.);
#999=EDGE_CURVE('',#828,#827,#44,.T.);
#1000=EDGE_CURVE('',#829,#828,#45,.T.);
#1001=EDGE_CURVE('',#821,#829,#46,.T.);
#1002=EDGE_CURVE('',#830,#831,#312,.T.);
#1003=EDGE_CURVE('',#831,#832,#313,.T.);
#1004=EDGE_CURVE('',#833,#832,#314,.T.);
#1005=EDGE_CURVE('',#830,#833,#315,.T.);
#1006=EDGE_CURVE('',#834,#835,#316,.T.);
#1007=EDGE_CURVE('',#835,#836,#317,.T.);
#1008=EDGE_CURVE('',#837,#836,#318,.T.);
#1009=EDGE_CURVE('',#834,#837,#319,.T.);
#1010=EDGE_CURVE('',#838,#839,#320,.T.);
#1011=EDGE_CURVE('',#838,#840,#47,.T.);
#1012=EDGE_CURVE('',#840,#841,#48,.T.);
#1013=EDGE_CURVE('',#841,#842,#49,.T.);
#1014=EDGE_CURVE('',#842,#843,#321,.T.);
#1015=EDGE_CURVE('',#843,#844,#322,.T.);
#1016=EDGE_CURVE('',#844,#845,#323,.T.);
#1017=EDGE_CURVE('',#845,#846,#50,.T.);
#1018=EDGE_CURVE('',#846,#847,#51,.T.);
#1019=EDGE_CURVE('',#847,#839,#52,.T.);
#1020=EDGE_CURVE('',#848,#849,#53,.T.);
#1021=EDGE_CURVE('',#848,#850,#324,.T.);
#1022=EDGE_CURVE('',#851,#850,#54,.T.);
#1023=EDGE_CURVE('',#852,#851,#55,.T.);
#1024=EDGE_CURVE('',#853,#852,#56,.T.);
#1025=EDGE_CURVE('',#854,#853,#325,.T.);
#1026=EDGE_CURVE('',#855,#854,#326,.T.);
#1027=EDGE_CURVE('',#856,#855,#327,.T.);
#1028=EDGE_CURVE('',#857,#856,#57,.T.);
#1029=EDGE_CURVE('',#849,#857,#58,.T.);
#1030=EDGE_CURVE('',#858,#859,#328,.T.);
#1031=EDGE_CURVE('',#858,#860,#329,.T.);
#1032=EDGE_CURVE('',#860,#861,#330,.T.);
#1033=EDGE_CURVE('',#859,#861,#331,.T.);
#1034=EDGE_CURVE('',#862,#863,#332,.T.);
#1035=EDGE_CURVE('',#862,#864,#333,.T.);
#1036=EDGE_CURVE('',#865,#864,#334,.T.);
#1037=EDGE_CURVE('',#866,#865,#335,.T.);
#1038=EDGE_CURVE('',#867,#866,#336,.T.);
#1039=EDGE_CURVE('',#868,#867,#337,.T.);
#1040=EDGE_CURVE('',#868,#869,#338,.T.);
#1041=EDGE_CURVE('',#863,#869,#339,.T.);
#1042=EDGE_CURVE('',#855,#843,#340,.T.);
#1043=EDGE_CURVE('',#844,#854,#341,.T.);
#1044=EDGE_CURVE('',#817,#825,#342,.T.);
#1045=EDGE_CURVE('',#826,#816,#343,.T.);
#1046=EDGE_CURVE('',#870,#871,#344,.T.);
#1047=EDGE_CURVE('',#872,#870,#345,.T.);
#1048=EDGE_CURVE('',#873,#872,#346,.T.);
#1049=EDGE_CURVE('',#871,#873,#347,.T.);
#1050=EDGE_CURVE('',#874,#875,#348,.T.);
#1051=EDGE_CURVE('',#875,#876,#349,.T.);
#1052=EDGE_CURVE('',#876,#877,#350,.T.);
#1053=EDGE_CURVE('',#874,#877,#351,.T.);
#1054=EDGE_CURVE('',#878,#879,#352,.T.);
#1055=EDGE_CURVE('',#879,#880,#353,.T.);
#1056=EDGE_CURVE('',#880,#878,#354,.T.);
#1057=EDGE_CURVE('',#881,#878,#355,.T.);
#1058=EDGE_CURVE('',#878,#882,#356,.T.);
#1059=EDGE_CURVE('',#881,#882,#357,.T.);
#1060=EDGE_CURVE('',#883,#879,#358,.T.);
#1061=EDGE_CURVE('',#879,#881,#359,.T.);
#1062=EDGE_CURVE('',#881,#862,#360,.T.);
#1063=EDGE_CURVE('',#863,#883,#361,.T.);
#1064=EDGE_CURVE('',#884,#885,#362,.T.);
#1065=EDGE_CURVE('',#884,#886,#363,.T.);
#1066=EDGE_CURVE('',#886,#867,#364,.T.);
#1067=EDGE_CURVE('',#866,#887,#365,.T.);
#1068=EDGE_CURVE('',#887,#888,#366,.T.);
#1069=EDGE_CURVE('',#888,#889,#367,.T.);
#1070=EDGE_CURVE('',#889,#890,#368,.T.);
#1071=EDGE_CURVE('',#890,#891,#369,.T.);
#1072=EDGE_CURVE('',#891,#885,#370,.T.);
#1073=EDGE_CURVE('',#892,#893,#371,.T.);
#1074=EDGE_CURVE('',#894,#892,#372,.T.);
#1075=EDGE_CURVE('',#869,#894,#373,.T.);
#1076=EDGE_CURVE('',#893,#868,#374,.T.);
#1077=EDGE_CURVE('',#895,#896,#375,.T.);
#1078=EDGE_CURVE('',#896,#897,#376,.T.);
#1079=EDGE_CURVE('',#897,#898,#377,.T.);
#1080=EDGE_CURVE('',#898,#899,#378,.T.);
#1081=EDGE_CURVE('',#899,#863,#379,.T.);
#1082=EDGE_CURVE('',#869,#900,#380,.T.);
#1083=EDGE_CURVE('',#901,#900,#381,.T.);
#1084=EDGE_CURVE('',#902,#901,#382,.T.);
#1085=EDGE_CURVE('',#902,#903,#383,.T.);
#1086=EDGE_CURVE('',#903,#904,#384,.T.);
#1087=EDGE_CURVE('',#895,#904,#385,.T.);
#1088=EDGE_CURVE('',#905,#906,#386,.T.);
#1089=EDGE_CURVE('',#907,#905,#387,.T.);
#1090=EDGE_CURVE('',#907,#908,#388,.T.);
#1091=EDGE_CURVE('',#908,#906,#389,.T.);
#1092=EDGE_CURVE('',#909,#910,#390,.T.);
#1093=EDGE_CURVE('',#911,#909,#391,.T.);
#1094=EDGE_CURVE('',#911,#912,#392,.T.);
#1095=EDGE_CURVE('',#912,#910,#393,.T.);
#1096=EDGE_CURVE('',#913,#914,#394,.T.);
#1097=EDGE_CURVE('',#914,#915,#395,.T.);
#1098=EDGE_CURVE('',#916,#915,#396,.T.);
#1099=EDGE_CURVE('',#916,#913,#397,.T.);
#1100=EDGE_CURVE('',#917,#918,#398,.T.);
#1101=EDGE_CURVE('',#918,#888,#399,.T.);
#1102=EDGE_CURVE('',#887,#917,#400,.T.);
#1103=EDGE_CURVE('',#917,#916,#401,.T.);
#1104=EDGE_CURVE('',#915,#919,#402,.T.);
#1105=EDGE_CURVE('',#919,#895,#403,.T.);
#1106=EDGE_CURVE('',#920,#904,#404,.T.);
#1107=EDGE_CURVE('',#918,#920,#405,.T.);
#1108=EDGE_CURVE('',#921,#922,#406,.T.);
#1109=EDGE_CURVE('',#923,#921,#407,.T.);
#1110=EDGE_CURVE('',#924,#923,#408,.T.);
#1111=EDGE_CURVE('',#922,#924,#409,.T.);
#1112=EDGE_CURVE('',#925,#926,#410,.T.);
#1113=EDGE_CURVE('',#927,#925,#411,.T.);
#1114=EDGE_CURVE('',#928,#927,#412,.T.);
#1115=EDGE_CURVE('',#929,#928,#413,.T.);
#1116=EDGE_CURVE('',#926,#929,#414,.T.);
#1117=EDGE_CURVE('',#865,#913,#415,.T.);
#1118=EDGE_CURVE('',#930,#931,#416,.T.);
#1119=EDGE_CURVE('',#931,#932,#417,.T.);
#1120=EDGE_CURVE('',#933,#932,#418,.T.);
#1121=EDGE_CURVE('',#930,#933,#419,.T.);
#1122=EDGE_CURVE('',#880,#882,#420,.T.);
#1123=EDGE_CURVE('',#880,#934,#421,.T.);
#1124=EDGE_CURVE('',#935,#934,#422,.T.);
#1125=EDGE_CURVE('',#935,#936,#423,.T.);
#1126=EDGE_CURVE('',#937,#936,#424,.T.);
#1127=EDGE_CURVE('',#914,#937,#425,.T.);
#1128=EDGE_CURVE('',#882,#864,#426,.T.);
#1129=EDGE_CURVE('',#938,#931,#427,.T.);
#1130=EDGE_CURVE('',#939,#930,#428,.T.);
#1131=EDGE_CURVE('',#939,#938,#429,.T.);
#1132=EDGE_CURVE('',#932,#940,#430,.T.);
#1133=EDGE_CURVE('',#941,#940,#431,.T.);
#1134=EDGE_CURVE('',#933,#941,#432,.T.);
#1135=EDGE_CURVE('',#940,#938,#433,.T.);
#1136=EDGE_CURVE('',#941,#939,#434,.T.);
#1137=EDGE_CURVE('',#936,#896,#435,.T.);
#1138=EDGE_CURVE('',#937,#919,#436,.T.);
#1139=EDGE_CURVE('',#903,#890,#437,.T.);
#1140=EDGE_CURVE('',#920,#889,#438,.T.);
#1141=EDGE_CURVE('',#920,#942,#439,.T.);
#1142=EDGE_CURVE('',#942,#943,#440,.T.);
#1143=EDGE_CURVE('',#918,#943,#441,.T.);
#1144=EDGE_CURVE('',#942,#889,#442,.T.);
#1145=EDGE_CURVE('',#943,#888,#443,.T.);
#1146=EDGE_CURVE('',#944,#919,#444,.T.);
#1147=EDGE_CURVE('',#945,#915,#445,.T.);
#1148=EDGE_CURVE('',#944,#945,#446,.T.);
#1149=EDGE_CURVE('',#937,#944,#447,.T.);
#1150=EDGE_CURVE('',#914,#945,#448,.T.);
#1151=EDGE_CURVE('',#901,#946,#449,.T.);
#1152=EDGE_CURVE('',#947,#946,#450,.T.);
#1153=EDGE_CURVE('',#902,#947,#451,.T.);
#1154=EDGE_CURVE('',#891,#902,#452,.T.);
#1155=EDGE_CURVE('',#885,#947,#453,.T.);
#1156=EDGE_CURVE('',#900,#948,#454,.T.);
#1157=EDGE_CURVE('',#946,#948,#455,.T.);
#1158=EDGE_CURVE('',#894,#948,#456,.T.);
#1159=EDGE_CURVE('',#892,#884,#457,.T.);
#1160=EDGE_CURVE('',#898,#949,#458,.T.);
#1161=EDGE_CURVE('',#949,#950,#459,.T.);
#1162=EDGE_CURVE('',#899,#950,#460,.T.);
#1163=EDGE_CURVE('',#897,#951,#461,.T.);
#1164=EDGE_CURVE('',#951,#949,#462,.T.);
#1165=EDGE_CURVE('',#897,#935,#463,.T.);
#1166=EDGE_CURVE('',#934,#951,#464,.T.);
#1167=EDGE_CURVE('',#883,#950,#465,.T.);
#1168=EDGE_CURVE('',#926,#952,#466,.T.);
#1169=EDGE_CURVE('',#952,#953,#467,.T.);
#1170=EDGE_CURVE('',#925,#953,#468,.T.);
#1171=EDGE_CURVE('',#929,#954,#469,.T.);
#1172=EDGE_CURVE('',#954,#952,#470,.T.);
#1173=EDGE_CURVE('',#928,#955,#471,.T.);
#1174=EDGE_CURVE('',#955,#954,#472,.T.);
#1175=EDGE_CURVE('',#927,#956,#473,.T.);
#1176=EDGE_CURVE('',#956,#955,#474,.T.);
#1177=EDGE_CURVE('',#953,#956,#475,.T.);
#1178=EDGE_CURVE('',#957,#958,#476,.T.);
#1179=EDGE_CURVE('',#957,#959,#477,.T.);
#1180=EDGE_CURVE('',#959,#960,#478,.T.);
#1181=EDGE_CURVE('',#960,#958,#479,.T.);
#1182=EDGE_CURVE('',#922,#870,#480,.T.);
#1183=EDGE_CURVE('',#921,#871,#481,.T.);
#1184=EDGE_CURVE('',#924,#872,#482,.T.);
#1185=EDGE_CURVE('',#923,#873,#483,.T.);
#1186=EDGE_CURVE('',#961,#911,#484,.T.);
#1187=EDGE_CURVE('',#962,#909,#485,.T.);
#1188=EDGE_CURVE('',#961,#962,#486,.T.);
#1189=EDGE_CURVE('',#963,#961,#487,.T.);
#1190=EDGE_CURVE('',#964,#962,#488,.T.);
#1191=EDGE_CURVE('',#963,#964,#489,.T.);
#1192=EDGE_CURVE('',#912,#963,#490,.T.);
#1193=EDGE_CURVE('',#910,#964,#491,.T.);
#1194=EDGE_CURVE('',#965,#907,#492,.T.);
#1195=EDGE_CURVE('',#966,#905,#493,.T.);
#1196=EDGE_CURVE('',#965,#966,#494,.T.);
#1197=EDGE_CURVE('',#967,#965,#495,.T.);
#1198=EDGE_CURVE('',#968,#966,#496,.T.);
#1199=EDGE_CURVE('',#967,#968,#497,.T.);
#1200=EDGE_CURVE('',#908,#967,#498,.T.);
#1201=EDGE_CURVE('',#906,#968,#499,.T.);
#1202=EDGE_CURVE('',#969,#892,#500,.T.);
#1203=EDGE_CURVE('',#884,#969,#501,.T.);
#1204=EDGE_CURVE('',#893,#969,#502,.T.);
#1205=EDGE_CURVE('',#893,#886,#503,.T.);
#1206=EDGE_CURVE('',#969,#886,#504,.T.);
#1207=EDGE_CURVE('',#970,#971,#505,.T.);
#1208=EDGE_CURVE('',#971,#835,#506,.T.);
#1209=EDGE_CURVE('',#834,#970,#507,.T.);
#1210=EDGE_CURVE('',#836,#972,#508,.T.);
#1211=EDGE_CURVE('',#973,#972,#509,.T.);
#1212=EDGE_CURVE('',#973,#837,#510,.T.);
#1213=EDGE_CURVE('',#875,#970,#511,.T.);
#1214=EDGE_CURVE('',#970,#973,#512,.T.);
#1215=EDGE_CURVE('',#973,#876,#513,.T.);
#1216=EDGE_CURVE('',#971,#972,#514,.T.);
#1217=EDGE_CURVE('',#874,#971,#515,.T.);
#1218=EDGE_CURVE('',#972,#877,#516,.T.);
#1219=EDGE_CURVE('',#845,#853,#517,.T.);
#1220=EDGE_CURVE('',#842,#856,#518,.T.);
#1221=EDGE_CURVE('',#846,#852,#519,.T.);
#1222=EDGE_CURVE('',#847,#851,#520,.T.);
#1223=EDGE_CURVE('',#839,#850,#521,.T.);
#1224=EDGE_CURVE('',#860,#839,#522,.T.);
#1225=EDGE_CURVE('',#850,#861,#523,.T.);
#1226=EDGE_CURVE('',#838,#848,#524,.T.);
#1227=EDGE_CURVE('',#838,#858,#525,.T.);
#1228=EDGE_CURVE('',#859,#848,#526,.T.);
#1229=EDGE_CURVE('',#840,#849,#527,.T.);
#1230=EDGE_CURVE('',#841,#857,#528,.T.);
#1231=EDGE_CURVE('',#808,#974,#529,.T.);
#1232=EDGE_CURVE('',#974,#975,#530,.T.);
#1233=EDGE_CURVE('',#975,#809,#531,.T.);
#1234=EDGE_CURVE('',#976,#977,#532,.T.);
#1235=EDGE_CURVE('',#976,#806,#533,.T.);
#1236=EDGE_CURVE('',#807,#977,#534,.T.);
#1237=EDGE_CURVE('',#976,#974,#535,.T.);
#1238=EDGE_CURVE('',#976,#957,#536,.T.);
#1239=EDGE_CURVE('',#958,#974,#537,.T.);
#1240=EDGE_CURVE('',#977,#959,#538,.T.);
#1241=EDGE_CURVE('',#977,#975,#539,.T.);
#1242=EDGE_CURVE('',#960,#975,#540,.T.);
#1243=EDGE_CURVE('',#818,#824,#541,.T.);
#1244=EDGE_CURVE('',#815,#827,#542,.T.);
#1245=EDGE_CURVE('',#819,#823,#543,.T.);
#1246=EDGE_CURVE('',#810,#822,#544,.T.);
#1247=EDGE_CURVE('',#811,#820,#545,.T.);
#1248=EDGE_CURVE('',#820,#831,#546,.T.);
#1249=EDGE_CURVE('',#830,#811,#547,.T.);
#1250=EDGE_CURVE('',#832,#821,#548,.T.);
#1251=EDGE_CURVE('',#812,#821,#549,.T.);
#1252=EDGE_CURVE('',#812,#833,#550,.T.);
#1253=EDGE_CURVE('',#813,#829,#551,.T.);
#1254=EDGE_CURVE('',#814,#828,#552,.T.);
#1255=ORIENTED_EDGE('',*,*,#978,.F.);
#1256=ORIENTED_EDGE('',*,*,#979,.T.);
#1257=ORIENTED_EDGE('',*,*,#980,.T.);
#1258=ORIENTED_EDGE('',*,*,#981,.F.);
#1259=ORIENTED_EDGE('',*,*,#982,.T.);
#1260=ORIENTED_EDGE('',*,*,#983,.T.);
#1261=ORIENTED_EDGE('',*,*,#984,.T.);
#1262=ORIENTED_EDGE('',*,*,#985,.T.);
#1263=ORIENTED_EDGE('',*,*,#986,.T.);
#1264=ORIENTED_EDGE('',*,*,#987,.T.);
#1265=ORIENTED_EDGE('',*,*,#988,.F.);
#1266=ORIENTED_EDGE('',*,*,#989,.T.);
#1267=ORIENTED_EDGE('',*,*,#990,.T.);
#1268=ORIENTED_EDGE('',*,*,#991,.T.);
#1269=ORIENTED_EDGE('',*,*,#992,.F.);
#1270=ORIENTED_EDGE('',*,*,#993,.F.);
#1271=ORIENTED_EDGE('',*,*,#994,.F.);
#1272=ORIENTED_EDGE('',*,*,#995,.F.);
#1273=ORIENTED_EDGE('',*,*,#996,.F.);
#1274=ORIENTED_EDGE('',*,*,#997,.T.);
#1275=ORIENTED_EDGE('',*,*,#998,.F.);
#1276=ORIENTED_EDGE('',*,*,#999,.F.);
#1277=ORIENTED_EDGE('',*,*,#1000,.F.);
#1278=ORIENTED_EDGE('',*,*,#1001,.F.);
#1279=ORIENTED_EDGE('',*,*,#1002,.T.);
#1280=ORIENTED_EDGE('',*,*,#1003,.T.);
#1281=ORIENTED_EDGE('',*,*,#1004,.F.);
#1282=ORIENTED_EDGE('',*,*,#1005,.F.);
#1283=ORIENTED_EDGE('',*,*,#1006,.T.);
#1284=ORIENTED_EDGE('',*,*,#1007,.T.);
#1285=ORIENTED_EDGE('',*,*,#1008,.F.);
#1286=ORIENTED_EDGE('',*,*,#1009,.F.);
#1287=ORIENTED_EDGE('',*,*,#1010,.F.);
#1288=ORIENTED_EDGE('',*,*,#1011,.T.);
#1289=ORIENTED_EDGE('',*,*,#1012,.T.);
#1290=ORIENTED_EDGE('',*,*,#1013,.T.);
#1291=ORIENTED_EDGE('',*,*,#1014,.T.);
#1292=ORIENTED_EDGE('',*,*,#1015,.T.);
#1293=ORIENTED_EDGE('',*,*,#1016,.T.);
#1294=ORIENTED_EDGE('',*,*,#1017,.T.);
#1295=ORIENTED_EDGE('',*,*,#1018,.T.);
#1296=ORIENTED_EDGE('',*,*,#1019,.T.);
#1297=ORIENTED_EDGE('',*,*,#1020,.F.);
#1298=ORIENTED_EDGE('',*,*,#1021,.T.);
#1299=ORIENTED_EDGE('',*,*,#1022,.F.);
#1300=ORIENTED_EDGE('',*,*,#1023,.F.);
#1301=ORIENTED_EDGE('',*,*,#1024,.F.);
#1302=ORIENTED_EDGE('',*,*,#1025,.F.);
#1303=ORIENTED_EDGE('',*,*,#1026,.F.);
#1304=ORIENTED_EDGE('',*,*,#1027,.F.);
#1305=ORIENTED_EDGE('',*,*,#1028,.F.);
#1306=ORIENTED_EDGE('',*,*,#1029,.F.);
#1307=ORIENTED_EDGE('',*,*,#1030,.F.);
#1308=ORIENTED_EDGE('',*,*,#1031,.T.);
#1309=ORIENTED_EDGE('',*,*,#1032,.T.);
#1310=ORIENTED_EDGE('',*,*,#1033,.F.);
#1311=ORIENTED_EDGE('',*,*,#1034,.F.);
#1312=ORIENTED_EDGE('',*,*,#1035,.T.);
#1313=ORIENTED_EDGE('',*,*,#1036,.F.);
#1314=ORIENTED_EDGE('',*,*,#1037,.F.);
#1315=ORIENTED_EDGE('',*,*,#1038,.F.);
#1316=ORIENTED_EDGE('',*,*,#1039,.F.);
#1317=ORIENTED_EDGE('',*,*,#1040,.T.);
#1318=ORIENTED_EDGE('',*,*,#1041,.F.);
#1319=ORIENTED_EDGE('',*,*,#1015,.F.);
#1320=ORIENTED_EDGE('',*,*,#1042,.F.);
#1321=ORIENTED_EDGE('',*,*,#1026,.T.);
#1322=ORIENTED_EDGE('',*,*,#1043,.F.);
#1323=ORIENTED_EDGE('',*,*,#1044,.F.);
#1324=ORIENTED_EDGE('',*,*,#988,.T.);
#1325=ORIENTED_EDGE('',*,*,#1045,.F.);
#1326=ORIENTED_EDGE('',*,*,#997,.F.);
#1327=ORIENTED_EDGE('',*,*,#1046,.F.);
#1328=ORIENTED_EDGE('',*,*,#1047,.F.);
#1329=ORIENTED_EDGE('',*,*,#1048,.F.);
#1330=ORIENTED_EDGE('',*,*,#1049,.F.);
#1331=ORIENTED_EDGE('',*,*,#1050,.T.);
#1332=ORIENTED_EDGE('',*,*,#1051,.T.);
#1333=ORIENTED_EDGE('',*,*,#1052,.T.);
#1334=ORIENTED_EDGE('',*,*,#1053,.F.);
#1335=ORIENTED_EDGE('',*,*,#1054,.T.);
#1336=ORIENTED_EDGE('',*,*,#1055,.T.);
#1337=ORIENTED_EDGE('',*,*,#1056,.T.);
#1338=ORIENTED_EDGE('',*,*,#1057,.T.);
#1339=ORIENTED_EDGE('',*,*,#1058,.T.);
#1340=ORIENTED_EDGE('',*,*,#1059,.F.);
#1341=ORIENTED_EDGE('',*,*,#1060,.T.);
#1342=ORIENTED_EDGE('',*,*,#1061,.T.);
#1343=ORIENTED_EDGE('',*,*,#1062,.T.);
#1344=ORIENTED_EDGE('',*,*,#1034,.T.);
#1345=ORIENTED_EDGE('',*,*,#1063,.T.);
#1346=ORIENTED_EDGE('',*,*,#1064,.F.);
#1347=ORIENTED_EDGE('',*,*,#1065,.T.);
#1348=ORIENTED_EDGE('',*,*,#1066,.T.);
#1349=ORIENTED_EDGE('',*,*,#1038,.T.);
#1350=ORIENTED_EDGE('',*,*,#1067,.T.);
#1351=ORIENTED_EDGE('',*,*,#1068,.T.);
#1352=ORIENTED_EDGE('',*,*,#1069,.T.);
#1353=ORIENTED_EDGE('',*,*,#1070,.T.);
#1354=ORIENTED_EDGE('',*,*,#1071,.T.);
#1355=ORIENTED_EDGE('',*,*,#1072,.T.);
#1356=ORIENTED_EDGE('',*,*,#1073,.F.);
#1357=ORIENTED_EDGE('',*,*,#1074,.F.);
#1358=ORIENTED_EDGE('',*,*,#1075,.F.);
#1359=ORIENTED_EDGE('',*,*,#1040,.F.);
#1360=ORIENTED_EDGE('',*,*,#1076,.F.);
#1361=ORIENTED_EDGE('',*,*,#1077,.T.);
#1362=ORIENTED_EDGE('',*,*,#1078,.T.);
#1363=ORIENTED_EDGE('',*,*,#1079,.T.);
#1364=ORIENTED_EDGE('',*,*,#1080,.T.);
#1365=ORIENTED_EDGE('',*,*,#1081,.T.);
#1366=ORIENTED_EDGE('',*,*,#1041,.T.);
#1367=ORIENTED_EDGE('',*,*,#1082,.T.);
#1368=ORIENTED_EDGE('',*,*,#1083,.F.);
#1369=ORIENTED_EDGE('',*,*,#1084,.F.);
#1370=ORIENTED_EDGE('',*,*,#1085,.T.);
#1371=ORIENTED_EDGE('',*,*,#1086,.T.);
#1372=ORIENTED_EDGE('',*,*,#1087,.F.);
#1373=ORIENTED_EDGE('',*,*,#1088,.F.);
#1374=ORIENTED_EDGE('',*,*,#1089,.F.);
#1375=ORIENTED_EDGE('',*,*,#1090,.T.);
#1376=ORIENTED_EDGE('',*,*,#1091,.T.);
#1377=ORIENTED_EDGE('',*,*,#1092,.F.);
#1378=ORIENTED_EDGE('',*,*,#1093,.F.);
#1379=ORIENTED_EDGE('',*,*,#1094,.T.);
#1380=ORIENTED_EDGE('',*,*,#1095,.T.);
#1381=ORIENTED_EDGE('',*,*,#1096,.T.);
#1382=ORIENTED_EDGE('',*,*,#1097,.T.);
#1383=ORIENTED_EDGE('',*,*,#1098,.F.);
#1384=ORIENTED_EDGE('',*,*,#1099,.T.);
#1385=ORIENTED_EDGE('',*,*,#1100,.T.);
#1386=ORIENTED_EDGE('',*,*,#1101,.T.);
#1387=ORIENTED_EDGE('',*,*,#1068,.F.);
#1388=ORIENTED_EDGE('',*,*,#1102,.T.);
#1389=ORIENTED_EDGE('',*,*,#1100,.F.);
#1390=ORIENTED_EDGE('',*,*,#1103,.T.);
#1391=ORIENTED_EDGE('',*,*,#1098,.T.);
#1392=ORIENTED_EDGE('',*,*,#1104,.T.);
#1393=ORIENTED_EDGE('',*,*,#1105,.T.);
#1394=ORIENTED_EDGE('',*,*,#1087,.T.);
#1395=ORIENTED_EDGE('',*,*,#1106,.F.);
#1396=ORIENTED_EDGE('',*,*,#1107,.F.);
#1397=ORIENTED_EDGE('',*,*,#1108,.F.);
#1398=ORIENTED_EDGE('',*,*,#1109,.F.);
#1399=ORIENTED_EDGE('',*,*,#1110,.F.);
#1400=ORIENTED_EDGE('',*,*,#1111,.F.);
#1401=ORIENTED_EDGE('',*,*,#1112,.F.);
#1402=ORIENTED_EDGE('',*,*,#1113,.F.);
#1403=ORIENTED_EDGE('',*,*,#1114,.F.);
#1404=ORIENTED_EDGE('',*,*,#1115,.F.);
#1405=ORIENTED_EDGE('',*,*,#1116,.F.);
#1406=ORIENTED_EDGE('',*,*,#1102,.F.);
#1407=ORIENTED_EDGE('',*,*,#1067,.F.);
#1408=ORIENTED_EDGE('',*,*,#1037,.T.);
#1409=ORIENTED_EDGE('',*,*,#1117,.T.);
#1410=ORIENTED_EDGE('',*,*,#1099,.F.);
#1411=ORIENTED_EDGE('',*,*,#1103,.F.);
#1412=ORIENTED_EDGE('',*,*,#1118,.T.);
#1413=ORIENTED_EDGE('',*,*,#1119,.T.);
#1414=ORIENTED_EDGE('',*,*,#1120,.F.);
#1415=ORIENTED_EDGE('',*,*,#1121,.F.);
#1416=ORIENTED_EDGE('',*,*,#1122,.F.);
#1417=ORIENTED_EDGE('',*,*,#1123,.T.);
#1418=ORIENTED_EDGE('',*,*,#1124,.F.);
#1419=ORIENTED_EDGE('',*,*,#1125,.T.);
#1420=ORIENTED_EDGE('',*,*,#1126,.F.);
#1421=ORIENTED_EDGE('',*,*,#1127,.F.);
#1422=ORIENTED_EDGE('',*,*,#1096,.F.);
#1423=ORIENTED_EDGE('',*,*,#1117,.F.);
#1424=ORIENTED_EDGE('',*,*,#1036,.T.);
#1425=ORIENTED_EDGE('',*,*,#1128,.F.);
#1426=ORIENTED_EDGE('',*,*,#1129,.T.);
#1427=ORIENTED_EDGE('',*,*,#1118,.F.);
#1428=ORIENTED_EDGE('',*,*,#1130,.F.);
#1429=ORIENTED_EDGE('',*,*,#1131,.T.);
#1430=ORIENTED_EDGE('',*,*,#1132,.T.);
#1431=ORIENTED_EDGE('',*,*,#1133,.F.);
#1432=ORIENTED_EDGE('',*,*,#1134,.F.);
#1433=ORIENTED_EDGE('',*,*,#1120,.T.);
#1434=ORIENTED_EDGE('',*,*,#1135,.T.);
#1435=ORIENTED_EDGE('',*,*,#1131,.F.);
#1436=ORIENTED_EDGE('',*,*,#1136,.F.);
#1437=ORIENTED_EDGE('',*,*,#1133,.T.);
#1438=ORIENTED_EDGE('',*,*,#1130,.T.);
#1439=ORIENTED_EDGE('',*,*,#1121,.T.);
#1440=ORIENTED_EDGE('',*,*,#1134,.T.);
#1441=ORIENTED_EDGE('',*,*,#1136,.T.);
#1442=ORIENTED_EDGE('',*,*,#1129,.F.);
#1443=ORIENTED_EDGE('',*,*,#1135,.F.);
#1444=ORIENTED_EDGE('',*,*,#1132,.F.);
#1445=ORIENTED_EDGE('',*,*,#1119,.F.);
#1446=ORIENTED_EDGE('',*,*,#1126,.T.);
#1447=ORIENTED_EDGE('',*,*,#1137,.T.);
#1448=ORIENTED_EDGE('',*,*,#1077,.F.);
#1449=ORIENTED_EDGE('',*,*,#1105,.F.);
#1450=ORIENTED_EDGE('',*,*,#1138,.F.);
#1451=ORIENTED_EDGE('',*,*,#1086,.F.);
#1452=ORIENTED_EDGE('',*,*,#1139,.T.);
#1453=ORIENTED_EDGE('',*,*,#1070,.F.);
#1454=ORIENTED_EDGE('',*,*,#1140,.F.);
#1455=ORIENTED_EDGE('',*,*,#1106,.T.);
#1456=ORIENTED_EDGE('',*,*,#1141,.T.);
#1457=ORIENTED_EDGE('',*,*,#1142,.T.);
#1458=ORIENTED_EDGE('',*,*,#1143,.F.);
#1459=ORIENTED_EDGE('',*,*,#1107,.T.);
#1460=ORIENTED_EDGE('',*,*,#1144,.T.);
#1461=ORIENTED_EDGE('',*,*,#1069,.F.);
#1462=ORIENTED_EDGE('',*,*,#1145,.F.);
#1463=ORIENTED_EDGE('',*,*,#1142,.F.);
#1464=ORIENTED_EDGE('',*,*,#1143,.T.);
#1465=ORIENTED_EDGE('',*,*,#1145,.T.);
#1466=ORIENTED_EDGE('',*,*,#1101,.F.);
#1467=ORIENTED_EDGE('',*,*,#1141,.F.);
#1468=ORIENTED_EDGE('',*,*,#1140,.T.);
#1469=ORIENTED_EDGE('',*,*,#1144,.F.);
#1470=ORIENTED_EDGE('',*,*,#1146,.T.);
#1471=ORIENTED_EDGE('',*,*,#1104,.F.);
#1472=ORIENTED_EDGE('',*,*,#1147,.F.);
#1473=ORIENTED_EDGE('',*,*,#1148,.F.);
#1474=ORIENTED_EDGE('',*,*,#1149,.T.);
#1475=ORIENTED_EDGE('',*,*,#1148,.T.);
#1476=ORIENTED_EDGE('',*,*,#1150,.F.);
#1477=ORIENTED_EDGE('',*,*,#1127,.T.);
#1478=ORIENTED_EDGE('',*,*,#1097,.F.);
#1479=ORIENTED_EDGE('',*,*,#1150,.T.);
#1480=ORIENTED_EDGE('',*,*,#1147,.T.);
#1481=ORIENTED_EDGE('',*,*,#1138,.T.);
#1482=ORIENTED_EDGE('',*,*,#1146,.F.);
#1483=ORIENTED_EDGE('',*,*,#1149,.F.);
#1484=ORIENTED_EDGE('',*,*,#1084,.T.);
#1485=ORIENTED_EDGE('',*,*,#1151,.T.);
#1486=ORIENTED_EDGE('',*,*,#1152,.F.);
#1487=ORIENTED_EDGE('',*,*,#1153,.F.);
#1488=ORIENTED_EDGE('',*,*,#1072,.F.);
#1489=ORIENTED_EDGE('',*,*,#1154,.T.);
#1490=ORIENTED_EDGE('',*,*,#1153,.T.);
#1491=ORIENTED_EDGE('',*,*,#1155,.F.);
#1492=ORIENTED_EDGE('',*,*,#1083,.T.);
#1493=ORIENTED_EDGE('',*,*,#1156,.T.);
#1494=ORIENTED_EDGE('',*,*,#1157,.F.);
#1495=ORIENTED_EDGE('',*,*,#1151,.F.);
#1496=ORIENTED_EDGE('',*,*,#1152,.T.);
#1497=ORIENTED_EDGE('',*,*,#1157,.T.);
#1498=ORIENTED_EDGE('',*,*,#1158,.F.);
#1499=ORIENTED_EDGE('',*,*,#1074,.T.);
#1500=ORIENTED_EDGE('',*,*,#1159,.T.);
#1501=ORIENTED_EDGE('',*,*,#1064,.T.);
#1502=ORIENTED_EDGE('',*,*,#1155,.T.);
#1503=ORIENTED_EDGE('',*,*,#1080,.F.);
#1504=ORIENTED_EDGE('',*,*,#1160,.T.);
#1505=ORIENTED_EDGE('',*,*,#1161,.T.);
#1506=ORIENTED_EDGE('',*,*,#1162,.F.);
#1507=ORIENTED_EDGE('',*,*,#1079,.F.);
#1508=ORIENTED_EDGE('',*,*,#1163,.T.);
#1509=ORIENTED_EDGE('',*,*,#1164,.T.);
#1510=ORIENTED_EDGE('',*,*,#1160,.F.);
#1511=ORIENTED_EDGE('',*,*,#1163,.F.);
#1512=ORIENTED_EDGE('',*,*,#1165,.T.);
#1513=ORIENTED_EDGE('',*,*,#1124,.T.);
#1514=ORIENTED_EDGE('',*,*,#1166,.T.);
#1515=ORIENTED_EDGE('',*,*,#1123,.F.);
#1516=ORIENTED_EDGE('',*,*,#1055,.F.);
#1517=ORIENTED_EDGE('',*,*,#1060,.F.);
#1518=ORIENTED_EDGE('',*,*,#1167,.T.);
#1519=ORIENTED_EDGE('',*,*,#1161,.F.);
#1520=ORIENTED_EDGE('',*,*,#1164,.F.);
#1521=ORIENTED_EDGE('',*,*,#1166,.F.);
#1522=ORIENTED_EDGE('',*,*,#1165,.F.);
#1523=ORIENTED_EDGE('',*,*,#1078,.F.);
#1524=ORIENTED_EDGE('',*,*,#1137,.F.);
#1525=ORIENTED_EDGE('',*,*,#1125,.F.);
#1526=ORIENTED_EDGE('',*,*,#1154,.F.);
#1527=ORIENTED_EDGE('',*,*,#1071,.F.);
#1528=ORIENTED_EDGE('',*,*,#1139,.F.);
#1529=ORIENTED_EDGE('',*,*,#1085,.F.);
#1530=ORIENTED_EDGE('',*,*,#1112,.T.);
#1531=ORIENTED_EDGE('',*,*,#1168,.T.);
#1532=ORIENTED_EDGE('',*,*,#1169,.T.);
#1533=ORIENTED_EDGE('',*,*,#1170,.F.);
#1534=ORIENTED_EDGE('',*,*,#1116,.T.);
#1535=ORIENTED_EDGE('',*,*,#1171,.T.);
#1536=ORIENTED_EDGE('',*,*,#1172,.T.);
#1537=ORIENTED_EDGE('',*,*,#1168,.F.);
#1538=ORIENTED_EDGE('',*,*,#1115,.T.);
#1539=ORIENTED_EDGE('',*,*,#1173,.T.);
#1540=ORIENTED_EDGE('',*,*,#1174,.T.);
#1541=ORIENTED_EDGE('',*,*,#1171,.F.);
#1542=ORIENTED_EDGE('',*,*,#1114,.T.);
#1543=ORIENTED_EDGE('',*,*,#1175,.T.);
#1544=ORIENTED_EDGE('',*,*,#1176,.T.);
#1545=ORIENTED_EDGE('',*,*,#1173,.F.);
#1546=ORIENTED_EDGE('',*,*,#1113,.T.);
#1547=ORIENTED_EDGE('',*,*,#1170,.T.);
#1548=ORIENTED_EDGE('',*,*,#1177,.T.);
#1549=ORIENTED_EDGE('',*,*,#1175,.F.);
#1550=ORIENTED_EDGE('',*,*,#1169,.F.);
#1551=ORIENTED_EDGE('',*,*,#1172,.F.);
#1552=ORIENTED_EDGE('',*,*,#1174,.F.);
#1553=ORIENTED_EDGE('',*,*,#1176,.F.);
#1554=ORIENTED_EDGE('',*,*,#1177,.F.);
#1555=ORIENTED_EDGE('',*,*,#1178,.F.);
#1556=ORIENTED_EDGE('',*,*,#1179,.T.);
#1557=ORIENTED_EDGE('',*,*,#1180,.T.);
#1558=ORIENTED_EDGE('',*,*,#1181,.T.);
#1559=ORIENTED_EDGE('',*,*,#1108,.T.);
#1560=ORIENTED_EDGE('',*,*,#1182,.T.);
#1561=ORIENTED_EDGE('',*,*,#1046,.T.);
#1562=ORIENTED_EDGE('',*,*,#1183,.F.);
#1563=ORIENTED_EDGE('',*,*,#1111,.T.);
#1564=ORIENTED_EDGE('',*,*,#1184,.T.);
#1565=ORIENTED_EDGE('',*,*,#1047,.T.);
#1566=ORIENTED_EDGE('',*,*,#1182,.F.);
#1567=ORIENTED_EDGE('',*,*,#1110,.T.);
#1568=ORIENTED_EDGE('',*,*,#1185,.T.);
#1569=ORIENTED_EDGE('',*,*,#1048,.T.);
#1570=ORIENTED_EDGE('',*,*,#1184,.F.);
#1571=ORIENTED_EDGE('',*,*,#1109,.T.);
#1572=ORIENTED_EDGE('',*,*,#1183,.T.);
#1573=ORIENTED_EDGE('',*,*,#1049,.T.);
#1574=ORIENTED_EDGE('',*,*,#1185,.F.);
#1575=ORIENTED_EDGE('',*,*,#1186,.T.);
#1576=ORIENTED_EDGE('',*,*,#1093,.T.);
#1577=ORIENTED_EDGE('',*,*,#1187,.F.);
#1578=ORIENTED_EDGE('',*,*,#1188,.F.);
#1579=ORIENTED_EDGE('',*,*,#1189,.T.);
#1580=ORIENTED_EDGE('',*,*,#1188,.T.);
#1581=ORIENTED_EDGE('',*,*,#1190,.F.);
#1582=ORIENTED_EDGE('',*,*,#1191,.F.);
#1583=ORIENTED_EDGE('',*,*,#1192,.T.);
#1584=ORIENTED_EDGE('',*,*,#1191,.T.);
#1585=ORIENTED_EDGE('',*,*,#1193,.F.);
#1586=ORIENTED_EDGE('',*,*,#1095,.F.);
#1587=ORIENTED_EDGE('',*,*,#1187,.T.);
#1588=ORIENTED_EDGE('',*,*,#1092,.T.);
#1589=ORIENTED_EDGE('',*,*,#1193,.T.);
#1590=ORIENTED_EDGE('',*,*,#1190,.T.);
#1591=ORIENTED_EDGE('',*,*,#1186,.F.);
#1592=ORIENTED_EDGE('',*,*,#1189,.F.);
#1593=ORIENTED_EDGE('',*,*,#1192,.F.);
#1594=ORIENTED_EDGE('',*,*,#1094,.F.);
#1595=ORIENTED_EDGE('',*,*,#1194,.T.);
#1596=ORIENTED_EDGE('',*,*,#1089,.T.);
#1597=ORIENTED_EDGE('',*,*,#1195,.F.);
#1598=ORIENTED_EDGE('',*,*,#1196,.F.);
#1599=ORIENTED_EDGE('',*,*,#1197,.T.);
#1600=ORIENTED_EDGE('',*,*,#1196,.T.);
#1601=ORIENTED_EDGE('',*,*,#1198,.F.);
#1602=ORIENTED_EDGE('',*,*,#1199,.F.);
#1603=ORIENTED_EDGE('',*,*,#1200,.T.);
#1604=ORIENTED_EDGE('',*,*,#1199,.T.);
#1605=ORIENTED_EDGE('',*,*,#1201,.F.);
#1606=ORIENTED_EDGE('',*,*,#1091,.F.);
#1607=ORIENTED_EDGE('',*,*,#1195,.T.);
#1608=ORIENTED_EDGE('',*,*,#1088,.T.);
#1609=ORIENTED_EDGE('',*,*,#1201,.T.);
#1610=ORIENTED_EDGE('',*,*,#1198,.T.);
#1611=ORIENTED_EDGE('',*,*,#1194,.F.);
#1612=ORIENTED_EDGE('',*,*,#1197,.F.);
#1613=ORIENTED_EDGE('',*,*,#1200,.F.);
#1614=ORIENTED_EDGE('',*,*,#1090,.F.);
#1615=ORIENTED_EDGE('',*,*,#1156,.F.);
#1616=ORIENTED_EDGE('',*,*,#1082,.F.);
#1617=ORIENTED_EDGE('',*,*,#1075,.T.);
#1618=ORIENTED_EDGE('',*,*,#1158,.T.);
#1619=ORIENTED_EDGE('',*,*,#1202,.F.);
#1620=ORIENTED_EDGE('',*,*,#1203,.F.);
#1621=ORIENTED_EDGE('',*,*,#1159,.F.);
#1622=ORIENTED_EDGE('',*,*,#1204,.F.);
#1623=ORIENTED_EDGE('',*,*,#1205,.T.);
#1624=ORIENTED_EDGE('',*,*,#1206,.F.);
#1625=ORIENTED_EDGE('',*,*,#1066,.F.);
#1626=ORIENTED_EDGE('',*,*,#1205,.F.);
#1627=ORIENTED_EDGE('',*,*,#1076,.T.);
#1628=ORIENTED_EDGE('',*,*,#1039,.T.);
#1629=ORIENTED_EDGE('',*,*,#1203,.T.);
#1630=ORIENTED_EDGE('',*,*,#1206,.T.);
#1631=ORIENTED_EDGE('',*,*,#1065,.F.);
#1632=ORIENTED_EDGE('',*,*,#1202,.T.);
#1633=ORIENTED_EDGE('',*,*,#1073,.T.);
#1634=ORIENTED_EDGE('',*,*,#1204,.T.);
#1635=ORIENTED_EDGE('',*,*,#1081,.F.);
#1636=ORIENTED_EDGE('',*,*,#1162,.T.);
#1637=ORIENTED_EDGE('',*,*,#1167,.F.);
#1638=ORIENTED_EDGE('',*,*,#1063,.F.);
#1639=ORIENTED_EDGE('',*,*,#1128,.T.);
#1640=ORIENTED_EDGE('',*,*,#1035,.F.);
#1641=ORIENTED_EDGE('',*,*,#1062,.F.);
#1642=ORIENTED_EDGE('',*,*,#1059,.T.);
#1643=ORIENTED_EDGE('',*,*,#1056,.F.);
#1644=ORIENTED_EDGE('',*,*,#1122,.T.);
#1645=ORIENTED_EDGE('',*,*,#1058,.F.);
#1646=ORIENTED_EDGE('',*,*,#1054,.F.);
#1647=ORIENTED_EDGE('',*,*,#1057,.F.);
#1648=ORIENTED_EDGE('',*,*,#1061,.F.);
#1649=ORIENTED_EDGE('',*,*,#1207,.T.);
#1650=ORIENTED_EDGE('',*,*,#1208,.T.);
#1651=ORIENTED_EDGE('',*,*,#1006,.F.);
#1652=ORIENTED_EDGE('',*,*,#1209,.T.);
#1653=ORIENTED_EDGE('',*,*,#1008,.T.);
#1654=ORIENTED_EDGE('',*,*,#1210,.T.);
#1655=ORIENTED_EDGE('',*,*,#1211,.F.);
#1656=ORIENTED_EDGE('',*,*,#1212,.T.);
#1657=ORIENTED_EDGE('',*,*,#1213,.T.);
#1658=ORIENTED_EDGE('',*,*,#1214,.T.);
#1659=ORIENTED_EDGE('',*,*,#1215,.T.);
#1660=ORIENTED_EDGE('',*,*,#1051,.F.);
#1661=ORIENTED_EDGE('',*,*,#1216,.F.);
#1662=ORIENTED_EDGE('',*,*,#1217,.F.);
#1663=ORIENTED_EDGE('',*,*,#1053,.T.);
#1664=ORIENTED_EDGE('',*,*,#1218,.F.);
#1665=ORIENTED_EDGE('',*,*,#1050,.F.);
#1666=ORIENTED_EDGE('',*,*,#1217,.T.);
#1667=ORIENTED_EDGE('',*,*,#1207,.F.);
#1668=ORIENTED_EDGE('',*,*,#1213,.F.);
#1669=ORIENTED_EDGE('',*,*,#1052,.F.);
#1670=ORIENTED_EDGE('',*,*,#1215,.F.);
#1671=ORIENTED_EDGE('',*,*,#1211,.T.);
#1672=ORIENTED_EDGE('',*,*,#1218,.T.);
#1673=ORIENTED_EDGE('',*,*,#1016,.F.);
#1674=ORIENTED_EDGE('',*,*,#1043,.T.);
#1675=ORIENTED_EDGE('',*,*,#1025,.T.);
#1676=ORIENTED_EDGE('',*,*,#1219,.F.);
#1677=ORIENTED_EDGE('',*,*,#1027,.T.);
#1678=ORIENTED_EDGE('',*,*,#1042,.T.);
#1679=ORIENTED_EDGE('',*,*,#1014,.F.);
#1680=ORIENTED_EDGE('',*,*,#1220,.T.);
#1681=ORIENTED_EDGE('',*,*,#1024,.T.);
#1682=ORIENTED_EDGE('',*,*,#1221,.F.);
#1683=ORIENTED_EDGE('',*,*,#1017,.F.);
#1684=ORIENTED_EDGE('',*,*,#1219,.T.);
#1685=ORIENTED_EDGE('',*,*,#1023,.T.);
#1686=ORIENTED_EDGE('',*,*,#1222,.F.);
#1687=ORIENTED_EDGE('',*,*,#1018,.F.);
#1688=ORIENTED_EDGE('',*,*,#1221,.T.);
#1689=ORIENTED_EDGE('',*,*,#1022,.T.);
#1690=ORIENTED_EDGE('',*,*,#1223,.F.);
#1691=ORIENTED_EDGE('',*,*,#1019,.F.);
#1692=ORIENTED_EDGE('',*,*,#1222,.T.);
#1693=ORIENTED_EDGE('',*,*,#1032,.F.);
#1694=ORIENTED_EDGE('',*,*,#1224,.T.);
#1695=ORIENTED_EDGE('',*,*,#1223,.T.);
#1696=ORIENTED_EDGE('',*,*,#1225,.T.);
#1697=ORIENTED_EDGE('',*,*,#1226,.F.);
#1698=ORIENTED_EDGE('',*,*,#1227,.T.);
#1699=ORIENTED_EDGE('',*,*,#1030,.T.);
#1700=ORIENTED_EDGE('',*,*,#1228,.T.);
#1701=ORIENTED_EDGE('',*,*,#1020,.T.);
#1702=ORIENTED_EDGE('',*,*,#1229,.F.);
#1703=ORIENTED_EDGE('',*,*,#1011,.F.);
#1704=ORIENTED_EDGE('',*,*,#1226,.T.);
#1705=ORIENTED_EDGE('',*,*,#1029,.T.);
#1706=ORIENTED_EDGE('',*,*,#1230,.F.);
#1707=ORIENTED_EDGE('',*,*,#1012,.F.);
#1708=ORIENTED_EDGE('',*,*,#1229,.T.);
#1709=ORIENTED_EDGE('',*,*,#1028,.T.);
#1710=ORIENTED_EDGE('',*,*,#1220,.F.);
#1711=ORIENTED_EDGE('',*,*,#1013,.F.);
#1712=ORIENTED_EDGE('',*,*,#1230,.T.);
#1713=ORIENTED_EDGE('',*,*,#1021,.F.);
#1714=ORIENTED_EDGE('',*,*,#1228,.F.);
#1715=ORIENTED_EDGE('',*,*,#1033,.T.);
#1716=ORIENTED_EDGE('',*,*,#1225,.F.);
#1717=ORIENTED_EDGE('',*,*,#1031,.F.);
#1718=ORIENTED_EDGE('',*,*,#1227,.F.);
#1719=ORIENTED_EDGE('',*,*,#1010,.T.);
#1720=ORIENTED_EDGE('',*,*,#1224,.F.);
#1721=ORIENTED_EDGE('',*,*,#1009,.T.);
#1722=ORIENTED_EDGE('',*,*,#1212,.F.);
#1723=ORIENTED_EDGE('',*,*,#1214,.F.);
#1724=ORIENTED_EDGE('',*,*,#1209,.F.);
#1725=ORIENTED_EDGE('',*,*,#1216,.T.);
#1726=ORIENTED_EDGE('',*,*,#1210,.F.);
#1727=ORIENTED_EDGE('',*,*,#1007,.F.);
#1728=ORIENTED_EDGE('',*,*,#1208,.F.);
#1729=ORIENTED_EDGE('',*,*,#980,.F.);
#1730=ORIENTED_EDGE('',*,*,#1231,.T.);
#1731=ORIENTED_EDGE('',*,*,#1232,.T.);
#1732=ORIENTED_EDGE('',*,*,#1233,.T.);
#1733=ORIENTED_EDGE('',*,*,#1234,.F.);
#1734=ORIENTED_EDGE('',*,*,#1235,.T.);
#1735=ORIENTED_EDGE('',*,*,#978,.T.);
#1736=ORIENTED_EDGE('',*,*,#1236,.T.);
#1737=ORIENTED_EDGE('',*,*,#1237,.F.);
#1738=ORIENTED_EDGE('',*,*,#1238,.T.);
#1739=ORIENTED_EDGE('',*,*,#1178,.T.);
#1740=ORIENTED_EDGE('',*,*,#1239,.T.);
#1741=ORIENTED_EDGE('',*,*,#1240,.F.);
#1742=ORIENTED_EDGE('',*,*,#1241,.T.);
#1743=ORIENTED_EDGE('',*,*,#1242,.F.);
#1744=ORIENTED_EDGE('',*,*,#1180,.F.);
#1745=ORIENTED_EDGE('',*,*,#1181,.F.);
#1746=ORIENTED_EDGE('',*,*,#1242,.T.);
#1747=ORIENTED_EDGE('',*,*,#1232,.F.);
#1748=ORIENTED_EDGE('',*,*,#1239,.F.);
#1749=ORIENTED_EDGE('',*,*,#1179,.F.);
#1750=ORIENTED_EDGE('',*,*,#1238,.F.);
#1751=ORIENTED_EDGE('',*,*,#1234,.T.);
#1752=ORIENTED_EDGE('',*,*,#1240,.T.);
#1753=ORIENTED_EDGE('',*,*,#989,.F.);
#1754=ORIENTED_EDGE('',*,*,#1044,.T.);
#1755=ORIENTED_EDGE('',*,*,#996,.T.);
#1756=ORIENTED_EDGE('',*,*,#1243,.F.);
#1757=ORIENTED_EDGE('',*,*,#998,.T.);
#1758=ORIENTED_EDGE('',*,*,#1045,.T.);
#1759=ORIENTED_EDGE('',*,*,#987,.F.);
#1760=ORIENTED_EDGE('',*,*,#1244,.T.);
#1761=ORIENTED_EDGE('',*,*,#995,.T.);
#1762=ORIENTED_EDGE('',*,*,#1245,.F.);
#1763=ORIENTED_EDGE('',*,*,#990,.F.);
#1764=ORIENTED_EDGE('',*,*,#1243,.T.);
#1765=ORIENTED_EDGE('',*,*,#994,.T.);
#1766=ORIENTED_EDGE('',*,*,#1246,.F.);
#1767=ORIENTED_EDGE('',*,*,#991,.F.);
#1768=ORIENTED_EDGE('',*,*,#1245,.T.);
#1769=ORIENTED_EDGE('',*,*,#993,.T.);
#1770=ORIENTED_EDGE('',*,*,#1247,.F.);
#1771=ORIENTED_EDGE('',*,*,#982,.F.);
#1772=ORIENTED_EDGE('',*,*,#1246,.T.);
#1773=ORIENTED_EDGE('',*,*,#1247,.T.);
#1774=ORIENTED_EDGE('',*,*,#1248,.T.);
#1775=ORIENTED_EDGE('',*,*,#1002,.F.);
#1776=ORIENTED_EDGE('',*,*,#1249,.T.);
#1777=ORIENTED_EDGE('',*,*,#1004,.T.);
#1778=ORIENTED_EDGE('',*,*,#1250,.T.);
#1779=ORIENTED_EDGE('',*,*,#1251,.F.);
#1780=ORIENTED_EDGE('',*,*,#1252,.T.);
#1781=ORIENTED_EDGE('',*,*,#1001,.T.);
#1782=ORIENTED_EDGE('',*,*,#1253,.F.);
#1783=ORIENTED_EDGE('',*,*,#984,.F.);
#1784=ORIENTED_EDGE('',*,*,#1251,.T.);
#1785=ORIENTED_EDGE('',*,*,#1000,.T.);
#1786=ORIENTED_EDGE('',*,*,#1254,.F.);
#1787=ORIENTED_EDGE('',*,*,#985,.F.);
#1788=ORIENTED_EDGE('',*,*,#1253,.T.);
#1789=ORIENTED_EDGE('',*,*,#999,.T.);
#1790=ORIENTED_EDGE('',*,*,#1244,.F.);
#1791=ORIENTED_EDGE('',*,*,#986,.F.);
#1792=ORIENTED_EDGE('',*,*,#1254,.T.);
#1793=ORIENTED_EDGE('',*,*,#1005,.T.);
#1794=ORIENTED_EDGE('',*,*,#1252,.F.);
#1795=ORIENTED_EDGE('',*,*,#983,.F.);
#1796=ORIENTED_EDGE('',*,*,#1249,.F.);
#1797=ORIENTED_EDGE('',*,*,#992,.T.);
#1798=ORIENTED_EDGE('',*,*,#1250,.F.);
#1799=ORIENTED_EDGE('',*,*,#1003,.F.);
#1800=ORIENTED_EDGE('',*,*,#1248,.F.);
#1801=ORIENTED_EDGE('',*,*,#1241,.F.);
#1802=ORIENTED_EDGE('',*,*,#1236,.F.);
#1803=ORIENTED_EDGE('',*,*,#981,.T.);
#1804=ORIENTED_EDGE('',*,*,#1233,.F.);
#1805=ORIENTED_EDGE('',*,*,#979,.F.);
#1806=ORIENTED_EDGE('',*,*,#1235,.F.);
#1807=ORIENTED_EDGE('',*,*,#1237,.T.);
#1808=ORIENTED_EDGE('',*,*,#1231,.F.);
#1809=PLANE('',#2092);
#1810=PLANE('',#2093);
#1811=PLANE('',#2100);
#1812=PLANE('',#2107);
#1813=PLANE('',#2108);
#1814=PLANE('',#2109);
#1815=PLANE('',#2116);
#1816=PLANE('',#2123);
#1817=PLANE('',#2124);
#1818=PLANE('',#2125);
#1819=PLANE('',#2126);
#1820=PLANE('',#2127);
#1821=PLANE('',#2128);
#1822=PLANE('',#2129);
#1823=PLANE('',#2130);
#1824=PLANE('',#2131);
#1825=PLANE('',#2132);
#1826=PLANE('',#2133);
#1827=PLANE('',#2134);
#1828=PLANE('',#2135);
#1829=PLANE('',#2136);
#1830=PLANE('',#2137);
#1831=PLANE('',#2138);
#1832=PLANE('',#2139);
#1833=PLANE('',#2140);
#1834=PLANE('',#2141);
#1835=PLANE('',#2142);
#1836=PLANE('',#2143);
#1837=PLANE('',#2144);
#1838=PLANE('',#2145);
#1839=PLANE('',#2146);
#1840=PLANE('',#2147);
#1841=PLANE('',#2148);
#1842=PLANE('',#2149);
#1843=PLANE('',#2150);
#1844=PLANE('',#2151);
#1845=PLANE('',#2152);
#1846=PLANE('',#2153);
#1847=PLANE('',#2154);
#1848=PLANE('',#2155);
#1849=PLANE('',#2156);
#1850=PLANE('',#2157);
#1851=PLANE('',#2158);
#1852=PLANE('',#2159);
#1853=PLANE('',#2160);
#1854=PLANE('',#2161);
#1855=PLANE('',#2162);
#1856=PLANE('',#2163);
#1857=PLANE('',#2164);
#1858=PLANE('',#2165);
#1859=PLANE('',#2166);
#1860=PLANE('',#2167);
#1861=PLANE('',#2168);
#1862=PLANE('',#2169);
#1863=PLANE('',#2170);
#1864=PLANE('',#2171);
#1865=PLANE('',#2172);
#1866=PLANE('',#2173);
#1867=PLANE('',#2174);
#1868=PLANE('',#2175);
#1869=PLANE('',#2176);
#1870=PLANE('',#2177);
#1871=PLANE('',#2178);
#1872=PLANE('',#2179);
#1873=PLANE('',#2180);
#1874=PLANE('',#2181);
#1875=PLANE('',#2182);
#1876=PLANE('',#2183);
#1877=PLANE('',#2184);
#1878=PLANE('',#2185);
#1879=PLANE('',#2186);
#1880=PLANE('',#2187);
#1881=PLANE('',#2188);
#1882=PLANE('',#2189);
#1883=PLANE('',#2190);
#1884=PLANE('',#2191);
#1885=PLANE('',#2192);
#1886=PLANE('',#2193);
#1887=PLANE('',#2194);
#1888=PLANE('',#2195);
#1889=PLANE('',#2196);
#1890=PLANE('',#2197);
#1891=PLANE('',#2198);
#1892=PLANE('',#2199);
#1893=PLANE('',#2203);
#1894=PLANE('',#2204);
#1895=PLANE('',#2208);
#1896=PLANE('',#2209);
#1897=PLANE('',#2210);
#1898=PLANE('',#2211);
#1899=PLANE('',#2212);
#1900=PLANE('',#2213);
#1901=PLANE('',#2214);
#1902=PLANE('',#2215);
#1903=PLANE('',#2216);
#1904=PLANE('',#2217);
#1905=PLANE('',#2218);
#1906=PLANE('',#2219);
#1907=PLANE('',#2223);
#1908=PLANE('',#2224);
#1909=PLANE('',#2228);
#1910=PLANE('',#2229);
#1911=PLANE('',#2230);
#1912=PLANE('',#2231);
#1913=STYLED_ITEM('',(#3354),#1962);
#1914=STYLED_ITEM('',(#3354),#1963);
#1915=STYLED_ITEM('',(#3354),#1964);
#1916=STYLED_ITEM('',(#3354),#1965);
#1917=STYLED_ITEM('',(#3354),#1966);
#1918=STYLED_ITEM('',(#3354),#1967);
#1919=STYLED_ITEM('',(#3354),#1968);
#1920=STYLED_ITEM('',(#3354),#1969);
#1921=STYLED_ITEM('',(#3354),#2038);
#1922=STYLED_ITEM('',(#3354),#2039);
#1923=STYLED_ITEM('',(#3354),#2040);
#1924=STYLED_ITEM('',(#3354),#2041);
#1925=STYLED_ITEM('',(#3354),#2042);
#1926=STYLED_ITEM('',(#3354),#2043);
#1927=STYLED_ITEM('',(#3354),#2044);
#1928=STYLED_ITEM('',(#3354),#2045);
#1929=STYLED_ITEM('',(#3354),#2046);
#1930=STYLED_ITEM('',(#3354),#2047);
#1931=STYLED_ITEM('',(#3354),#2048);
#1932=STYLED_ITEM('',(#3354),#2049);
#1933=STYLED_ITEM('',(#3354),#2050);
#1934=STYLED_ITEM('',(#3354),#2051);
#1935=STYLED_ITEM('',(#3354),#2052);
#1936=STYLED_ITEM('',(#3354),#2053);
#1937=STYLED_ITEM('',(#3354),#2054);
#1938=STYLED_ITEM('',(#3354),#2055);
#1939=STYLED_ITEM('',(#3354),#2056);
#1940=STYLED_ITEM('',(#3354),#2057);
#1941=STYLED_ITEM('',(#3354),#2058);
#1942=STYLED_ITEM('',(#3354),#2059);
#1943=STYLED_ITEM('',(#3354),#2060);
#1944=STYLED_ITEM('',(#3354),#2061);
#1945=STYLED_ITEM('',(#3354),#2062);
#1946=STYLED_ITEM('',(#3354),#2063);
#1947=STYLED_ITEM('',(#3354),#2064);
#1948=STYLED_ITEM('',(#3354),#2065);
#1949=STYLED_ITEM('',(#3354),#2066);
#1950=STYLED_ITEM('',(#3354),#2067);
#1951=STYLED_ITEM('',(#3354),#2068);
#1952=STYLED_ITEM('',(#3354),#2069);
#1953=STYLED_ITEM('',(#3354),#2070);
#1954=STYLED_ITEM('',(#3354),#2071);
#1955=STYLED_ITEM('',(#3354),#2072);
#1956=STYLED_ITEM('',(#3354),#2073);
#1957=STYLED_ITEM('',(#3354),#2074);
#1958=STYLED_ITEM('',(#3354),#2075);
#1959=STYLED_ITEM('',(#3354),#2076);
#1960=STYLED_ITEM('',(#3354),#2077);
#1961=STYLED_ITEM('',(#3353),#13);
#1962=ADVANCED_FACE('',(#59),#1809,.F.);
#1963=ADVANCED_FACE('',(#60),#1810,.T.);
#1964=ADVANCED_FACE('',(#61),#1811,.F.);
#1965=ADVANCED_FACE('',(#62),#1812,.F.);
#1966=ADVANCED_FACE('',(#63),#1813,.F.);
#1967=ADVANCED_FACE('',(#64),#1814,.F.);
#1968=ADVANCED_FACE('',(#65),#1815,.T.);
#1969=ADVANCED_FACE('',(#66),#1816,.F.);
#1970=ADVANCED_FACE('',(#67,#26,#27),#1817,.F.);
#1971=ADVANCED_FACE('',(#68,#28),#1818,.T.);
#1972=ADVANCED_FACE('',(#69),#1819,.F.);
#1973=ADVANCED_FACE('',(#70),#1820,.F.);
#1974=ADVANCED_FACE('',(#71),#1821,.T.);
#1975=ADVANCED_FACE('',(#72),#1822,.T.);
#1976=ADVANCED_FACE('',(#73),#1823,.F.);
#1977=ADVANCED_FACE('',(#74,#29,#30),#1824,.T.);
#1978=ADVANCED_FACE('',(#75),#1825,.T.);
#1979=ADVANCED_FACE('',(#76),#1826,.T.);
#1980=ADVANCED_FACE('',(#77,#31,#32),#1827,.T.);
#1981=ADVANCED_FACE('',(#78,#33),#1828,.T.);
#1982=ADVANCED_FACE('',(#79),#1829,.T.);
#1983=ADVANCED_FACE('',(#80),#1830,.F.);
#1984=ADVANCED_FACE('',(#81),#1831,.F.);
#1985=ADVANCED_FACE('',(#82),#1832,.F.);
#1986=ADVANCED_FACE('',(#83),#1833,.F.);
#1987=ADVANCED_FACE('',(#84),#1834,.T.);
#1988=ADVANCED_FACE('',(#85),#1835,.T.);
#1989=ADVANCED_FACE('',(#86),#1836,.T.);
#1990=ADVANCED_FACE('',(#87),#1837,.T.);
#1991=ADVANCED_FACE('',(#88),#1838,.T.);
#1992=ADVANCED_FACE('',(#89),#1839,.T.);
#1993=ADVANCED_FACE('',(#90),#1840,.F.);
#1994=ADVANCED_FACE('',(#91),#1841,.T.);
#1995=ADVANCED_FACE('',(#92),#1842,.T.);
#1996=ADVANCED_FACE('',(#93),#1843,.T.);
#1997=ADVANCED_FACE('',(#94),#1844,.F.);
#1998=ADVANCED_FACE('',(#95),#1845,.T.);
#1999=ADVANCED_FACE('',(#96),#1846,.T.);
#2000=ADVANCED_FACE('',(#97),#1847,.T.);
#2001=ADVANCED_FACE('',(#98),#1848,.F.);
#2002=ADVANCED_FACE('',(#99),#1849,.F.);
#2003=ADVANCED_FACE('',(#100),#1850,.F.);
#2004=ADVANCED_FACE('',(#101),#1851,.F.);
#2005=ADVANCED_FACE('',(#102),#1852,.T.);
#2006=ADVANCED_FACE('',(#103),#1853,.F.);
#2007=ADVANCED_FACE('',(#104),#1854,.F.);
#2008=ADVANCED_FACE('',(#105),#1855,.F.);
#2009=ADVANCED_FACE('',(#106),#1856,.F.);
#2010=ADVANCED_FACE('',(#107),#1857,.F.);
#2011=ADVANCED_FACE('',(#108),#1858,.F.);
#2012=ADVANCED_FACE('',(#109),#1859,.F.);
#2013=ADVANCED_FACE('',(#110,#34),#1860,.T.);
#2014=ADVANCED_FACE('',(#111),#1861,.F.);
#2015=ADVANCED_FACE('',(#112),#1862,.F.);
#2016=ADVANCED_FACE('',(#113),#1863,.F.);
#2017=ADVANCED_FACE('',(#114),#1864,.F.);
#2018=ADVANCED_FACE('',(#115),#1865,.T.);
#2019=ADVANCED_FACE('',(#116),#1866,.T.);
#2020=ADVANCED_FACE('',(#117),#1867,.T.);
#2021=ADVANCED_FACE('',(#118),#1868,.F.);
#2022=ADVANCED_FACE('',(#119),#1869,.T.);
#2023=ADVANCED_FACE('',(#120),#1870,.T.);
#2024=ADVANCED_FACE('',(#121),#1871,.T.);
#2025=ADVANCED_FACE('',(#122),#1872,.T.);
#2026=ADVANCED_FACE('',(#123),#1873,.F.);
#2027=ADVANCED_FACE('',(#124),#1874,.T.);
#2028=ADVANCED_FACE('',(#125),#1875,.T.);
#2029=ADVANCED_FACE('',(#126),#1876,.T.);
#2030=ADVANCED_FACE('',(#127),#1877,.T.);
#2031=ADVANCED_FACE('',(#128),#1878,.T.);
#2032=ADVANCED_FACE('',(#129),#1879,.F.);
#2033=ADVANCED_FACE('',(#130),#1880,.F.);
#2034=ADVANCED_FACE('',(#131),#1881,.F.);
#2035=ADVANCED_FACE('',(#132),#1882,.F.);
#2036=ADVANCED_FACE('',(#133),#1883,.T.);
#2037=ADVANCED_FACE('',(#134),#1884,.T.);
#2038=ADVANCED_FACE('',(#135),#1885,.F.);
#2039=ADVANCED_FACE('',(#136),#1886,.F.);
#2040=ADVANCED_FACE('',(#137),#1887,.F.);
#2041=ADVANCED_FACE('',(#138),#1888,.T.);
#2042=ADVANCED_FACE('',(#139),#1889,.F.);
#2043=ADVANCED_FACE('',(#140),#1890,.F.);
#2044=ADVANCED_FACE('',(#141),#1891,.F.);
#2045=ADVANCED_FACE('',(#142),#1892,.F.);
#2046=ADVANCED_FACE('',(#143),#14,.F.);
#2047=ADVANCED_FACE('',(#144),#15,.T.);
#2048=ADVANCED_FACE('',(#145),#16,.F.);
#2049=ADVANCED_FACE('',(#146),#1893,.F.);
#2050=ADVANCED_FACE('',(#147),#1894,.F.);
#2051=ADVANCED_FACE('',(#148),#17,.T.);
#2052=ADVANCED_FACE('',(#149),#18,.F.);
#2053=ADVANCED_FACE('',(#150),#19,.T.);
#2054=ADVANCED_FACE('',(#151),#1895,.F.);
#2055=ADVANCED_FACE('',(#152),#1896,.F.);
#2056=ADVANCED_FACE('',(#153),#1897,.F.);
#2057=ADVANCED_FACE('',(#154),#1898,.F.);
#2058=ADVANCED_FACE('',(#155),#1899,.F.);
#2059=ADVANCED_FACE('',(#156),#1900,.F.);
#2060=ADVANCED_FACE('',(#157),#1901,.T.);
#2061=ADVANCED_FACE('',(#158),#1902,.F.);
#2062=ADVANCED_FACE('',(#159),#1903,.F.);
#2063=ADVANCED_FACE('',(#160),#1904,.F.);
#2064=ADVANCED_FACE('',(#161),#1905,.F.);
#2065=ADVANCED_FACE('',(#162),#1906,.F.);
#2066=ADVANCED_FACE('',(#163),#20,.T.);
#2067=ADVANCED_FACE('',(#164),#21,.F.);
#2068=ADVANCED_FACE('',(#165),#22,.T.);
#2069=ADVANCED_FACE('',(#166),#1907,.F.);
#2070=ADVANCED_FACE('',(#167),#1908,.F.);
#2071=ADVANCED_FACE('',(#168),#23,.F.);
#2072=ADVANCED_FACE('',(#169),#24,.T.);
#2073=ADVANCED_FACE('',(#170),#25,.F.);
#2074=ADVANCED_FACE('',(#171),#1909,.F.);
#2075=ADVANCED_FACE('',(#172),#1910,.F.);
#2076=ADVANCED_FACE('',(#173),#1911,.F.);
#2077=ADVANCED_FACE('',(#174),#1912,.F.);
#2078=CLOSED_SHELL('',(#1962,#1963,#1964,#1965,#1966,#1967,#1968,#1969,
#1970,#1971,#1972,#1973,#1974,#1975,#1976,#1977,#1978,#1979,#1980,#1981,
#1982,#1983,#1984,#1985,#1986,#1987,#1988,#1989,#1990,#1991,#1992,#1993,
#1994,#1995,#1996,#1997,#1998,#1999,#2000,#2001,#2002,#2003,#2004,#2005,
#2006,#2007,#2008,#2009,#2010,#2011,#2012,#2013,#2014,#2015,#2016,#2017,
#2018,#2019,#2020,#2021,#2022,#2023,#2024,#2025,#2026,#2027,#2028,#2029,
#2030,#2031,#2032,#2033,#2034,#2035,#2036,#2037,#2038,#2039,#2040,#2041,
#2042,#2043,#2044,#2045,#2046,#2047,#2048,#2049,#2050,#2051,#2052,#2053,
#2054,#2055,#2056,#2057,#2058,#2059,#2060,#2061,#2062,#2063,#2064,#2065,
#2066,#2067,#2068,#2069,#2070,#2071,#2072,#2073,#2074,#2075,#2076,#2077));
#2079=DERIVED_UNIT_ELEMENT(#2081,1.);
#2080=DERIVED_UNIT_ELEMENT(#3338,-3.);
#2081=(
MASS_UNIT()
NAMED_UNIT(*)
SI_UNIT(.KILO.,.GRAM.)
);
#2082=DERIVED_UNIT((#2079,#2080));
#2083=MEASURE_REPRESENTATION_ITEM('density measure',
POSITIVE_RATIO_MEASURE(7850.),#2082);
#2084=PROPERTY_DEFINITION_REPRESENTATION(#2089,#2086);
#2085=PROPERTY_DEFINITION_REPRESENTATION(#2090,#2087);
#2086=REPRESENTATION('material name',(#2088),#3335);
#2087=REPRESENTATION('density',(#2083),#3335);
#2088=DESCRIPTIVE_REPRESENTATION_ITEM('Steel','Steel');
#2089=PROPERTY_DEFINITION('material property','material name',#3345);
#2090=PROPERTY_DEFINITION('material property','density of part',#3345);
#2091=AXIS2_PLACEMENT_3D('',#2767,#2232,#2233);
#2092=AXIS2_PLACEMENT_3D('',#2768,#2234,#2235);
#2093=AXIS2_PLACEMENT_3D('',#2777,#2240,#2241);
#2094=AXIS2_PLACEMENT_3D('',#2780,#2242,#2243);
#2095=AXIS2_PLACEMENT_3D('',#2784,#2245,#2246);
#2096=AXIS2_PLACEMENT_3D('',#2786,#2247,#2248);
#2097=AXIS2_PLACEMENT_3D('',#2788,#2249,#2250);
#2098=AXIS2_PLACEMENT_3D('',#2796,#2254,#2255);
#2099=AXIS2_PLACEMENT_3D('',#2797,#2256,#2257);
#2100=AXIS2_PLACEMENT_3D('',#2798,#2258,#2259);
#2101=AXIS2_PLACEMENT_3D('',#2803,#2261,#2262);
#2102=AXIS2_PLACEMENT_3D('',#2805,#2263,#2264);
#2103=AXIS2_PLACEMENT_3D('',#2807,#2265,#2266);
#2104=AXIS2_PLACEMENT_3D('',#2815,#2270,#2271);
#2105=AXIS2_PLACEMENT_3D('',#2817,#2272,#2273);
#2106=AXIS2_PLACEMENT_3D('',#2818,#2274,#2275);
#2107=AXIS2_PLACEMENT_3D('',#2819,#2276,#2277);
#2108=AXIS2_PLACEMENT_3D('',#2828,#2282,#2283);
#2109=AXIS2_PLACEMENT_3D('',#2837,#2288,#2289);
#2110=AXIS2_PLACEMENT_3D('',#2842,#2291,#2292);
#2111=AXIS2_PLACEMENT_3D('',#2844,#2293,#2294);
#2112=AXIS2_PLACEMENT_3D('',#2846,#2295,#2296);
#2113=AXIS2_PLACEMENT_3D('',#2854,#2300,#2301);
#2114=AXIS2_PLACEMENT_3D('',#2856,#2302,#2303);
#2115=AXIS2_PLACEMENT_3D('',#2857,#2304,#2305);
#2116=AXIS2_PLACEMENT_3D('',#2858,#2306,#2307);
#2117=AXIS2_PLACEMENT_3D('',#2861,#2308,#2309);
#2118=AXIS2_PLACEMENT_3D('',#2865,#2311,#2312);
#2119=AXIS2_PLACEMENT_3D('',#2867,#2313,#2314);
#2120=AXIS2_PLACEMENT_3D('',#2869,#2315,#2316);
#2121=AXIS2_PLACEMENT_3D('',#2877,#2320,#2321);
#2122=AXIS2_PLACEMENT_3D('',#2878,#2322,#2323);
#2123=AXIS2_PLACEMENT_3D('',#2879,#2324,#2325);
#2124=AXIS2_PLACEMENT_3D('',#2888,#2330,#2331);
#2125=AXIS2_PLACEMENT_3D('',#2909,#2344,#2345);
#2126=AXIS2_PLACEMENT_3D('',#2926,#2354,#2355);
#2127=AXIS2_PLACEMENT_3D('',#2933,#2359,#2360);
#2128=AXIS2_PLACEMENT_3D('',#2939,#2364,#2365);
#2129=AXIS2_PLACEMENT_3D('',#2945,#2370,#2371);
#2130=AXIS2_PLACEMENT_3D('',#2963,#2381,#2382);
#2131=AXIS2_PLACEMENT_3D('',#2971,#2387,#2388);
#2132=AXIS2_PLACEMENT_3D('',#3009,#2408,#2409);
#2133=AXIS2_PLACEMENT_3D('',#3018,#2414,#2415);
#2134=AXIS2_PLACEMENT_3D('',#3024,#2419,#2420);
#2135=AXIS2_PLACEMENT_3D('',#3050,#2435,#2436);
#2136=AXIS2_PLACEMENT_3D('',#3060,#2442,#2443);
#2137=AXIS2_PLACEMENT_3D('',#3072,#2451,#2452);
#2138=AXIS2_PLACEMENT_3D('',#3078,#2456,#2457);
#2139=AXIS2_PLACEMENT_3D('',#3084,#2461,#2462);
#2140=AXIS2_PLACEMENT_3D('',#3087,#2465,#2466);
#2141=AXIS2_PLACEMENT_3D('',#3088,#2467,#2468);
#2142=AXIS2_PLACEMENT_3D('',#3089,#2469,#2470);
#2143=AXIS2_PLACEMENT_3D('',#3092,#2473,#2474);
#2144=AXIS2_PLACEMENT_3D('',#3095,#2477,#2478);
#2145=AXIS2_PLACEMENT_3D('',#3101,#2482,#2483);
#2146=AXIS2_PLACEMENT_3D('',#3104,#2486,#2487);
#2147=AXIS2_PLACEMENT_3D('',#3105,#2488,#2489);
#2148=AXIS2_PLACEMENT_3D('',#3106,#2490,#2491);
#2149=AXIS2_PLACEMENT_3D('',#3112,#2495,#2496);
#2150=AXIS2_PLACEMENT_3D('',#3115,#2499,#2500);
#2151=AXIS2_PLACEMENT_3D('',#3116,#2501,#2502);
#2152=AXIS2_PLACEMENT_3D('',#3117,#2503,#2504);
#2153=AXIS2_PLACEMENT_3D('',#3123,#2508,#2509);
#2154=AXIS2_PLACEMENT_3D('',#3126,#2512,#2513);
#2155=AXIS2_PLACEMENT_3D('',#3130,#2516,#2517);
#2156=AXIS2_PLACEMENT_3D('',#3133,#2520,#2521);
#2157=AXIS2_PLACEMENT_3D('',#3139,#2525,#2526);
#2158=AXIS2_PLACEMENT_3D('',#3143,#2529,#2530);
#2159=AXIS2_PLACEMENT_3D('',#3146,#2533,#2534);
#2160=AXIS2_PLACEMENT_3D('',#3148,#2536,#2537);
#2161=AXIS2_PLACEMENT_3D('',#3149,#2538,#2539);
#2162=AXIS2_PLACEMENT_3D('',#3150,#2540,#2541);
#2163=AXIS2_PLACEMENT_3D('',#3156,#2545,#2546);
#2164=AXIS2_PLACEMENT_3D('',#3160,#2549,#2550);
#2165=AXIS2_PLACEMENT_3D('',#3164,#2553,#2554);
#2166=AXIS2_PLACEMENT_3D('',#3168,#2557,#2558);
#2167=AXIS2_PLACEMENT_3D('',#3170,#2560,#2561);
#2168=AXIS2_PLACEMENT_3D('',#3179,#2566,#2567);
#2169=AXIS2_PLACEMENT_3D('',#3182,#2570,#2571);
#2170=AXIS2_PLACEMENT_3D('',#3184,#2573,#2574);
#2171=AXIS2_PLACEMENT_3D('',#3186,#2576,#2577);
#2172=AXIS2_PLACEMENT_3D('',#3187,#2578,#2579);
#2173=AXIS2_PLACEMENT_3D('',#3193,#2583,#2584);
#2174=AXIS2_PLACEMENT_3D('',#3199,#2588,#2589);
#2175=AXIS2_PLACEMENT_3D('',#3202,#2592,#2593);
#2176=AXIS2_PLACEMENT_3D('',#3203,#2594,#2595);
#2177=AXIS2_PLACEMENT_3D('',#3204,#2596,#2597);
#2178=AXIS2_PLACEMENT_3D('',#3210,#2601,#2602);
#2179=AXIS2_PLACEMENT_3D('',#3216,#2606,#2607);
#2180=AXIS2_PLACEMENT_3D('',#3219,#2610,#2611);
#2181=AXIS2_PLACEMENT_3D('',#3220,#2612,#2613);
#2182=AXIS2_PLACEMENT_3D('',#3221,#2614,#2615);
#2183=AXIS2_PLACEMENT_3D('',#3222,#2616,#2617);
#2184=AXIS2_PLACEMENT_3D('',#3226,#2620,#2621);
#2185=AXIS2_PLACEMENT_3D('',#3230,#2625,#2626);
#2186=AXIS2_PLACEMENT_3D('',#3231,#2627,#2628);
#2187=AXIS2_PLACEMENT_3D('',#3232,#2629,#2630);
#2188=AXIS2_PLACEMENT_3D('',#3233,#2631,#2632);
#2189=AXIS2_PLACEMENT_3D('',#3234,#2633,#2634);
#2190=AXIS2_PLACEMENT_3D('',#3235,#2635,#2636);
#2191=AXIS2_PLACEMENT_3D('',#3236,#2637,#2638);
#2192=AXIS2_PLACEMENT_3D('',#3237,#2639,#2640);
#2193=AXIS2_PLACEMENT_3D('',#3243,#2644,#2645);
#2194=AXIS2_PLACEMENT_3D('',#3249,#2649,#2650);
#2195=AXIS2_PLACEMENT_3D('',#3253,#2654,#2655);
#2196=AXIS2_PLACEMENT_3D('',#3257,#2659,#2660);
#2197=AXIS2_PLACEMENT_3D('',#3258,#2661,#2662);
#2198=AXIS2_PLACEMENT_3D('',#3259,#2663,#2664);
#2199=AXIS2_PLACEMENT_3D('',#3261,#2666,#2667);
#2200=AXIS2_PLACEMENT_3D('',#3263,#2669,#2670);
#2201=AXIS2_PLACEMENT_3D('',#3265,#2672,#2673);
#2202=AXIS2_PLACEMENT_3D('',#3267,#2675,#2676);
#2203=AXIS2_PLACEMENT_3D('',#3269,#2678,#2679);
#2204=AXIS2_PLACEMENT_3D('',#3272,#2682,#2683);
#2205=AXIS2_PLACEMENT_3D('',#3276,#2687,#2688);
#2206=AXIS2_PLACEMENT_3D('',#3278,#2690,#2691);
#2207=AXIS2_PLACEMENT_3D('',#3280,#2693,#2694);
#2208=AXIS2_PLACEMENT_3D('',#3281,#2695,#2696);
#2209=AXIS2_PLACEMENT_3D('',#3282,#2697,#2698);
#2210=AXIS2_PLACEMENT_3D('',#3283,#2699,#2700);
#2211=AXIS2_PLACEMENT_3D('',#3284,#2701,#2702);
#2212=AXIS2_PLACEMENT_3D('',#3285,#2703,#2704);
#2213=AXIS2_PLACEMENT_3D('',#3291,#2708,#2709);
#2214=AXIS2_PLACEMENT_3D('',#3297,#2713,#2714);
#2215=AXIS2_PLACEMENT_3D('',#3301,#2718,#2719);
#2216=AXIS2_PLACEMENT_3D('',#3305,#2723,#2724);
#2217=AXIS2_PLACEMENT_3D('',#3306,#2725,#2726);
#2218=AXIS2_PLACEMENT_3D('',#3307,#2727,#2728);
#2219=AXIS2_PLACEMENT_3D('',#3309,#2730,#2731);
#2220=AXIS2_PLACEMENT_3D('',#3311,#2733,#2734);
#2221=AXIS2_PLACEMENT_3D('',#3313,#2736,#2737);
#2222=AXIS2_PLACEMENT_3D('',#3315,#2739,#2740);
#2223=AXIS2_PLACEMENT_3D('',#3317,#2742,#2743);
#2224=AXIS2_PLACEMENT_3D('',#3320,#2746,#2747);
#2225=AXIS2_PLACEMENT_3D('',#3324,#2751,#2752);
#2226=AXIS2_PLACEMENT_3D('',#3326,#2754,#2755);
#2227=AXIS2_PLACEMENT_3D('',#3328,#2757,#2758);
#2228=AXIS2_PLACEMENT_3D('',#3329,#2759,#2760);
#2229=AXIS2_PLACEMENT_3D('',#3330,#2761,#2762);
#2230=AXIS2_PLACEMENT_3D('',#3331,#2763,#2764);
#2231=AXIS2_PLACEMENT_3D('',#3332,#2765,#2766);
#2232=DIRECTION('axis',(0.,0.,1.));
#2233=DIRECTION('refdir',(1.,0.,0.));
#2234=DIRECTION('center_axis',(0.,-2.22044604925031E-16,-1.));
#2235=DIRECTION('ref_axis',(1.22464679914735E-16,-1.,2.22044604925031E-16));
#2236=DIRECTION('',(1.,1.22464679914735E-16,-2.71926214689378E-32));
#2237=DIRECTION('',(1.22464679914735E-16,-1.,2.22044604925031E-16));
#2238=DIRECTION('',(1.,1.22464679914735E-16,-2.71926214689378E-32));
#2239=DIRECTION('',(1.22464679914735E-16,-1.,2.22044604925031E-16));
#2240=DIRECTION('center_axis',(-1.,-1.22464679914735E-16,2.71926214689378E-32));
#2241=DIRECTION('ref_axis',(-1.22464679914735E-16,1.,-2.22044604925031E-16));
#2242=DIRECTION('center_axis',(-1.,-1.22464679914735E-16,2.71926214689378E-32));
#2243=DIRECTION('ref_axis',(0.,-2.22044604925031E-16,-1.));
#2244=DIRECTION('',(1.22464679914735E-16,-1.,2.22044604925031E-16));
#2245=DIRECTION('center_axis',(1.,1.22464679914735E-16,-2.71926214689378E-32));
#2246=DIRECTION('ref_axis',(0.,-2.22044604925031E-16,-1.));
#2247=DIRECTION('center_axis',(-1.,-1.22464679914735E-16,2.71926214689378E-32));
#2248=DIRECTION('ref_axis',(-8.73529421159855E-33,-1.50715514629932E-16,
-1.));
#2249=DIRECTION('center_axis',(1.,1.22464679914735E-16,-2.71926214689378E-32));
#2250=DIRECTION('ref_axis',(0.,-2.22044604925031E-16,-1.));
#2251=DIRECTION('',(0.,2.22044604925031E-16,1.));
#2252=DIRECTION('',(1.22464679914735E-16,-1.,2.22044604925031E-16));
#2253=DIRECTION('',(0.,-2.22044604925031E-16,-1.));
#2254=DIRECTION('center_axis',(-1.,-1.22464679914735E-16,2.71926214689378E-32));
#2255=DIRECTION('ref_axis',(0.,-2.22044604925031E-16,-1.));
#2256=DIRECTION('center_axis',(1.,1.22464679914735E-16,-2.71926214689378E-32));
#2257=DIRECTION('ref_axis',(0.,-2.22044604925031E-16,-1.));
#2258=DIRECTION('center_axis',(-1.,-1.22464679914735E-16,2.71926214689378E-32));
#2259=DIRECTION('ref_axis',(-1.22464679914735E-16,1.,-2.22044604925031E-16));
#2260=DIRECTION('',(1.22464679914735E-16,-1.,2.22044604925031E-16));
#2261=DIRECTION('center_axis',(-1.,-1.22464679914735E-16,2.71926214689378E-32));
#2262=DIRECTION('ref_axis',(0.,-2.22044604925031E-16,-1.));
#2263=DIRECTION('center_axis',(1.,1.22464679914735E-16,-2.71926214689378E-32));
#2264=DIRECTION('ref_axis',(0.,-2.22044604925031E-16,-1.));
#2265=DIRECTION('center_axis',(-1.,-1.22464679914735E-16,2.71926214689378E-32));
#2266=DIRECTION('ref_axis',(0.,-2.22044604925031E-16,-1.));
#2267=DIRECTION('',(0.,-2.22044604925031E-16,-1.));
#2268=DIRECTION('',(1.22464679914735E-16,-1.,2.22044604925031E-16));
#2269=DIRECTION('',(0.,2.22044604925031E-16,1.));
#2270=DIRECTION('center_axis',(1.,1.22464679914735E-16,-2.71926214689378E-32));
#2271=DIRECTION('ref_axis',(0.,-2.22044604925031E-16,-1.));
#2272=DIRECTION('center_axis',(-1.,-1.22464679914735E-16,2.71926214689378E-32));
#2273=DIRECTION('ref_axis',(-8.73529421159855E-33,-1.50715514629932E-16,
-1.));
#2274=DIRECTION('center_axis',(1.,1.22464679914735E-16,-2.71926214689378E-32));
#2275=DIRECTION('ref_axis',(0.,-2.22044604925031E-16,-1.));
#2276=DIRECTION('center_axis',(-9.60717039572665E-31,8.06689456690226E-15,
1.));
#2277=DIRECTION('ref_axis',(-1.22464679914735E-16,1.,-8.06689456690226E-15));
#2278=DIRECTION('',(1.,1.22464679914735E-16,-2.71926214689378E-32));
#2279=DIRECTION('',(1.22464679914735E-16,-1.,2.22044604925031E-16));
#2280=DIRECTION('',(1.,1.22464679914735E-16,-2.71926214689378E-32));
#2281=DIRECTION('',(1.22464679914735E-16,-1.,2.22044604925031E-16));
#2282=DIRECTION('center_axis',(0.,-2.22044604925031E-16,-1.));
#2283=DIRECTION('ref_axis',(1.22464679914735E-16,-1.,2.22044604925031E-16));
#2284=DIRECTION('',(1.,1.22464679914735E-16,-2.71926214689378E-32));
#2285=DIRECTION('',(-1.22464679914735E-16,1.,-2.22044604925031E-16));
#2286=DIRECTION('',(1.,1.22464679914735E-16,-2.71926214689378E-32));
#2287=DIRECTION('',(-1.22464679914735E-16,1.,-2.22044604925031E-16));
#2288=DIRECTION('center_axis',(1.,1.22464679914735E-16,-2.71926214689378E-32));
#2289=DIRECTION('ref_axis',(1.22464679914735E-16,-1.,2.22044604925031E-16));
#2290=DIRECTION('',(-1.22464679914735E-16,1.,-2.22044604925031E-16));
#2291=DIRECTION('center_axis',(-1.,-1.22464679914735E-16,2.71926214689378E-32));
#2292=DIRECTION('ref_axis',(0.,-2.22044604925031E-16,-1.));
#2293=DIRECTION('center_axis',(1.,1.22464679914735E-16,-2.71926214689378E-32));
#2294=DIRECTION('ref_axis',(0.,-2.22044604925031E-16,-1.));
#2295=DIRECTION('center_axis',(-1.,-1.22464679914735E-16,2.71926214689378E-32));
#2296=DIRECTION('ref_axis',(0.,-2.22044604925031E-16,-1.));
#2297=DIRECTION('',(-2.75928697564508E-32,4.47357485142103E-16,1.));
#2298=DIRECTION('',(-1.22464679914735E-16,1.,-2.22044604925031E-16));
#2299=DIRECTION('',(-7.99858265158421E-33,-1.56731221040362E-16,-1.));
#2300=DIRECTION('center_axis',(1.,1.22464679914735E-16,-2.71926214689378E-32));
#2301=DIRECTION('ref_axis',(0.,-2.22044604925031E-16,-1.));
#2302=DIRECTION('center_axis',(-1.,-1.22464679914735E-16,2.71926214689378E-32));
#2303=DIRECTION('ref_axis',(0.,-2.22044604925031E-16,-1.));
#2304=DIRECTION('center_axis',(1.,1.22464679914735E-16,-2.71926214689378E-32));
#2305=DIRECTION('ref_axis',(0.,-2.22044604925031E-16,-1.));
#2306=DIRECTION('center_axis',(1.,1.22464679914735E-16,-2.71926214689378E-32));
#2307=DIRECTION('ref_axis',(1.22464679914735E-16,-1.,2.22044604925031E-16));
#2308=DIRECTION('center_axis',(-1.,-1.22464679914735E-16,2.71926214689378E-32));
#2309=DIRECTION('ref_axis',(0.,-2.22044604925031E-16,-1.));
#2310=DIRECTION('',(-1.22464679914735E-16,1.,-2.22044604925031E-16));
#2311=DIRECTION('center_axis',(1.,1.22464679914735E-16,-2.71926214689378E-32));
#2312=DIRECTION('ref_axis',(0.,-2.22044604925031E-16,-1.));
#2313=DIRECTION('center_axis',(-1.,-1.22464679914735E-16,2.71926214689378E-32));
#2314=DIRECTION('ref_axis',(0.,-2.22044604925031E-16,-1.));
#2315=DIRECTION('center_axis',(1.,1.22464679914735E-16,-2.71926214689378E-32));
#2316=DIRECTION('ref_axis',(0.,-2.22044604925031E-16,-1.));
#2317=DIRECTION('',(0.,-2.22044604925031E-16,-1.));
#2318=DIRECTION('',(-1.22464679914735E-16,1.,-2.22044604925031E-16));
#2319=DIRECTION('',(-1.59971653031684E-32,3.52671372694369E-16,1.));
#2320=DIRECTION('center_axis',(-1.,-1.22464679914735E-16,2.71926214689378E-32));
#2321=DIRECTION('ref_axis',(0.,-2.22044604925031E-16,-1.));
#2322=DIRECTION('center_axis',(1.,1.22464679914735E-16,-2.71926214689378E-32));
#2323=DIRECTION('ref_axis',(0.,-2.22044604925031E-16,-1.));
#2324=DIRECTION('center_axis',(0.,2.22044604925031E-16,1.));
#2325=DIRECTION('ref_axis',(-1.22464679914735E-16,1.,-2.22044604925031E-16));
#2326=DIRECTION('',(1.,1.22464679914735E-16,-2.71926214689378E-32));
#2327=DIRECTION('',(-1.22464679914735E-16,1.,-2.22044604925031E-16));
#2328=DIRECTION('',(1.,1.22464679914735E-16,-2.71926214689378E-32));
#2329=DIRECTION('',(-1.22464679914735E-16,1.,-2.22044604925031E-16));
#2330=DIRECTION('center_axis',(0.,2.22044604925031E-16,1.));
#2331=DIRECTION('ref_axis',(-1.22464679914735E-16,1.,-2.22044604925031E-16));
#2332=DIRECTION('',(-1.22464679914735E-16,1.,-2.22044604925031E-16));
#2333=DIRECTION('',(1.,1.22464679914735E-16,-2.71926214689378E-32));
#2334=DIRECTION('',(-3.47169793383234E-16,1.,-2.22044604925031E-16));
#2335=DIRECTION('',(1.,6.61756952239131E-16,-1.46939561016331E-31));
#2336=DIRECTION('',(1.22464679914735E-16,-1.,2.22044604925031E-16));
#2337=DIRECTION('',(-1.,-1.22464679914735E-16,2.71926214689378E-32));
#2338=DIRECTION('',(-1.22464679914735E-16,1.,-2.22044604925031E-16));
#2339=DIRECTION('',(-1.,-1.22464679914735E-16,2.71926214689378E-32));
#2340=DIRECTION('',(-1.,-1.22464679914735E-16,2.71926214689378E-32));
#2341=DIRECTION('',(1.,1.22464679914735E-16,-2.71926214689378E-32));
#2342=DIRECTION('',(1.,1.22464679914735E-16,-2.71926214689378E-32));
#2343=DIRECTION('',(-1.,-1.22464679914735E-16,2.71926214689378E-32));
#2344=DIRECTION('center_axis',(0.,2.22044604925031E-16,1.));
#2345=DIRECTION('ref_axis',(-1.22464679914735E-16,1.,-2.22044604925031E-16));
#2346=DIRECTION('',(4.63945679122768E-16,-1.,2.22044604925031E-16));
#2347=DIRECTION('',(1.,2.93205179518752E-16,-6.51046282482142E-32));
#2348=DIRECTION('',(-2.07834929716744E-16,1.,-2.22044604925031E-16));
#2349=DIRECTION('',(-1.,-2.93205179518752E-16,6.51046282482142E-32));
#2350=DIRECTION('',(-1.,-1.22464679914735E-16,2.71926214689378E-32));
#2351=DIRECTION('',(-1.22464679914735E-16,1.,-2.22044604925031E-16));
#2352=DIRECTION('',(1.,1.22464679914735E-16,-2.71926214689378E-32));
#2353=DIRECTION('',(-1.22464679914735E-16,1.,-2.22044604925031E-16));
#2354=DIRECTION('center_axis',(5.9474106119645E-17,-0.485642931178632,0.874157276121538));
#2355=DIRECTION('ref_axis',(-1.07053391015361E-16,0.874157276121538,0.485642931178632));
#2356=DIRECTION('',(-0.527934936028456,0.742408503790014,0.41244916877223));
#2357=DIRECTION('',(1.,1.22464679914735E-16,-2.71926214689378E-32));
#2358=DIRECTION('',(-0.527934936028455,-0.742408503790014,-0.41244916877223));
#2359=DIRECTION('center_axis',(-5.9474106119645E-17,0.485642931178632,0.874157276121538));
#2360=DIRECTION('ref_axis',(-1.07053391015361E-16,0.874157276121538,-0.485642931178632));
#2361=DIRECTION('',(0.527934936028456,0.742408503790014,-0.41244916877223));
#2362=DIRECTION('',(0.527934936028454,-0.742408503790014,0.412449168772231));
#2363=DIRECTION('',(1.,1.22464679914735E-16,-2.71926214689378E-32));
#2364=DIRECTION('center_axis',(-1.,-1.22464679914735E-16,2.71926214689378E-32));
#2365=DIRECTION('ref_axis',(-1.22464679914735E-16,1.,-2.22044604925031E-16));
#2366=DIRECTION('',(0.,-2.22044604925031E-16,-1.));
#2367=DIRECTION('',(1.22464679914735E-16,-1.,3.63462279597053E-16));
#2368=DIRECTION('',(-1.73186702629953E-32,3.63462279597053E-16,1.));
#2369=DIRECTION('',(-1.22464679914735E-16,1.,-2.22044604925031E-16));
#2370=DIRECTION('center_axis',(-1.,-1.22464679914735E-16,2.71926214689378E-32));
#2371=DIRECTION('ref_axis',(-1.22464679914735E-16,1.,-2.22044604925031E-16));
#2372=DIRECTION('',(4.68844182696435E-16,2.22044604925031E-16,1.));
#2373=DIRECTION('',(1.22464679914735E-16,-1.,3.63462279597053E-16));
#2374=DIRECTION('',(-1.73186702629953E-32,3.63462279597053E-16,1.));
#2375=DIRECTION('',(0.,2.22044604925031E-16,1.));
#2376=DIRECTION('',(-1.22464679914735E-16,1.,-2.22044604925031E-16));
#2377=DIRECTION('',(-1.22464679914735E-16,1.,-2.22044604925031E-16));
#2378=DIRECTION('',(-1.22464679914735E-16,1.,-2.22044604925031E-16));
#2379=DIRECTION('',(0.,-2.22044604925031E-16,-1.));
#2380=DIRECTION('',(-1.22464679914735E-16,1.,-2.22044604925031E-16));
#2381=DIRECTION('center_axis',(-1.,-1.22464679914735E-16,2.71926214689378E-32));
#2382=DIRECTION('ref_axis',(-1.22464679914735E-16,1.,-2.22044604925031E-16));
#2383=DIRECTION('',(1.22464679914735E-16,-1.,3.63462279597053E-16));
#2384=DIRECTION('',(0.,-2.22044604925031E-16,-1.));
#2385=DIRECTION('',(-1.22464679914735E-16,1.,-2.22044604925031E-16));
#2386=DIRECTION('',(-1.73186702629953E-32,3.63462279597053E-16,1.));
#2387=DIRECTION('center_axis',(-1.22464679914735E-16,1.,-2.22044604925031E-16));
#2388=DIRECTION('ref_axis',(1.,1.22464679914735E-16,-2.71926214689378E-32));
#2389=DIRECTION('',(0.642787609686539,-9.13772568539493E-17,-0.766044443118978));
#2390=DIRECTION('',(0.,-2.22044604925031E-16,-1.));
#2391=DIRECTION('',(0.,-2.22044604925031E-16,-1.));
#2392=DIRECTION('',(0.707106781186543,-7.04136402448297E-17,-0.707106781186552));
#2393=DIRECTION('',(-1.,-1.22464679914735E-16,2.71926214689378E-32));
#2394=DIRECTION('',(-1.,-1.22464679914735E-16,2.71926214689378E-32));
#2395=DIRECTION('',(-0.707106781186545,-2.43604851491927E-16,-0.70710678118655));
#2396=DIRECTION('',(0.,-2.22044604925031E-16,-1.));
#2397=DIRECTION('',(0.,2.22044604925031E-16,1.));
#2398=DIRECTION('',(0.642787609686539,2.48814814600789E-16,0.766044443118978));
#2399=DIRECTION('',(-1.,-1.22464679914735E-16,2.71926214689378E-32));
#2400=DIRECTION('',(-1.,-2.28847549044392E-17,5.08143636156238E-33));
#2401=DIRECTION('',(0.,-2.22044604925031E-16,-1.));
#2402=DIRECTION('',(-1.,-2.28847549044392E-17,5.08143636156238E-33));
#2403=DIRECTION('',(0.,-2.22044604925031E-16,-1.));
#2404=DIRECTION('',(-1.,-2.22044604925031E-16,4.93038065763133E-32));
#2405=DIRECTION('',(0.,-2.22044604925031E-16,-1.));
#2406=DIRECTION('',(-1.,-2.22044604925031E-16,4.93038065763133E-32));
#2407=DIRECTION('',(0.,-2.22044604925031E-16,-1.));
#2408=DIRECTION('center_axis',(0.766044443118978,2.3654090837058E-16,0.642787609686539));
#2409=DIRECTION('ref_axis',(-0.642787609686539,9.13772568539493E-17,0.766044443118978));
#2410=DIRECTION('',(-1.22464679914735E-16,1.,-2.22044604925031E-16));
#2411=DIRECTION('',(-0.642787609686538,9.13772568539496E-17,0.766044443118979));
#2412=DIRECTION('',(-1.22464679914735E-16,1.,-2.22044604925031E-16));
#2413=DIRECTION('',(0.642787609686539,2.55273133795872E-16,-0.766044443118978));
#2414=DIRECTION('center_axis',(-0.766044443118978,4.89141333165255E-17,
0.642787609686539));
#2415=DIRECTION('ref_axis',(-0.642787609686539,-2.48814814600789E-16,-0.766044443118978));
#2416=DIRECTION('',(-1.22464679914735E-16,1.,-2.22044604925031E-16));
#2417=DIRECTION('',(-0.642787609686538,-2.48814814600789E-16,-0.766044443118979));
#2418=DIRECTION('',(0.642787609686539,5.9546520525061E-16,0.766044443118978));
#2419=DIRECTION('center_axis',(0.,2.22044604925031E-16,1.));
#2420=DIRECTION('ref_axis',(-1.22464679914735E-16,1.,-2.22044604925031E-16));
#2421=DIRECTION('',(1.,6.61756952239131E-16,-1.46939561016331E-31));
#2422=DIRECTION('',(-1.22464679914735E-16,1.,-2.22044604925031E-16));
#2423=DIRECTION('',(-1.22464679914735E-16,1.,-2.22044604925031E-16));
#2424=DIRECTION('',(-1.22464679914735E-16,1.,-2.22044604925031E-16));
#2425=DIRECTION('',(-1.22464679914735E-16,1.,-2.22044604925031E-16));
#2426=DIRECTION('',(-4.63945679122768E-16,1.,-2.22044604925031E-16));
#2427=DIRECTION('',(1.,2.93205179518752E-16,-6.51046282482142E-32));
#2428=DIRECTION('',(2.07834929716744E-16,-1.,2.22044604925031E-16));
#2429=DIRECTION('',(-1.,-2.93205179518752E-16,6.51046282482142E-32));
#2430=DIRECTION('',(-3.51925457160344E-16,1.,-2.22044604925031E-16));
#2431=DIRECTION('',(1.,2.93205179518752E-16,-6.51046282482142E-32));
#2432=DIRECTION('',(8.05426678330801E-16,-1.,2.22044604925031E-16));
#2433=DIRECTION('',(-1.,-6.96116623028758E-16,1.54568940542168E-31));
#2434=DIRECTION('',(-0.707106781186548,0.707106781186547,-1.57009245868377E-16));
#2435=DIRECTION('center_axis',(6.61756952239131E-16,-1.,2.22044604925031E-16));
#2436=DIRECTION('ref_axis',(-1.,-6.61756952239131E-16,1.46939561016331E-31));
#2437=DIRECTION('',(0.,2.22044604925031E-16,1.));
#2438=DIRECTION('',(1.,1.22464679914735E-16,-2.71926214689378E-32));
#2439=DIRECTION('',(4.62789363044358E-31,-4.00100653392015E-15,-1.));
#2440=DIRECTION('',(1.,1.22464679914735E-16,-2.71926214689378E-32));
#2441=DIRECTION('',(4.62789363044358E-31,-4.00100653392015E-15,-1.));
#2442=DIRECTION('center_axis',(1.,3.47169793383234E-16,-7.7087179613685E-32));
#2443=DIRECTION('ref_axis',(3.47169793383234E-16,-1.,2.22044604925031E-16));
#2444=DIRECTION('',(1.22464679914735E-16,-1.,3.63462279597053E-16));
#2445=DIRECTION('',(0.,2.22044604925031E-16,1.));
#2446=DIRECTION('',(-1.22464679914735E-16,1.,-2.22044604925031E-16));
#2447=DIRECTION('',(0.,2.22044604925031E-16,1.));
#2448=DIRECTION('',(-1.22464679914735E-16,1.,-2.22044604925031E-16));
#2449=DIRECTION('',(-1.22464679914735E-16,1.,-2.22044604925031E-16));
#2450=DIRECTION('',(-1.73186702629953E-32,3.63462279597053E-16,1.));
#2451=DIRECTION('center_axis',(-9.92480314386827E-17,0.810421678379293,
-0.585846996418766));
#2452=DIRECTION('ref_axis',(7.17455648954333E-17,-0.585846996418766,-0.810421678379293));
#2453=DIRECTION('',(-7.17455648954333E-17,0.585846996418766,0.810421678379293));
#2454=DIRECTION('',(-7.17455648954333E-17,0.585846996418766,0.810421678379293));
#2455=DIRECTION('',(1.,1.22464679914735E-16,-2.71926214689378E-32));
#2456=DIRECTION('center_axis',(-8.8517648010866E-32,9.44846053248706E-16,
1.));
#2457=DIRECTION('ref_axis',(-1.22464679914735E-16,1.,-9.44846053248706E-16));
#2458=DIRECTION('',(1.22464679914735E-16,-1.,9.44846053248705E-16));
#2459=DIRECTION('',(1.,1.22464679914735E-16,-2.71926214689378E-32));
#2460=DIRECTION('',(1.22464679914735E-16,-1.,9.44846053248705E-16));
#2461=DIRECTION('center_axis',(-1.22464679914735E-16,1.,-1.3785269222429E-15));
#2462=DIRECTION('ref_axis',(1.41628236817384E-31,-1.3785269222429E-15,-1.));
#2463=DIRECTION('',(-1.41628236817384E-31,1.3785269222429E-15,1.));
#2464=DIRECTION('',(-1.41628236817384E-31,1.3785269222429E-15,1.));
#2465=DIRECTION('center_axis',(1.,1.22464679914735E-16,-2.71926214689378E-32));
#2466=DIRECTION('ref_axis',(1.22464679914735E-16,-1.,2.22044604925031E-16));
#2467=DIRECTION('center_axis',(1.,1.22464679914735E-16,-2.71926214689378E-32));
#2468=DIRECTION('ref_axis',(1.22464679914735E-16,-1.,2.22044604925031E-16));
#2469=DIRECTION('center_axis',(0.766044443118978,2.3654090837058E-16,0.642787609686539));
#2470=DIRECTION('ref_axis',(-0.642787609686539,9.13772568539493E-17,0.766044443118978));
#2471=DIRECTION('',(-0.60658472488997,0.330864395394529,0.722899525100392));
#2472=DIRECTION('',(-0.642787609686538,9.13772568539496E-17,0.766044443118979));
#2473=DIRECTION('center_axis',(-0.766044443118978,4.89141333165255E-17,
0.642787609686539));
#2474=DIRECTION('ref_axis',(-0.642787609686539,-2.48814814600789E-16,-0.766044443118978));
#2475=DIRECTION('',(-0.60658472488997,-0.330864395394528,-0.722899525100392));
#2476=DIRECTION('',(-0.642787609686538,-2.48814814600789E-16,-0.766044443118979));
#2477=DIRECTION('center_axis',(-1.,-1.22464679914735E-16,2.71926214689378E-32));
#2478=DIRECTION('ref_axis',(-1.22464679914735E-16,1.,-2.22044604925031E-16));
#2479=DIRECTION('',(0.,-2.22044604925031E-16,-1.));
#2480=DIRECTION('',(1.22464679914735E-16,-1.,2.22044604925031E-16));
#2481=DIRECTION('',(0.,-2.22044604925031E-16,-1.));
#2482=DIRECTION('center_axis',(-3.09772049281573E-16,2.22044604925031E-16,
1.));
#2483=DIRECTION('ref_axis',(-1.,-1.22464679914735E-16,-3.09772049281573E-16));
#2484=DIRECTION('',(-1.,-1.22464679914735E-16,-3.09772049281573E-16));
#2485=DIRECTION('',(-1.,-1.22464679914735E-16,-3.09772049281573E-16));
#2486=DIRECTION('center_axis',(-1.22464679914735E-16,1.,-2.22044604925031E-16));
#2487=DIRECTION('ref_axis',(1.,1.22464679914735E-16,-2.71926214689378E-32));
#2488=DIRECTION('center_axis',(-1.22464679914735E-16,1.,-2.22044604925031E-16));
#2489=DIRECTION('ref_axis',(1.,1.22464679914735E-16,-2.71926214689378E-32));
#2490=DIRECTION('center_axis',(1.,1.22464679914735E-16,-2.71926214689378E-32));
#2491=DIRECTION('ref_axis',(1.22464679914735E-16,-1.,2.22044604925031E-16));
#2492=DIRECTION('',(0.,2.22044604925031E-16,1.));
#2493=DIRECTION('',(0.,2.22044604925031E-16,1.));
#2494=DIRECTION('',(1.22464679914735E-16,-1.,2.22044604925031E-16));
#2495=DIRECTION('center_axis',(3.09772049281573E-16,2.22044604925031E-16,
1.));
#2496=DIRECTION('ref_axis',(-1.,-1.22464679914735E-16,3.09772049281573E-16));
#2497=DIRECTION('',(-1.,-1.22464679914735E-16,3.09772049281573E-16));
#2498=DIRECTION('',(-1.,-1.22464679914735E-16,3.09772049281573E-16));
#2499=DIRECTION('center_axis',(-1.22464679914735E-16,1.,-2.22044604925031E-16));
#2500=DIRECTION('ref_axis',(1.,1.22464679914735E-16,-2.71926214689378E-32));
#2501=DIRECTION('center_axis',(-1.22464679914735E-16,1.,-2.22044604925031E-16));
#2502=DIRECTION('ref_axis',(1.,1.22464679914735E-16,-2.71926214689378E-32));
#2503=DIRECTION('center_axis',(1.,1.22464679914735E-16,-2.71926214689378E-32));
#2504=DIRECTION('ref_axis',(1.22464679914735E-16,-1.,2.22044604925031E-16));
#2505=DIRECTION('',(-1.22464679914735E-16,1.,-2.22044604925031E-16));
#2506=DIRECTION('',(0.,-2.22044604925031E-16,-1.));
#2507=DIRECTION('',(-1.22464679914735E-16,1.,-2.22044604925031E-16));
#2508=DIRECTION('center_axis',(0.,2.22044604925031E-16,1.));
#2509=DIRECTION('ref_axis',(-1.22464679914735E-16,1.,-2.22044604925031E-16));
#2510=DIRECTION('',(0.877895572914385,0.478852130680572,-1.06326532174477E-16));
#2511=DIRECTION('',(1.,1.22464679914735E-16,-2.71926214689378E-32));
#2512=DIRECTION('center_axis',(0.70710678118655,-7.04136402448273E-17,-0.707106781186545));
#2513=DIRECTION('ref_axis',(0.707106781186545,2.43604851491927E-16,0.70710678118655));
#2514=DIRECTION('',(-1.22464679914735E-16,1.,-2.22044604925031E-16));
#2515=DIRECTION('',(-0.707106781186545,-2.43604851491927E-16,-0.70710678118655));
#2516=DIRECTION('center_axis',(1.22464679914735E-16,-1.,2.22044604925031E-16));
#2517=DIRECTION('ref_axis',(-1.,-1.22464679914735E-16,2.71926214689378E-32));
#2518=DIRECTION('',(-1.,-1.22464679914735E-16,2.71926214689378E-32));
#2519=DIRECTION('',(-1.,-1.22464679914735E-16,2.71926214689378E-32));
#2520=DIRECTION('center_axis',(0.707106781186552,2.43604851491926E-16,0.707106781186543));
#2521=DIRECTION('ref_axis',(-0.707106781186543,7.04136402448297E-17,0.707106781186552));
#2522=DIRECTION('',(-1.22464679914735E-16,1.,-2.22044604925031E-16));
#2523=DIRECTION('',(0.707106781186543,-7.04136402448297E-17,-0.707106781186552));
#2524=DIRECTION('',(-1.22464679914735E-16,1.,-2.22044604925031E-16));
#2525=DIRECTION('center_axis',(1.,1.22464679914735E-16,-2.71926214689378E-32));
#2526=DIRECTION('ref_axis',(1.22464679914735E-16,-1.,2.22044604925031E-16));
#2527=DIRECTION('',(-1.22464679914735E-16,1.,-2.22044604925031E-16));
#2528=DIRECTION('',(0.,-2.22044604925031E-16,-1.));
#2529=DIRECTION('center_axis',(0.,-2.22044604925031E-16,-1.));
#2530=DIRECTION('ref_axis',(1.22464679914735E-16,-1.,2.22044604925031E-16));
#2531=DIRECTION('',(0.877895572914385,-0.478852130680573,1.06326532174477E-16));
#2532=DIRECTION('',(-1.,-1.22464679914735E-16,2.71926214689378E-32));
#2533=DIRECTION('center_axis',(-1.22464679914735E-16,1.,-2.22044604925031E-16));
#2534=DIRECTION('ref_axis',(1.,1.22464679914735E-16,-2.71926214689378E-32));
#2535=DIRECTION('',(1.,1.22464679914735E-16,-2.71926214689378E-32));
#2536=DIRECTION('center_axis',(-0.478852130680573,-0.877895572914385,1.94931975653209E-16));
#2537=DIRECTION('ref_axis',(0.,2.22044604925031E-16,1.));
#2538=DIRECTION('center_axis',(0.478852130680572,-0.877895572914385,1.94931975653209E-16));
#2539=DIRECTION('ref_axis',(0.,2.22044604925031E-16,1.));
#2540=DIRECTION('center_axis',(1.,3.51925457160344E-16,-7.81431490982297E-32));
#2541=DIRECTION('ref_axis',(3.51925457160344E-16,-1.,2.22044604925031E-16));
#2542=DIRECTION('',(0.,-2.22044604925031E-16,-1.));
#2543=DIRECTION('',(3.51925457160344E-16,-1.,2.22044604925031E-16));
#2544=DIRECTION('',(0.,-2.22044604925031E-16,-1.));
#2545=DIRECTION('center_axis',(0.707106781186547,0.707106781186548,-1.57009245868378E-16));
#2546=DIRECTION('ref_axis',(0.707106781186548,-0.707106781186547,1.57009245868377E-16));
#2547=DIRECTION('',(0.,-2.22044604925031E-16,-1.));
#2548=DIRECTION('',(0.707106781186548,-0.707106781186547,1.57009245868377E-16));
#2549=DIRECTION('center_axis',(-6.96116623028758E-16,1.,-2.22044604925031E-16));
#2550=DIRECTION('ref_axis',(1.,6.96116623028758E-16,-1.54568940542168E-31));
#2551=DIRECTION('',(0.,-2.22044604925031E-16,-1.));
#2552=DIRECTION('',(1.,6.96116623028758E-16,-1.54568940542168E-31));
#2553=DIRECTION('center_axis',(-1.,-8.05426678330801E-16,1.78840648586043E-31));
#2554=DIRECTION('ref_axis',(-8.05426678330801E-16,1.,-2.22044604925031E-16));
#2555=DIRECTION('',(0.,-2.22044604925031E-16,-1.));
#2556=DIRECTION('',(-8.05426678330801E-16,1.,-2.22044604925031E-16));
#2557=DIRECTION('center_axis',(2.93205179518752E-16,-1.,2.22044604925031E-16));
#2558=DIRECTION('ref_axis',(-1.,-2.93205179518752E-16,6.51046282482142E-32));
#2559=DIRECTION('',(-1.,-2.93205179518752E-16,6.51046282482142E-32));
#2560=DIRECTION('center_axis',(0.,2.22044604925031E-16,1.));
#2561=DIRECTION('ref_axis',(-1.22464679914735E-16,1.,-2.22044604925031E-16));
#2562=DIRECTION('',(1.22464679914735E-16,-1.,2.22044604925031E-16));
#2563=DIRECTION('',(1.,1.22464679914735E-16,-2.71926214689378E-32));
#2564=DIRECTION('',(1.22464679914735E-16,-1.,2.22044604925031E-16));
#2565=DIRECTION('',(-1.,-1.22464679914735E-16,2.71926214689378E-32));
#2566=DIRECTION('center_axis',(1.,4.63945679122768E-16,-1.0301663502749E-31));
#2567=DIRECTION('ref_axis',(4.63945679122768E-16,-1.,2.22044604925031E-16));
#2568=DIRECTION('',(0.,-2.22044604925031E-16,-1.));
#2569=DIRECTION('',(0.,-2.22044604925031E-16,-1.));
#2570=DIRECTION('center_axis',(-2.93205179518752E-16,1.,-2.22044604925031E-16));
#2571=DIRECTION('ref_axis',(1.,2.93205179518752E-16,-6.51046282482142E-32));
#2572=DIRECTION('',(0.,-2.22044604925031E-16,-1.));
#2573=DIRECTION('center_axis',(-1.,-2.07834929716744E-16,4.6148624858576E-32));
#2574=DIRECTION('ref_axis',(-2.07834929716744E-16,1.,-2.22044604925031E-16));
#2575=DIRECTION('',(0.,-2.22044604925031E-16,-1.));
#2576=DIRECTION('center_axis',(2.93205179518752E-16,-1.,2.22044604925031E-16));
#2577=DIRECTION('ref_axis',(-1.,-2.93205179518752E-16,6.51046282482142E-32));
#2578=DIRECTION('center_axis',(1.,1.22464679914735E-16,-2.71926214689378E-32));
#2579=DIRECTION('ref_axis',(1.22464679914735E-16,-1.,2.22044604925031E-16));
#2580=DIRECTION('',(1.22464679914735E-16,-1.,2.22044604925031E-16));
#2581=DIRECTION('',(1.22464679914735E-16,-1.,2.22044604925031E-16));
#2582=DIRECTION('',(0.,-2.22044604925031E-16,-1.));
#2583=DIRECTION('center_axis',(-3.39305114411836E-16,1.,-2.22044604925031E-16));
#2584=DIRECTION('ref_axis',(1.,3.39305114411836E-16,-7.53408700786187E-32));
#2585=DIRECTION('',(1.,3.39305114411836E-16,-7.53408700786187E-32));
#2586=DIRECTION('',(1.,3.39305114411836E-16,-7.53408700786187E-32));
#2587=DIRECTION('',(0.,-2.22044604925031E-16,-1.));
#2588=DIRECTION('center_axis',(-1.,-1.22464679914735E-16,2.71926214689378E-32));
#2589=DIRECTION('ref_axis',(-1.22464679914735E-16,1.,-2.22044604925031E-16));
#2590=DIRECTION('',(-1.22464679914735E-16,1.,-2.22044604925031E-16));
#2591=DIRECTION('',(-1.22464679914735E-16,1.,-2.22044604925031E-16));
#2592=DIRECTION('center_axis',(0.,2.22044604925031E-16,1.));
#2593=DIRECTION('ref_axis',(-1.22464679914735E-16,1.,-2.22044604925031E-16));
#2594=DIRECTION('center_axis',(0.,2.22044604925031E-16,1.));
#2595=DIRECTION('ref_axis',(-1.22464679914735E-16,1.,-2.22044604925031E-16));
#2596=DIRECTION('center_axis',(1.,1.22464679914735E-16,-2.71926214689378E-32));
#2597=DIRECTION('ref_axis',(1.22464679914735E-16,-1.,2.22044604925031E-16));
#2598=DIRECTION('',(1.22464679914735E-16,-1.,2.22044604925031E-16));
#2599=DIRECTION('',(1.22464679914735E-16,-1.,2.22044604925031E-16));
#2600=DIRECTION('',(0.,-2.22044604925031E-16,-1.));
#2601=DIRECTION('center_axis',(9.43757545823657E-17,1.,-2.22044604925031E-16));
#2602=DIRECTION('ref_axis',(1.,-9.43757545823657E-17,2.09556271407431E-32));
#2603=DIRECTION('',(1.,-9.43757545823657E-17,2.09556271407431E-32));
#2604=DIRECTION('',(1.,-9.43757545823657E-17,2.09556271407431E-32));
#2605=DIRECTION('',(0.,-2.22044604925031E-16,-1.));
#2606=DIRECTION('center_axis',(-1.,-1.22464679914735E-16,2.71926214689378E-32));
#2607=DIRECTION('ref_axis',(-1.22464679914735E-16,1.,-2.22044604925031E-16));
#2608=DIRECTION('',(-1.22464679914735E-16,1.,-2.22044604925031E-16));
#2609=DIRECTION('',(-1.22464679914735E-16,1.,-2.22044604925031E-16));
#2610=DIRECTION('center_axis',(0.,2.22044604925031E-16,1.));
#2611=DIRECTION('ref_axis',(-1.22464679914735E-16,1.,-2.22044604925031E-16));
#2612=DIRECTION('center_axis',(0.,2.22044604925031E-16,1.));
#2613=DIRECTION('ref_axis',(-1.22464679914735E-16,1.,-2.22044604925031E-16));
#2614=DIRECTION('center_axis',(0.,2.22044604925031E-16,1.));
#2615=DIRECTION('ref_axis',(-1.22464679914735E-16,1.,-2.22044604925031E-16));
#2616=DIRECTION('center_axis',(-5.9474106119645E-17,0.485642931178632,-0.874157276121538));
#2617=DIRECTION('ref_axis',(1.07053391015361E-16,-0.874157276121538,-0.485642931178632));
#2618=DIRECTION('',(0.527934936028456,0.742408503790014,0.41244916877223));
#2619=DIRECTION('',(0.527934936028455,-0.742408503790014,-0.41244916877223));
#2620=DIRECTION('center_axis',(5.9474106119645E-17,-0.485642931178632,-0.874157276121538));
#2621=DIRECTION('ref_axis',(1.07053391015361E-16,-0.874157276121538,0.485642931178632));
#2622=DIRECTION('',(-0.527934936028456,0.742408503790014,-0.41244916877223));
#2623=DIRECTION('',(-1.,-1.22464679914735E-16,2.71926214689378E-32));
#2624=DIRECTION('',(-0.527934936028454,-0.742408503790014,0.412449168772231));
#2625=DIRECTION('center_axis',(1.22464679914735E-16,-1.,3.63462279597053E-16));
#2626=DIRECTION('ref_axis',(-1.73186702629953E-32,3.63462279597053E-16,
1.));
#2627=DIRECTION('center_axis',(0.615644041972315,3.61811785793523E-16,0.788024373724563));
#2628=DIRECTION('ref_axis',(-0.788024373724563,4.01952853810036E-17,0.615644041972315));
#2629=DIRECTION('center_axis',(-0.615644041972314,2.11022484710418E-16,
0.788024373724564));
#2630=DIRECTION('ref_axis',(-0.788024373724564,-2.3320559076738E-16,-0.615644041972314));
#2631=DIRECTION('center_axis',(0.,-2.22044604925031E-16,-1.));
#2632=DIRECTION('ref_axis',(1.22464679914735E-16,-1.,2.22044604925031E-16));
#2633=DIRECTION('center_axis',(-1.22464679914735E-16,1.,-3.63462279597053E-16));
#2634=DIRECTION('ref_axis',(1.73186702629953E-32,-3.63462279597053E-16,
-1.));
#2635=DIRECTION('center_axis',(0.615644041972315,-2.11022484710416E-16,
-0.788024373724563));
#2636=DIRECTION('ref_axis',(0.788024373724563,2.3320559076738E-16,0.615644041972315));
#2637=DIRECTION('center_axis',(-0.615644041972314,-3.61811785793524E-16,
-0.788024373724564));
#2638=DIRECTION('ref_axis',(0.788024373724564,-4.01952853810033E-17,-0.615644041972314));
#2639=DIRECTION('center_axis',(-1.18826955541026E-16,0.970295726275997,
-0.241921895599665));
#2640=DIRECTION('ref_axis',(2.9626887508979E-17,-0.241921895599665,-0.970295726275997));
#2641=DIRECTION('',(1.,1.22464679914735E-16,-2.71926214689378E-32));
#2642=DIRECTION('',(-0.246296620734983,0.234469370118623,0.940405279169946));
#2643=DIRECTION('',(-0.246296620734984,-0.234469370118623,-0.940405279169946));
#2644=DIRECTION('center_axis',(1.18826955541026E-16,-0.970295726275997,
-0.241921895599665));
#2645=DIRECTION('ref_axis',(2.9626887508979E-17,-0.241921895599665,0.970295726275997));
#2646=DIRECTION('',(0.246296620734983,0.234469370118623,-0.940405279169946));
#2647=DIRECTION('',(1.,1.22464679914735E-16,-2.71926214689378E-32));
#2648=DIRECTION('',(0.246296620734984,-0.234469370118623,0.940405279169946));
#2649=DIRECTION('center_axis',(1.,1.22464679914735E-16,-2.71926214689378E-32));
#2650=DIRECTION('ref_axis',(1.22464679914735E-16,-1.,2.22044604925031E-16));
#2651=DIRECTION('',(-2.75928697564508E-32,4.47357485142103E-16,1.));
#2652=DIRECTION('',(-1.22464679914735E-16,1.,-2.22044604925031E-16));
#2653=DIRECTION('',(-7.99858265158421E-33,-1.56731221040362E-16,-1.));
#2654=DIRECTION('center_axis',(1.,1.22464679914735E-16,-2.71926214689378E-32));
#2655=DIRECTION('ref_axis',(1.22464679914735E-16,-1.,2.22044604925031E-16));
#2656=DIRECTION('',(-1.22464679914735E-16,1.,-2.22044604925031E-16));
#2657=DIRECTION('',(-1.59971653031684E-32,3.52671372694369E-16,1.));
#2658=DIRECTION('',(0.,-2.22044604925031E-16,-1.));
#2659=DIRECTION('center_axis',(-1.22464679914735E-16,1.,-3.52671372694369E-16));
#2660=DIRECTION('ref_axis',(1.59971653031684E-32,-3.52671372694369E-16,
-1.));
#2661=DIRECTION('center_axis',(1.22464679914735E-16,-1.,2.22044604925031E-16));
#2662=DIRECTION('ref_axis',(-1.,-1.22464679914735E-16,2.71926214689378E-32));
#2663=DIRECTION('center_axis',(1.22464679914735E-16,-1.,2.22044604925031E-16));
#2664=DIRECTION('ref_axis',(-1.,-1.22464679914735E-16,2.71926214689378E-32));
#2665=DIRECTION('',(1.,1.22464679914735E-16,-2.71926214689378E-32));
#2666=DIRECTION('center_axis',(-1.22464679914735E-16,1.,-3.52671372694369E-16));
#2667=DIRECTION('ref_axis',(1.59971653031684E-32,-3.52671372694369E-16,
-1.));
#2668=DIRECTION('',(1.,1.22464679914735E-16,-2.71926214689378E-32));
#2669=DIRECTION('center_axis',(1.,1.22464679914735E-16,-2.71926214689378E-32));
#2670=DIRECTION('ref_axis',(1.22464679914735E-16,-1.,2.22044604925031E-16));
#2671=DIRECTION('',(1.,1.22464679914735E-16,-2.71926214689378E-32));
#2672=DIRECTION('center_axis',(1.,1.22464679914735E-16,-2.71926214689378E-32));
#2673=DIRECTION('ref_axis',(-1.22464678616495E-16,0.999999989399063,-0.00014560862962794));
#2674=DIRECTION('',(1.,1.22464679914735E-16,-2.71926214689378E-32));
#2675=DIRECTION('center_axis',(1.,1.22464679914735E-16,-2.71926214689378E-32));
#2676=DIRECTION('ref_axis',(1.22464679914735E-16,-1.,2.22044604925031E-16));
#2677=DIRECTION('',(1.,1.22464679914735E-16,-2.71926214689378E-32));
#2678=DIRECTION('center_axis',(1.18826955541026E-16,-0.970295726275997,
0.241921895599666));
#2679=DIRECTION('ref_axis',(-2.96268875089791E-17,0.241921895599666,0.970295726275997));
#2680=DIRECTION('',(-0.246296620734985,0.234469370118624,0.940405279169945));
#2681=DIRECTION('',(-0.246296620734985,-0.234469370118624,-0.940405279169945));
#2682=DIRECTION('center_axis',(-1.18826955541026E-16,0.970295726275996,
0.241921895599668));
#2683=DIRECTION('ref_axis',(-2.96268875089794E-17,0.241921895599668,-0.970295726275996));
#2684=DIRECTION('',(1.,1.22464679914735E-16,-2.71926214689378E-32));
#2685=DIRECTION('',(0.246296620734985,0.234469370118626,-0.940405279169945));
#2686=DIRECTION('',(0.246296620734985,-0.234469370118626,0.940405279169945));
#2687=DIRECTION('center_axis',(1.,1.22464679914735E-16,-2.71926214689378E-32));
#2688=DIRECTION('ref_axis',(1.22464679914735E-16,-1.,2.22044604925031E-16));
#2689=DIRECTION('',(1.,1.22464679914735E-16,-2.71926214689378E-32));
#2690=DIRECTION('center_axis',(1.,1.22464679914735E-16,-2.71926214689378E-32));
#2691=DIRECTION('ref_axis',(-1.22464678616495E-16,0.999999989399063,-0.00014560862960085));
#2692=DIRECTION('',(1.,1.22464679914735E-16,-2.71926214689378E-32));
#2693=DIRECTION('center_axis',(1.,1.22464679914735E-16,-2.71926214689378E-32));
#2694=DIRECTION('ref_axis',(1.22464679914735E-16,-1.,2.22044604925031E-16));
#2695=DIRECTION('center_axis',(-0.967372223380246,-6.22118436300234E-17,
0.253359391837682));
#2696=DIRECTION('ref_axis',(-0.253359391837682,-2.45827359980709E-16,-0.967372223380246));
#2697=DIRECTION('center_axis',(0.967372223380246,1.74726015759312E-16,0.253359391837682));
#2698=DIRECTION('ref_axis',(-0.253359391837682,1.83772206331122E-16,0.967372223380246));
#2699=DIRECTION('center_axis',(0.967372223380246,6.22118436300234E-17,-0.253359391837682));
#2700=DIRECTION('ref_axis',(0.253359391837682,2.45827359980709E-16,0.967372223380246));
#2701=DIRECTION('center_axis',(-0.967372223380246,-1.74726015759312E-16,
-0.25335939183768));
#2702=DIRECTION('ref_axis',(0.25335939183768,-1.83772206331122E-16,-0.967372223380246));
#2703=DIRECTION('center_axis',(-1.18826955541026E-16,0.970295726275996,
-0.241921895599668));
#2704=DIRECTION('ref_axis',(2.96268875089794E-17,-0.241921895599668,-0.970295726275996));
#2705=DIRECTION('',(-0.235138839312813,-0.235138839312811,-0.943090373449569));
#2706=DIRECTION('',(1.,1.22464679914735E-16,-2.71926214689378E-32));
#2707=DIRECTION('',(-0.235138839312814,0.235138839312811,0.943090373449569));
#2708=DIRECTION('center_axis',(1.18826955541026E-16,-0.970295726275996,
-0.241921895599668));
#2709=DIRECTION('ref_axis',(2.96268875089794E-17,-0.241921895599668,0.970295726275996));
#2710=DIRECTION('',(1.,1.22464679914735E-16,-2.71926214689378E-32));
#2711=DIRECTION('',(0.235138839312813,-0.23513883931281,0.943090373449569));
#2712=DIRECTION('',(0.235138839312814,0.23513883931281,-0.943090373449569));
#2713=DIRECTION('center_axis',(-1.,-1.22464679914735E-16,2.71926214689378E-32));
#2714=DIRECTION('ref_axis',(-1.22464679914735E-16,1.,-2.22044604925031E-16));
#2715=DIRECTION('',(1.22464679914735E-16,-1.,2.22044604925031E-16));
#2716=DIRECTION('',(0.,-2.22044604925031E-16,-1.));
#2717=DIRECTION('',(0.,2.22044604925031E-16,1.));
#2718=DIRECTION('center_axis',(-1.,-1.22464679914735E-16,2.71926214689378E-32));
#2719=DIRECTION('ref_axis',(-1.22464679914735E-16,1.,-2.22044604925031E-16));
#2720=DIRECTION('',(0.,-2.22044604925031E-16,-1.));
#2721=DIRECTION('',(1.22464679914735E-16,-1.,2.22044604925031E-16));
#2722=DIRECTION('',(0.,2.22044604925031E-16,1.));
#2723=DIRECTION('center_axis',(-1.22464679914735E-16,1.,-2.22044604925031E-16));
#2724=DIRECTION('ref_axis',(1.,1.22464679914735E-16,-2.71926214689378E-32));
#2725=DIRECTION('center_axis',(1.22464679914735E-16,-1.,2.22044604925031E-16));
#2726=DIRECTION('ref_axis',(-1.,-1.22464679914735E-16,2.71926214689378E-32));
#2727=DIRECTION('center_axis',(1.22464679914735E-16,-1.,2.22044604925031E-16));
#2728=DIRECTION('ref_axis',(-1.,-1.22464679914735E-16,2.71926214689378E-32));
#2729=DIRECTION('',(1.,1.22464679914735E-16,-2.71926214689378E-32));
#2730=DIRECTION('center_axis',(-1.22464679914735E-16,1.,-2.22044604925031E-16));
#2731=DIRECTION('ref_axis',(1.,1.22464679914735E-16,-2.71926214689378E-32));
#2732=DIRECTION('',(1.,1.22464679914735E-16,-2.71926214689378E-32));
#2733=DIRECTION('center_axis',(1.,1.22464679914735E-16,-2.71926214689378E-32));
#2734=DIRECTION('ref_axis',(1.22464679914735E-16,-1.,2.22044604925031E-16));
#2735=DIRECTION('',(1.,1.22464679914735E-16,-2.71926214689378E-32));
#2736=DIRECTION('center_axis',(1.,1.22464679914735E-16,-2.71926214689378E-32));
#2737=DIRECTION('ref_axis',(1.22464679914735E-16,-1.,2.22044604925031E-16));
#2738=DIRECTION('',(1.,1.22464679914735E-16,-2.71926214689378E-32));
#2739=DIRECTION('center_axis',(1.,1.22464679914735E-16,-2.71926214689378E-32));
#2740=DIRECTION('ref_axis',(-1.20461736740851E-16,0.983644727808224,0.180119542124349));
#2741=DIRECTION('',(1.,1.22464679914735E-16,-2.71926214689378E-32));
#2742=DIRECTION('center_axis',(1.18826955541026E-16,-0.970295726276,0.241921895599651));
#2743=DIRECTION('ref_axis',(-2.96268875089773E-17,0.241921895599651,0.970295726276001));
#2744=DIRECTION('',(-0.235138839312815,-0.235138839312794,-0.943090373449572));
#2745=DIRECTION('',(-0.235138839312815,0.235138839312794,0.943090373449572));
#2746=DIRECTION('center_axis',(-1.18826955541026E-16,0.970295726276,0.241921895599652));
#2747=DIRECTION('ref_axis',(-2.96268875089774E-17,0.241921895599652,-0.970295726276001));
#2748=DIRECTION('',(0.235138839312815,-0.235138839312795,0.943090373449572));
#2749=DIRECTION('',(1.,1.22464679914735E-16,-2.71926214689378E-32));
#2750=DIRECTION('',(0.235138839312815,0.235138839312795,-0.943090373449572));
#2751=DIRECTION('center_axis',(1.,1.22464679914735E-16,-2.71926214689378E-32));
#2752=DIRECTION('ref_axis',(-1.20989655731406E-16,0.98795551350515,0.154738176720467));
#2753=DIRECTION('',(1.,1.22464679914735E-16,-2.71926214689378E-32));
#2754=DIRECTION('center_axis',(1.,1.22464679914735E-16,-2.71926214689378E-32));
#2755=DIRECTION('ref_axis',(1.22464679914735E-16,-1.,2.22044604925031E-16));
#2756=DIRECTION('',(1.,1.22464679914735E-16,-2.71926214689378E-32));
#2757=DIRECTION('center_axis',(1.,1.22464679914735E-16,-2.71926214689378E-32));
#2758=DIRECTION('ref_axis',(1.22464679914735E-16,-1.,2.22044604925031E-16));
#2759=DIRECTION('center_axis',(0.970295726275996,1.72544407272169E-16,0.241921895599671));
#2760=DIRECTION('ref_axis',(-0.241921895599671,1.8582204369242E-16,0.970295726275996));
#2761=DIRECTION('center_axis',(-0.970295726275996,-6.51095038098819E-17,
0.241921895599671));
#2762=DIRECTION('ref_axis',(-0.241921895599671,-2.45075818710379E-16,-0.970295726275996));
#2763=DIRECTION('center_axis',(-0.970295726275996,-1.72544407272169E-16,
-0.241921895599671));
#2764=DIRECTION('ref_axis',(0.241921895599671,-1.8582204369242E-16,-0.970295726275996));
#2765=DIRECTION('center_axis',(0.970295726275996,6.51095038098819E-17,-0.241921895599671));
#2766=DIRECTION('ref_axis',(0.241921895599671,2.45075818710379E-16,0.970295726275996));
#2767=CARTESIAN_POINT('',(0.,0.,0.));
#2768=CARTESIAN_POINT('Origin',(-0.32,-0.110564477611728,7.46));
#2769=CARTESIAN_POINT('',(-0.110564477611721,0.110564477611731,7.46));
#2770=CARTESIAN_POINT('',(0.11056447761173,0.110564477611731,7.46));
#2771=CARTESIAN_POINT('',(-0.32,0.110564477611731,7.46));
#2772=CARTESIAN_POINT('',(-0.110564477611721,-0.110564477611728,7.46));
#2773=CARTESIAN_POINT('',(-0.110564477611721,0.330000000000001,7.46));
#2774=CARTESIAN_POINT('',(0.11056447761173,-0.110564477611728,7.46));
#2775=CARTESIAN_POINT('',(-0.32,-0.110564477611728,7.46));
#2776=CARTESIAN_POINT('',(0.11056447761173,0.330000000000001,7.46));
#2777=CARTESIAN_POINT('Origin',(-0.32,-0.96,-0.484167058639198));
#2778=CARTESIAN_POINT('',(-0.32,0.209182053197889,-1.7348158659922));
#2779=CARTESIAN_POINT('',(-0.32,0.319999999999979,-2.34));
#2780=CARTESIAN_POINT('Origin',(-0.32,-0.938735557532261,-2.2577543926805));
#2781=CARTESIAN_POINT('',(-0.32,-0.32,-2.34));
#2782=CARTESIAN_POINT('',(-0.32,0.329999999999999,-2.34));
#2783=CARTESIAN_POINT('',(-0.32,-0.373230999021821,-2.0001364958048));
#2784=CARTESIAN_POINT('Origin',(-0.32,-0.95564405124153,-2.2654571256173));
#2785=CARTESIAN_POINT('',(-0.32,-0.3762962962963,-0.746636078301599));
#2786=CARTESIAN_POINT('Origin',(-0.32,1.01,-1.37));
#2787=CARTESIAN_POINT('',(-0.32,-0.32,-0.484167058639198));
#2788=CARTESIAN_POINT('Origin',(-0.32,-0.96,-0.484167058639198));
#2789=CARTESIAN_POINT('',(-0.32,-0.32,0.));
#2790=CARTESIAN_POINT('',(-0.32,-0.32,-0.484167058639198));
#2791=CARTESIAN_POINT('',(-0.32,0.32,0.));
#2792=CARTESIAN_POINT('',(-0.32,1.96,0.));
#2793=CARTESIAN_POINT('',(-0.32,0.319999999999999,-0.484167058639198));
#2794=CARTESIAN_POINT('',(-0.32,0.320000000000001,6.62));
#2795=CARTESIAN_POINT('',(-0.32,0.207407407407409,-1.0091050979641));
#2796=CARTESIAN_POINT('Origin',(-0.32,-0.96,-0.484167058639198));
#2797=CARTESIAN_POINT('Origin',(-0.32,1.01,-1.37));
#2798=CARTESIAN_POINT('Origin',(0.32,-0.96,-0.484167058639198));
#2799=CARTESIAN_POINT('',(0.32,0.319999999999979,-2.34));
#2800=CARTESIAN_POINT('',(0.32,-0.319999999999991,-2.34));
#2801=CARTESIAN_POINT('',(0.32,0.329999999999999,-2.34));
#2802=CARTESIAN_POINT('',(0.32,0.209182053197889,-1.7348158659922));
#2803=CARTESIAN_POINT('Origin',(0.32,-0.938735557532261,-2.2577543926805));
#2804=CARTESIAN_POINT('',(0.32,0.207407407407409,-1.0091050979641));
#2805=CARTESIAN_POINT('Origin',(0.32,1.01,-1.37));
#2806=CARTESIAN_POINT('',(0.32,0.319999999999999,-0.484167058639198));
#2807=CARTESIAN_POINT('Origin',(0.32,-0.96,-0.484167058639198));
#2808=CARTESIAN_POINT('',(0.32,0.32,0.));
#2809=CARTESIAN_POINT('',(0.32,0.32,3.3));
#2810=CARTESIAN_POINT('',(0.32,-0.32,0.));
#2811=CARTESIAN_POINT('',(0.32,1.96,0.));
#2812=CARTESIAN_POINT('',(0.32,-0.32,-0.484167058639198));
#2813=CARTESIAN_POINT('',(0.32,-0.32,3.3));
#2814=CARTESIAN_POINT('',(0.32,-0.3762962962963,-0.746636078301599));
#2815=CARTESIAN_POINT('Origin',(0.32,-0.96,-0.484167058639198));
#2816=CARTESIAN_POINT('',(0.32,-0.373230999021821,-2.0001364958048));
#2817=CARTESIAN_POINT('Origin',(0.32,1.01,-1.37));
#2818=CARTESIAN_POINT('Origin',(0.32,-0.95564405124153,-2.2654571256173));
#2819=CARTESIAN_POINT('Origin',(-0.32,0.110564477611729,-3.18));
#2820=CARTESIAN_POINT('',(-0.110564477611721,0.110564477611729,-3.18));
#2821=CARTESIAN_POINT('',(0.11056447761173,0.110564477611729,-3.18));
#2822=CARTESIAN_POINT('',(-0.32,0.110564477611729,-3.18));
#2823=CARTESIAN_POINT('',(0.11056447761173,-0.11056447761173,-3.18));
#2824=CARTESIAN_POINT('',(0.11056447761173,0.329999999999999,-3.18));
#2825=CARTESIAN_POINT('',(-0.110564477611721,-0.11056447761173,-3.18));
#2826=CARTESIAN_POINT('',(-0.32,-0.11056447761173,-3.18));
#2827=CARTESIAN_POINT('',(-0.110564477611721,0.329999999999999,-3.18));
#2828=CARTESIAN_POINT('Origin',(2.68,-0.110564477611728,7.46));
#2829=CARTESIAN_POINT('',(2.9,-0.110564477611728,7.46));
#2830=CARTESIAN_POINT('',(3.1,-0.110564477611728,7.46));
#2831=CARTESIAN_POINT('',(2.68,-0.110564477611728,7.46));
#2832=CARTESIAN_POINT('',(3.1,0.110564477611732,7.46));
#2833=CARTESIAN_POINT('',(3.1,-1.04,7.46));
#2834=CARTESIAN_POINT('',(2.9,0.110564477611732,7.46));
#2835=CARTESIAN_POINT('',(2.68,0.110564477611732,7.46));
#2836=CARTESIAN_POINT('',(2.9,-1.04,7.46));
#2837=CARTESIAN_POINT('Origin',(2.68,0.960000000000001,-0.549587902621298));
#2838=CARTESIAN_POINT('',(2.68,-0.32,-2.34));
#2839=CARTESIAN_POINT('',(2.68,0.32,-2.34));
#2840=CARTESIAN_POINT('',(2.68,-1.04,-2.34));
#2841=CARTESIAN_POINT('',(2.68,-0.20751254026345,-1.7965494595273));
#2842=CARTESIAN_POINT('Origin',(2.68,0.30098926481665,-2.1851699868162));
#2843=CARTESIAN_POINT('',(2.68,-0.207407407407411,-1.0745259419462));
#2844=CARTESIAN_POINT('Origin',(2.68,-1.01,-1.4354208439821));
#2845=CARTESIAN_POINT('',(2.68,-0.32,-0.549587902621298));
#2846=CARTESIAN_POINT('Origin',(2.68,0.960000000000001,-0.549587902621298));
#2847=CARTESIAN_POINT('',(2.68,-0.319999999999999,0.));
#2848=CARTESIAN_POINT('',(2.68,-0.32,-0.549587902621298));
#2849=CARTESIAN_POINT('',(2.68,0.32,0.));
#2850=CARTESIAN_POINT('',(2.68,1.96,0.));
#2851=CARTESIAN_POINT('',(2.68,0.32,-0.549587902621298));
#2852=CARTESIAN_POINT('',(2.68,0.320000000000002,6.62));
#2853=CARTESIAN_POINT('',(2.68,0.3762962962963,-0.812056922283799));
#2854=CARTESIAN_POINT('Origin',(2.68,0.960000000000001,-0.549587902621298));
#2855=CARTESIAN_POINT('',(2.68,0.37611470318132,-2.0591884526511));
#2856=CARTESIAN_POINT('Origin',(2.68,-1.01,-1.4354208439821));
#2857=CARTESIAN_POINT('Origin',(2.68,0.959741946626079,-2.3218274457748));
#2858=CARTESIAN_POINT('Origin',(3.32,0.960000000000001,-0.549587902621298));
#2859=CARTESIAN_POINT('',(3.32,-0.32,-2.34));
#2860=CARTESIAN_POINT('',(3.32,-0.20751254026345,-1.7965494595273));
#2861=CARTESIAN_POINT('Origin',(3.32,0.30098926481665,-2.1851699868162));
#2862=CARTESIAN_POINT('',(3.32,0.32,-2.34));
#2863=CARTESIAN_POINT('',(3.32,-1.04,-2.34));
#2864=CARTESIAN_POINT('',(3.32,0.37611470318132,-2.0591884526511));
#2865=CARTESIAN_POINT('Origin',(3.32,0.95974194662608,-2.3218274457748));
#2866=CARTESIAN_POINT('',(3.32,0.3762962962963,-0.812056922283799));
#2867=CARTESIAN_POINT('Origin',(3.32,-1.01,-1.4354208439821));
#2868=CARTESIAN_POINT('',(3.32,0.32,-0.549587902621298));
#2869=CARTESIAN_POINT('Origin',(3.32,0.960000000000001,-0.549587902621298));
#2870=CARTESIAN_POINT('',(3.32,0.32,0.));
#2871=CARTESIAN_POINT('',(3.32,0.320000000000001,3.3));
#2872=CARTESIAN_POINT('',(3.32,-0.319999999999999,0.));
#2873=CARTESIAN_POINT('',(3.32,1.96,0.));
#2874=CARTESIAN_POINT('',(3.32,-0.32,-0.549587902621298));
#2875=CARTESIAN_POINT('',(3.32,-0.319999999999999,3.3));
#2876=CARTESIAN_POINT('',(3.32,-0.207407407407411,-1.0745259419462));
#2877=CARTESIAN_POINT('Origin',(3.32,0.960000000000001,-0.549587902621298));
#2878=CARTESIAN_POINT('Origin',(3.32,-1.01,-1.4354208439821));
#2879=CARTESIAN_POINT('Origin',(2.68,0.110564477611729,-3.18));
#2880=CARTESIAN_POINT('',(2.9,-0.11056447761173,-3.18));
#2881=CARTESIAN_POINT('',(3.1,-0.11056447761173,-3.18));
#2882=CARTESIAN_POINT('',(2.68,-0.11056447761173,-3.18));
#2883=CARTESIAN_POINT('',(2.9,0.110564477611729,-3.18));
#2884=CARTESIAN_POINT('',(2.9,-1.04,-3.18));
#2885=CARTESIAN_POINT('',(3.1,0.110564477611729,-3.18));
#2886=CARTESIAN_POINT('',(2.68,0.110564477611729,-3.18));
#2887=CARTESIAN_POINT('',(3.1,-1.04,-3.18));
#2888=CARTESIAN_POINT('Origin',(1.5,1.96,0.));
#2889=CARTESIAN_POINT('',(5.685,1.57,0.));
#2890=CARTESIAN_POINT('',(5.685,1.96,0.));
#2891=CARTESIAN_POINT('',(5.685,1.57,0.));
#2892=CARTESIAN_POINT('',(6.325,1.57,0.));
#2893=CARTESIAN_POINT('',(5.685,1.57,0.));
#2894=CARTESIAN_POINT('',(6.325,-1.9,0.));
#2895=CARTESIAN_POINT('',(6.325,-1.9,0.));
#2896=CARTESIAN_POINT('',(-3.325,-1.9,0.));
#2897=CARTESIAN_POINT('',(-3.325,-1.9,0.));
#2898=CARTESIAN_POINT('',(-3.325,1.57,0.));
#2899=CARTESIAN_POINT('',(-3.325,1.96,0.));
#2900=CARTESIAN_POINT('',(-2.685,1.57,0.));
#2901=CARTESIAN_POINT('',(-2.685,1.57,0.));
#2902=CARTESIAN_POINT('',(-2.685,1.96,0.));
#2903=CARTESIAN_POINT('',(-2.685,1.57,0.));
#2904=CARTESIAN_POINT('',(6.325,1.96,0.));
#2905=CARTESIAN_POINT('',(1.5,-0.32,0.));
#2906=CARTESIAN_POINT('',(1.5,0.32,0.));
#2907=CARTESIAN_POINT('',(1.5,0.32,0.));
#2908=CARTESIAN_POINT('',(1.5,-0.32,0.));
#2909=CARTESIAN_POINT('Origin',(1.5,1.96,3.3));
#2910=CARTESIAN_POINT('',(4.27,1.29999999999998,3.3));
#2911=CARTESIAN_POINT('',(4.27,-1.24000000000002,3.3));
#2912=CARTESIAN_POINT('',(4.27,-1.24000000000002,3.3));
#2913=CARTESIAN_POINT('',(1.73,1.29999999999998,3.3));
#2914=CARTESIAN_POINT('',(4.27,1.29999999999998,3.3));
#2915=CARTESIAN_POINT('',(1.73,-1.24000000000002,3.3));
#2916=CARTESIAN_POINT('',(1.73,1.29999999999998,3.3));
#2917=CARTESIAN_POINT('',(1.73,-1.24000000000002,3.3));
#2918=CARTESIAN_POINT('',(3.32,-0.319999999999999,3.3));
#2919=CARTESIAN_POINT('',(2.68,-0.319999999999999,3.3));
#2920=CARTESIAN_POINT('',(1.5,-0.319999999999999,3.3));
#2921=CARTESIAN_POINT('',(2.68,0.320000000000001,3.3));
#2922=CARTESIAN_POINT('',(2.68,1.96,3.3));
#2923=CARTESIAN_POINT('',(3.32,0.320000000000001,3.3));
#2924=CARTESIAN_POINT('',(1.5,0.320000000000001,3.3));
#2925=CARTESIAN_POINT('',(3.32,1.96,3.3));
#2926=CARTESIAN_POINT('Origin',(5.685,2.47,-1.15));
#2927=CARTESIAN_POINT('',(6.005,2.02,-1.4));
#2928=CARTESIAN_POINT('',(5.685,2.47,-1.15));
#2929=CARTESIAN_POINT('',(5.685,2.47,-1.15));
#2930=CARTESIAN_POINT('',(6.325,2.47,-1.15));
#2931=CARTESIAN_POINT('',(5.685,2.47,-1.15));
#2932=CARTESIAN_POINT('',(6.14662221012521,2.21915623298857,-1.2893576483397));
#2933=CARTESIAN_POINT('Origin',(5.685,2.02,-1.4));
#2934=CARTESIAN_POINT('',(5.685,1.57,-1.15));
#2935=CARTESIAN_POINT('',(5.9158111050626,1.89457811649428,-1.3303211758302));
#2936=CARTESIAN_POINT('',(6.325,1.57,-1.15));
#2937=CARTESIAN_POINT('',(5.9158111050626,2.14542188350572,-1.4696788241698));
#2938=CARTESIAN_POINT('',(5.685,1.57,-1.15));
#2939=CARTESIAN_POINT('Origin',(5.685,1.96,9.9));
#2940=CARTESIAN_POINT('',(5.685,2.47,0.));
#2941=CARTESIAN_POINT('',(5.685,2.47,0.));
#2942=CARTESIAN_POINT('',(5.685,10.48,-1.15));
#2943=CARTESIAN_POINT('',(5.685,1.57,-1.15));
#2944=CARTESIAN_POINT('',(5.685,1.57,0.));
#2945=CARTESIAN_POINT('Origin',(-3.325,1.96,0.));
#2946=CARTESIAN_POINT('',(-3.325,2.47,-1.15));
#2947=CARTESIAN_POINT('',(-3.325,2.47,1.85));
#2948=CARTESIAN_POINT('',(-3.325,2.47,1.85));
#2949=CARTESIAN_POINT('',(-3.325,1.57,-1.15));
#2950=CARTESIAN_POINT('',(-3.325,10.48,-1.15));
#2951=CARTESIAN_POINT('',(-3.325,1.57,-1.15));
#2952=CARTESIAN_POINT('',(-3.325,-1.9,8.2315449703681));
#2953=CARTESIAN_POINT('',(-3.325,-1.9,0.));
#2954=CARTESIAN_POINT('',(-3.325,-1.26,8.2315449703681));
#2955=CARTESIAN_POINT('',(-3.325,-36.254,8.23154497036811));
#2956=CARTESIAN_POINT('',(-3.325,0.810000000000001,8.2315449703681));
#2957=CARTESIAN_POINT('',(-3.325,-1.26,8.2315449703681));
#2958=CARTESIAN_POINT('',(-3.325,1.45,8.2315449703681));
#2959=CARTESIAN_POINT('',(-3.325,-36.254,8.23154497036811));
#2960=CARTESIAN_POINT('',(-3.325,1.45,1.85));
#2961=CARTESIAN_POINT('',(-3.325,1.45,0.));
#2962=CARTESIAN_POINT('',(-3.325,2.47,1.85));
#2963=CARTESIAN_POINT('Origin',(-2.685,1.96,9.9));
#2964=CARTESIAN_POINT('',(-2.685,2.47,-1.15));
#2965=CARTESIAN_POINT('',(-2.685,1.57,-1.15));
#2966=CARTESIAN_POINT('',(-2.685,10.48,-1.15));
#2967=CARTESIAN_POINT('',(-2.685,2.47,0.));
#2968=CARTESIAN_POINT('',(-2.685,2.47,0.));
#2969=CARTESIAN_POINT('',(-2.685,1.57,0.));
#2970=CARTESIAN_POINT('',(-2.685,1.57,-1.15));
#2971=CARTESIAN_POINT('Origin',(6.325,1.96,0.));
#2972=CARTESIAN_POINT('',(4.925,1.96,9.9));
#2973=CARTESIAN_POINT('',(5.39,1.96,9.34583457944369));
#2974=CARTESIAN_POINT('',(4.925,1.96,9.9));
#2975=CARTESIAN_POINT('',(5.39,1.96,1.85));
#2976=CARTESIAN_POINT('',(5.39,1.96,0.));
#2977=CARTESIAN_POINT('',(5.39,1.96,0.300000000000002));
#2978=CARTESIAN_POINT('',(5.39,1.96,0.300000000000002));
#2979=CARTESIAN_POINT('',(5.69,1.96,0.));
#2980=CARTESIAN_POINT('',(5.69,1.96,0.));
#2981=CARTESIAN_POINT('',(6.325,1.96,0.));
#2982=CARTESIAN_POINT('',(-2.69,1.96,0.));
#2983=CARTESIAN_POINT('',(6.325,1.96,0.));
#2984=CARTESIAN_POINT('',(-2.39,1.96,0.300000000000002));
#2985=CARTESIAN_POINT('',(-2.69,1.96,0.));
#2986=CARTESIAN_POINT('',(-2.39,1.96,1.85));
#2987=CARTESIAN_POINT('',(-2.39,1.96,0.300000000000002));
#2988=CARTESIAN_POINT('',(-2.39,1.96,9.34583457944369));
#2989=CARTESIAN_POINT('',(-2.39,1.96,0.));
#2990=CARTESIAN_POINT('',(-1.925,1.96,9.9));
#2991=CARTESIAN_POINT('',(-3.325,1.96,8.2315449703681));
#2992=CARTESIAN_POINT('',(6.325,1.96,9.9));
#2993=CARTESIAN_POINT('',(1.025,1.96,1.84));
#2994=CARTESIAN_POINT('',(0.0249999999999995,1.96,1.84));
#2995=CARTESIAN_POINT('',(0.0249999999999995,1.96,1.84));
#2996=CARTESIAN_POINT('',(1.025,1.96,8.3));
#2997=CARTESIAN_POINT('',(1.025,1.96,1.84));
#2998=CARTESIAN_POINT('',(0.0249999999999995,1.96,8.3));
#2999=CARTESIAN_POINT('',(0.0249999999999995,1.96,8.3));
#3000=CARTESIAN_POINT('',(0.0249999999999995,1.96,1.84));
#3001=CARTESIAN_POINT('',(2.975,1.96,1.84));
#3002=CARTESIAN_POINT('',(1.975,1.96,1.84));
#3003=CARTESIAN_POINT('',(1.975,1.96,1.84));
#3004=CARTESIAN_POINT('',(2.975,1.96,8.3));
#3005=CARTESIAN_POINT('',(2.975,1.96,1.84));
#3006=CARTESIAN_POINT('',(1.975,1.96,8.3));
#3007=CARTESIAN_POINT('',(1.975,1.96,8.3));
#3008=CARTESIAN_POINT('',(1.975,1.96,1.84));
#3009=CARTESIAN_POINT('Origin',(4.925,-36.254,9.90000000000001));
#3010=CARTESIAN_POINT('',(6.325,-1.9,8.2315449703681));
#3011=CARTESIAN_POINT('',(6.325,-1.26,8.2315449703681));
#3012=CARTESIAN_POINT('',(6.325,-36.254,8.23154497036811));
#3013=CARTESIAN_POINT('',(4.925,-1.26,9.9));
#3014=CARTESIAN_POINT('',(6.325,-1.26,8.2315449703681));
#3015=CARTESIAN_POINT('',(4.925,-1.9,9.9));
#3016=CARTESIAN_POINT('',(4.925,-36.254,9.90000000000001));
#3017=CARTESIAN_POINT('',(4.92499999999999,-1.9,9.90000000000001));
#3018=CARTESIAN_POINT('Origin',(-3.325,-36.254,8.23154497036811));
#3019=CARTESIAN_POINT('',(-1.925,-1.9,9.9));
#3020=CARTESIAN_POINT('',(-1.925,-1.26,9.9));
#3021=CARTESIAN_POINT('',(-1.925,-36.254,9.90000000000001));
#3022=CARTESIAN_POINT('',(-1.925,-1.26,9.9));
#3023=CARTESIAN_POINT('',(-3.32500000000001,-1.9,8.2315449703681));
#3024=CARTESIAN_POINT('Origin',(1.5,1.96,9.9));
#3025=CARTESIAN_POINT('',(-3.325,-1.9,9.9));
#3026=CARTESIAN_POINT('',(4.925,0.810000000000003,9.9));
#3027=CARTESIAN_POINT('',(4.925,-1.26,9.9));
#3028=CARTESIAN_POINT('',(4.925,-36.254,9.90000000000001));
#3029=CARTESIAN_POINT('',(-1.925,0.810000000000002,9.9));
#3030=CARTESIAN_POINT('',(-1.925,-36.254,9.90000000000001));
#3031=CARTESIAN_POINT('',(-1.925,-1.26,9.9));
#3032=CARTESIAN_POINT('',(4.27,-1.24000000000002,9.9));
#3033=CARTESIAN_POINT('',(4.27,1.29999999999998,9.9));
#3034=CARTESIAN_POINT('',(4.27,-1.24000000000002,9.9));
#3035=CARTESIAN_POINT('',(1.73,-1.24000000000002,9.9));
#3036=CARTESIAN_POINT('',(1.73,-1.24000000000002,9.9));
#3037=CARTESIAN_POINT('',(1.73,1.29999999999998,9.9));
#3038=CARTESIAN_POINT('',(1.73,1.29999999999998,9.9));
#3039=CARTESIAN_POINT('',(4.27,1.29999999999998,9.9));
#3040=CARTESIAN_POINT('',(1.27,-1.24000000000002,9.9));
#3041=CARTESIAN_POINT('',(1.27,0.649999999999982,9.9));
#3042=CARTESIAN_POINT('',(1.27,-1.24000000000002,9.9));
#3043=CARTESIAN_POINT('',(-1.27,-1.24000000000002,9.9));
#3044=CARTESIAN_POINT('',(-1.27,-1.24000000000002,9.9));
#3045=CARTESIAN_POINT('',(-1.27,1.29999999999998,9.9));
#3046=CARTESIAN_POINT('',(-1.27,1.29999999999998,9.9));
#3047=CARTESIAN_POINT('',(0.620000000000001,1.29999999999998,9.9));
#3048=CARTESIAN_POINT('',(0.620000000000001,1.29999999999998,9.9));
#3049=CARTESIAN_POINT('',(1.27,0.649999999999982,9.9));
#3050=CARTESIAN_POINT('Origin',(-3.325,-1.9,0.));
#3051=CARTESIAN_POINT('',(6.325,-1.9,0.));
#3052=CARTESIAN_POINT('',(0.2,-1.89999999999998,9.36));
#3053=CARTESIAN_POINT('',(2.8,-1.89999999999998,9.36));
#3054=CARTESIAN_POINT('',(0.2,-1.89999999999998,9.36));
#3055=CARTESIAN_POINT('',(2.8,-1.89999999999999,6.95));
#3056=CARTESIAN_POINT('',(2.8,-1.89999999999998,9.36));
#3057=CARTESIAN_POINT('',(0.2,-1.89999999999999,6.95));
#3058=CARTESIAN_POINT('',(0.2,-1.89999999999999,6.95));
#3059=CARTESIAN_POINT('',(0.2,-1.89999999999998,9.36));
#3060=CARTESIAN_POINT('Origin',(6.325,-1.9,0.));
#3061=CARTESIAN_POINT('',(6.325,10.48,-1.15));
#3062=CARTESIAN_POINT('',(6.325,2.47,1.85));
#3063=CARTESIAN_POINT('',(6.325,2.47,1.85));
#3064=CARTESIAN_POINT('',(6.325,1.45,1.85));
#3065=CARTESIAN_POINT('',(6.325,2.47,1.85));
#3066=CARTESIAN_POINT('',(6.325,1.45,8.2315449703681));
#3067=CARTESIAN_POINT('',(6.325,1.45,0.));
#3068=CARTESIAN_POINT('',(6.325,0.810000000000002,8.2315449703681));
#3069=CARTESIAN_POINT('',(6.325,-36.254,8.23154497036811));
#3070=CARTESIAN_POINT('',(6.325,-1.26,8.2315449703681));
#3071=CARTESIAN_POINT('',(6.325,1.57,-1.15));
#3072=CARTESIAN_POINT('Origin',(0.2,-3.09999999999998,7.7));
#3073=CARTESIAN_POINT('',(2.8,-3.09999999999998,7.7));
#3074=CARTESIAN_POINT('',(2.8,-3.09999999999998,7.7));
#3075=CARTESIAN_POINT('',(0.2,-3.09999999999998,7.7));
#3076=CARTESIAN_POINT('',(0.2,-3.09999999999998,7.7));
#3077=CARTESIAN_POINT('',(0.2,-3.09999999999998,7.7));
#3078=CARTESIAN_POINT('Origin',(0.2,-1.89999999999999,6.95));
#3079=CARTESIAN_POINT('',(2.8,-3.09999999999998,6.95));
#3080=CARTESIAN_POINT('',(2.8,-1.89999999999999,6.95));
#3081=CARTESIAN_POINT('',(0.2,-3.09999999999998,6.95));
#3082=CARTESIAN_POINT('',(0.2,-3.09999999999998,6.95));
#3083=CARTESIAN_POINT('',(0.2,-1.89999999999999,6.95));
#3084=CARTESIAN_POINT('Origin',(0.2,-3.09999999999998,6.95));
#3085=CARTESIAN_POINT('',(2.8,-3.09999999999998,6.95));
#3086=CARTESIAN_POINT('',(0.2,-3.09999999999998,6.95));
#3087=CARTESIAN_POINT('Origin',(0.2,1.96,9.9));
#3088=CARTESIAN_POINT('Origin',(2.8,1.96,9.9));
#3089=CARTESIAN_POINT('Origin',(4.925,-36.254,9.90000000000001));
#3090=CARTESIAN_POINT('',(12.6453503038103,-1.99746380207837,0.699244789348211));
#3091=CARTESIAN_POINT('',(6.325,0.810000000000002,8.2315449703681));
#3092=CARTESIAN_POINT('Origin',(-3.325,-36.254,8.23154497036811));
#3093=CARTESIAN_POINT('',(-10.8920905564146,-2.67750393986252,-0.786562385724796));
#3094=CARTESIAN_POINT('',(-1.925,0.810000000000002,9.9));
#3095=CARTESIAN_POINT('Origin',(-1.925,-1.26,8.2315449703681));
#3096=CARTESIAN_POINT('',(-1.925,0.810000000000001,8.2315449703681));
#3097=CARTESIAN_POINT('',(-1.925,0.810000000000001,8.2315449703681));
#3098=CARTESIAN_POINT('',(-1.925,-1.26,8.2315449703681));
#3099=CARTESIAN_POINT('',(-1.925,-1.26,8.2315449703681));
#3100=CARTESIAN_POINT('',(-1.925,-1.26,8.2315449703681));
#3101=CARTESIAN_POINT('Origin',(-3.325,-1.26,8.2315449703681));
#3102=CARTESIAN_POINT('',(-3.325,0.810000000000001,8.2315449703681));
#3103=CARTESIAN_POINT('',(-3.325,-1.26,8.2315449703681));
#3104=CARTESIAN_POINT('Origin',(1.5,-1.26,9.9));
#3105=CARTESIAN_POINT('Origin',(1.5,0.810000000000002,9.9));
#3106=CARTESIAN_POINT('Origin',(4.925,-1.26,9.9));
#3107=CARTESIAN_POINT('',(4.925,0.810000000000002,8.2315449703681));
#3108=CARTESIAN_POINT('',(4.925,0.810000000000003,9.9));
#3109=CARTESIAN_POINT('',(4.925,-1.26,8.2315449703681));
#3110=CARTESIAN_POINT('',(4.925,-1.26,9.9));
#3111=CARTESIAN_POINT('',(4.925,-1.26,8.2315449703681));
#3112=CARTESIAN_POINT('Origin',(4.925,-1.26,8.2315449703681));
#3113=CARTESIAN_POINT('',(4.925,0.810000000000002,8.2315449703681));
#3114=CARTESIAN_POINT('',(4.925,-1.26,8.2315449703681));
#3115=CARTESIAN_POINT('Origin',(1.5,-1.26,9.9));
#3116=CARTESIAN_POINT('Origin',(1.5,0.810000000000002,9.9));
#3117=CARTESIAN_POINT('Origin',(-2.39,2.47,0.300000000000002));
#3118=CARTESIAN_POINT('',(-2.39,2.47,0.300000000000002));
#3119=CARTESIAN_POINT('',(-2.39,2.47,0.300000000000002));
#3120=CARTESIAN_POINT('',(-2.39,2.47,1.85));
#3121=CARTESIAN_POINT('',(-2.39,2.47,0.300000000000002));
#3122=CARTESIAN_POINT('',(-2.39,2.47,1.85));
#3123=CARTESIAN_POINT('Origin',(-2.39,2.47,1.85));
#3124=CARTESIAN_POINT('',(-2.39,1.96,1.85));
#3125=CARTESIAN_POINT('',(-2.39,2.47,1.85));
#3126=CARTESIAN_POINT('Origin',(-2.69,2.47,0.));
#3127=CARTESIAN_POINT('',(-2.69,2.47,0.));
#3128=CARTESIAN_POINT('',(-2.69,2.47,0.));
#3129=CARTESIAN_POINT('',(-2.69,2.47,0.));
#3130=CARTESIAN_POINT('Origin',(1.5,2.47,9.9));
#3131=CARTESIAN_POINT('',(-2.685,2.47,0.));
#3132=CARTESIAN_POINT('',(-2.685,2.47,-1.15));
#3133=CARTESIAN_POINT('Origin',(5.69,2.47,0.));
#3134=CARTESIAN_POINT('',(5.39,2.47,0.300000000000002));
#3135=CARTESIAN_POINT('',(5.39,2.47,0.300000000000002));
#3136=CARTESIAN_POINT('',(5.69,2.47,0.));
#3137=CARTESIAN_POINT('',(5.69,2.47,0.));
#3138=CARTESIAN_POINT('',(5.69,2.47,0.));
#3139=CARTESIAN_POINT('Origin',(5.39,2.47,0.300000000000002));
#3140=CARTESIAN_POINT('',(5.39,2.47,1.85));
#3141=CARTESIAN_POINT('',(5.39,2.47,1.85));
#3142=CARTESIAN_POINT('',(5.39,2.47,0.300000000000002));
#3143=CARTESIAN_POINT('Origin',(5.39,2.47,1.85));
#3144=CARTESIAN_POINT('',(5.1756050955414,2.07694267515924,1.85));
#3145=CARTESIAN_POINT('',(5.39,2.47,1.85));
#3146=CARTESIAN_POINT('Origin',(1.5,2.47,9.9));
#3147=CARTESIAN_POINT('',(5.685,2.47,0.));
#3148=CARTESIAN_POINT('Origin',(6.325,1.45,0.));
#3149=CARTESIAN_POINT('Origin',(-2.39,1.96,0.));
#3150=CARTESIAN_POINT('Origin',(1.27,-1.24000000000002,3.3));
#3151=CARTESIAN_POINT('',(1.27,0.649999999999981,3.3));
#3152=CARTESIAN_POINT('',(1.27,0.649999999999981,3.3));
#3153=CARTESIAN_POINT('',(1.27,-1.24000000000002,3.3));
#3154=CARTESIAN_POINT('',(1.27,-1.24000000000002,3.3));
#3155=CARTESIAN_POINT('',(1.27,-1.24000000000002,3.3));
#3156=CARTESIAN_POINT('Origin',(1.27,0.649999999999981,3.3));
#3157=CARTESIAN_POINT('',(0.620000000000001,1.29999999999998,3.3));
#3158=CARTESIAN_POINT('',(0.620000000000001,1.29999999999998,3.3));
#3159=CARTESIAN_POINT('',(1.27,0.649999999999981,3.3));
#3160=CARTESIAN_POINT('Origin',(0.620000000000001,1.29999999999998,3.3));
#3161=CARTESIAN_POINT('',(-1.27,1.29999999999998,3.3));
#3162=CARTESIAN_POINT('',(-1.27,1.29999999999998,3.3));
#3163=CARTESIAN_POINT('',(0.620000000000001,1.29999999999998,3.3));
#3164=CARTESIAN_POINT('Origin',(-1.27,1.29999999999998,3.3));
#3165=CARTESIAN_POINT('',(-1.27,-1.24000000000002,3.3));
#3166=CARTESIAN_POINT('',(-1.27,-1.24000000000002,3.3));
#3167=CARTESIAN_POINT('',(-1.27,1.29999999999998,3.3));
#3168=CARTESIAN_POINT('Origin',(-1.27,-1.24000000000002,3.3));
#3169=CARTESIAN_POINT('',(-1.27,-1.24000000000002,3.3));
#3170=CARTESIAN_POINT('Origin',(1.5,1.96,3.3));
#3171=CARTESIAN_POINT('',(-0.32,0.32,3.3));
#3172=CARTESIAN_POINT('',(-0.32,-0.32,3.3));
#3173=CARTESIAN_POINT('',(-0.32,1.96,3.3));
#3174=CARTESIAN_POINT('',(0.32,0.32,3.3));
#3175=CARTESIAN_POINT('',(1.5,0.320000000000001,3.3));
#3176=CARTESIAN_POINT('',(0.32,-0.32,3.3));
#3177=CARTESIAN_POINT('',(0.32,1.96,3.3));
#3178=CARTESIAN_POINT('',(1.5,-0.319999999999999,3.3));
#3179=CARTESIAN_POINT('Origin',(4.27,-1.24000000000002,3.3));
#3180=CARTESIAN_POINT('',(4.27,1.29999999999998,3.3));
#3181=CARTESIAN_POINT('',(4.27,-1.24000000000002,3.3));
#3182=CARTESIAN_POINT('Origin',(4.27,1.29999999999998,3.3));
#3183=CARTESIAN_POINT('',(1.73,1.29999999999998,3.3));
#3184=CARTESIAN_POINT('Origin',(1.73,1.29999999999998,3.3));
#3185=CARTESIAN_POINT('',(1.73,-1.24000000000002,3.3));
#3186=CARTESIAN_POINT('Origin',(1.73,-1.24000000000002,3.3));
#3187=CARTESIAN_POINT('Origin',(2.975,1.96,1.84));
#3188=CARTESIAN_POINT('',(2.975,2.47,8.3));
#3189=CARTESIAN_POINT('',(2.975,1.96,8.3));
#3190=CARTESIAN_POINT('',(2.975,2.47,1.84));
#3191=CARTESIAN_POINT('',(2.975,1.96,1.84));
#3192=CARTESIAN_POINT('',(2.975,2.47,1.84));
#3193=CARTESIAN_POINT('Origin',(2.975,2.47,1.84));
#3194=CARTESIAN_POINT('',(1.975,2.47,8.3));
#3195=CARTESIAN_POINT('',(2.975,2.47,8.3));
#3196=CARTESIAN_POINT('',(1.975,2.47,1.84));
#3197=CARTESIAN_POINT('',(2.975,2.47,1.84));
#3198=CARTESIAN_POINT('',(1.975,2.47,1.84));
#3199=CARTESIAN_POINT('Origin',(1.975,2.47,1.84));
#3200=CARTESIAN_POINT('',(1.975,2.47,8.3));
#3201=CARTESIAN_POINT('',(1.975,2.47,1.84));
#3202=CARTESIAN_POINT('Origin',(1.5,1.96,1.84));
#3203=CARTESIAN_POINT('Origin',(1.5,1.96,8.3));
#3204=CARTESIAN_POINT('Origin',(1.025,1.96,1.84));
#3205=CARTESIAN_POINT('',(1.025,2.47,8.3));
#3206=CARTESIAN_POINT('',(1.025,1.96,8.3));
#3207=CARTESIAN_POINT('',(1.025,2.47,1.84));
#3208=CARTESIAN_POINT('',(1.025,1.96,1.84));
#3209=CARTESIAN_POINT('',(1.025,2.47,1.84));
#3210=CARTESIAN_POINT('Origin',(1.025,2.47,1.84));
#3211=CARTESIAN_POINT('',(0.0249999999999995,2.47,8.3));
#3212=CARTESIAN_POINT('',(1.025,2.47,8.3));
#3213=CARTESIAN_POINT('',(0.0249999999999995,2.47,1.84));
#3214=CARTESIAN_POINT('',(1.025,2.47,1.84));
#3215=CARTESIAN_POINT('',(0.0249999999999995,2.47,1.84));
#3216=CARTESIAN_POINT('Origin',(0.0249999999999995,2.47,1.84));
#3217=CARTESIAN_POINT('',(0.0249999999999995,2.47,8.3));
#3218=CARTESIAN_POINT('',(0.0249999999999995,2.47,1.84));
#3219=CARTESIAN_POINT('Origin',(1.5,1.96,1.84));
#3220=CARTESIAN_POINT('Origin',(1.5,1.96,8.3));
#3221=CARTESIAN_POINT('Origin',(-2.685,1.57,0.));
#3222=CARTESIAN_POINT('Origin',(-2.685,2.47,-1.15));
#3223=CARTESIAN_POINT('',(-3.005,2.02,-1.4));
#3224=CARTESIAN_POINT('',(-2.685,2.47,-1.15));
#3225=CARTESIAN_POINT('',(-3.14662221012521,2.21915623298857,-1.2893576483397));
#3226=CARTESIAN_POINT('Origin',(-2.685,2.02,-1.4));
#3227=CARTESIAN_POINT('',(-2.9158111050626,1.89457811649428,-1.3303211758302));
#3228=CARTESIAN_POINT('',(-2.685,1.57,-1.15));
#3229=CARTESIAN_POINT('',(-2.9158111050626,2.14542188350572,-1.4696788241698));
#3230=CARTESIAN_POINT('Origin',(-2.685,1.57,-1.15));
#3231=CARTESIAN_POINT('Origin',(-3.005,10.48,-1.4));
#3232=CARTESIAN_POINT('Origin',(-2.685,10.48,-1.15));
#3233=CARTESIAN_POINT('Origin',(5.685,1.57,0.));
#3234=CARTESIAN_POINT('Origin',(5.685,1.57,-1.15));
#3235=CARTESIAN_POINT('Origin',(6.005,10.48,-1.4));
#3236=CARTESIAN_POINT('Origin',(5.685,10.48,-1.15));
#3237=CARTESIAN_POINT('Origin',(2.68,-0.319999999999999,6.62));
#3238=CARTESIAN_POINT('',(2.68,-0.319999999999999,6.62));
#3239=CARTESIAN_POINT('',(3.32,-0.319999999999999,6.62));
#3240=CARTESIAN_POINT('',(2.68,-0.319999999999999,6.62));
#3241=CARTESIAN_POINT('',(3.2811763037533,-0.283040631343309,6.76823593112377));
#3242=CARTESIAN_POINT('',(2.68,-0.319999999999999,6.62));
#3243=CARTESIAN_POINT('Origin',(2.68,0.110564477611732,7.46));
#3244=CARTESIAN_POINT('',(3.32,0.320000000000002,6.62));
#3245=CARTESIAN_POINT('',(3.0745219493381,0.086309891930782,7.55727982979998));
#3246=CARTESIAN_POINT('',(2.68,0.320000000000002,6.62));
#3247=CARTESIAN_POINT('',(2.68,0.320000000000002,6.62));
#3248=CARTESIAN_POINT('',(2.8866543544152,0.123269260587472,7.4090438986762));
#3249=CARTESIAN_POINT('Origin',(2.68,0.960000000000001,-0.549587902621298));
#3250=CARTESIAN_POINT('',(2.68,-0.32,-0.549587902621298));
#3251=CARTESIAN_POINT('',(2.68,-1.04,6.62));
#3252=CARTESIAN_POINT('',(2.68,0.320000000000002,6.62));
#3253=CARTESIAN_POINT('Origin',(3.32,0.960000000000001,-0.549587902621298));
#3254=CARTESIAN_POINT('',(3.32,-1.04,6.62));
#3255=CARTESIAN_POINT('',(3.32,-0.319999999999999,3.3));
#3256=CARTESIAN_POINT('',(3.32,0.320000000000001,3.3));
#3257=CARTESIAN_POINT('Origin',(2.68,-0.319999999999999,3.3));
#3258=CARTESIAN_POINT('Origin',(2.68,0.320000000000001,3.3));
#3259=CARTESIAN_POINT('Origin',(2.68,0.320000000000001,3.3));
#3260=CARTESIAN_POINT('',(2.68,0.32,-0.549587902621298));
#3261=CARTESIAN_POINT('Origin',(2.68,-0.319999999999999,3.3));
#3262=CARTESIAN_POINT('',(2.68,-0.32,-0.549587902621298));
#3263=CARTESIAN_POINT('Origin',(2.68,0.960000000000001,-0.549587902621298));
#3264=CARTESIAN_POINT('',(2.68,0.3762962962963,-0.812056922283799));
#3265=CARTESIAN_POINT('Origin',(2.68,-1.01,-1.4354208439821));
#3266=CARTESIAN_POINT('',(2.68,0.37611470318132,-2.0591884526511));
#3267=CARTESIAN_POINT('Origin',(2.68,0.959741946626079,-2.3218274457748));
#3268=CARTESIAN_POINT('',(2.68,0.32,-2.34));
#3269=CARTESIAN_POINT('Origin',(2.68,0.32,-2.34));
#3270=CARTESIAN_POINT('',(2.68,0.32,-2.34));
#3271=CARTESIAN_POINT('',(3.2811763037533,0.28304063134331,-2.4882359311238));
#3272=CARTESIAN_POINT('Origin',(2.68,-0.11056447761173,-3.18));
#3273=CARTESIAN_POINT('',(2.68,-0.32,-2.34));
#3274=CARTESIAN_POINT('',(2.88665435441519,-0.123269260587471,-3.1290438986762));
#3275=CARTESIAN_POINT('',(3.0745219493381,-0.0863098919307803,-3.2772798298));
#3276=CARTESIAN_POINT('Origin',(2.68,0.30098926481665,-2.1851699868162));
#3277=CARTESIAN_POINT('',(2.68,-0.20751254026345,-1.7965494595273));
#3278=CARTESIAN_POINT('Origin',(2.68,-1.01,-1.4354208439821));
#3279=CARTESIAN_POINT('',(2.68,-0.207407407407411,-1.0745259419462));
#3280=CARTESIAN_POINT('Origin',(2.68,0.960000000000001,-0.549587902621298));
#3281=CARTESIAN_POINT('Origin',(3.1,-1.04,-3.18));
#3282=CARTESIAN_POINT('Origin',(2.68,-1.04,-2.34));
#3283=CARTESIAN_POINT('Origin',(2.9,-1.04,7.46));
#3284=CARTESIAN_POINT('Origin',(3.32,-1.04,6.62));
#3285=CARTESIAN_POINT('Origin',(-0.32,-0.319999999999999,6.62));
#3286=CARTESIAN_POINT('',(-0.32,-0.319999999999999,6.62));
#3287=CARTESIAN_POINT('',(-0.32,-0.319999999999999,6.62));
#3288=CARTESIAN_POINT('',(0.32,-0.319999999999999,6.62));
#3289=CARTESIAN_POINT('',(-0.32,-0.319999999999999,6.62));
#3290=CARTESIAN_POINT('',(0.284614224797839,-0.284614224797838,6.76192459249921));
#3291=CARTESIAN_POINT('Origin',(-0.32,0.110564477611731,7.46));
#3292=CARTESIAN_POINT('',(-0.32,0.320000000000001,6.62));
#3293=CARTESIAN_POINT('',(0.32,0.320000000000001,6.62));
#3294=CARTESIAN_POINT('',(-0.32,0.320000000000001,6.62));
#3295=CARTESIAN_POINT('',(-0.122144224978251,0.122144224978262,7.41355617004716));
#3296=CARTESIAN_POINT('',(0.0867584497760987,0.0867584497761015,7.55548076254638));
#3297=CARTESIAN_POINT('Origin',(-0.32,-0.96,-0.484167058639198));
#3298=CARTESIAN_POINT('',(-0.32,0.330000000000001,6.62));
#3299=CARTESIAN_POINT('',(-0.32,0.320000000000001,6.62));
#3300=CARTESIAN_POINT('',(-0.32,-0.32,-0.484167058639198));
#3301=CARTESIAN_POINT('Origin',(0.32,-0.96,-0.484167058639198));
#3302=CARTESIAN_POINT('',(0.32,0.32,3.3));
#3303=CARTESIAN_POINT('',(0.32,0.330000000000001,6.62));
#3304=CARTESIAN_POINT('',(0.32,-0.32,3.3));
#3305=CARTESIAN_POINT('Origin',(-0.32,-0.32,3.3));
#3306=CARTESIAN_POINT('Origin',(-0.32,0.32,3.3));
#3307=CARTESIAN_POINT('Origin',(-0.32,0.32,3.3));
#3308=CARTESIAN_POINT('',(-0.32,0.319999999999999,-0.484167058639198));
#3309=CARTESIAN_POINT('Origin',(-0.32,-0.32,3.3));
#3310=CARTESIAN_POINT('',(-0.32,-0.32,-0.484167058639198));
#3311=CARTESIAN_POINT('Origin',(-0.32,-0.96,-0.484167058639198));
#3312=CARTESIAN_POINT('',(-0.32,0.207407407407409,-1.0091050979641));
#3313=CARTESIAN_POINT('Origin',(-0.32,1.01,-1.37));
#3314=CARTESIAN_POINT('',(-0.32,0.209182053197889,-1.7348158659922));
#3315=CARTESIAN_POINT('Origin',(-0.32,-0.938735557532261,-2.2577543926805));
#3316=CARTESIAN_POINT('',(-0.32,0.319999999999989,-2.34));
#3317=CARTESIAN_POINT('Origin',(-0.32,0.319999999999989,-2.34));
#3318=CARTESIAN_POINT('',(0.284614224797839,0.284614224797829,-2.4819245924992));
#3319=CARTESIAN_POINT('',(-0.32,0.319999999999989,-2.34));
#3320=CARTESIAN_POINT('Origin',(-0.32,-0.11056447761173,-3.18));
#3321=CARTESIAN_POINT('',(0.0867584497760987,-0.0867584497761004,-3.2754807625464));
#3322=CARTESIAN_POINT('',(-0.32,-0.319999999999991,-2.34));
#3323=CARTESIAN_POINT('',(-0.122144224978251,-0.122144224978261,-3.1335561700472));
#3324=CARTESIAN_POINT('Origin',(-0.32,-0.95564405124153,-2.2654571256173));
#3325=CARTESIAN_POINT('',(-0.32,-0.373230999021821,-2.0001364958048));
#3326=CARTESIAN_POINT('Origin',(-0.32,1.01,-1.37));
#3327=CARTESIAN_POINT('',(-0.32,-0.3762962962963,-0.746636078301599));
#3328=CARTESIAN_POINT('Origin',(-0.32,-0.96,-0.484167058639198));
#3329=CARTESIAN_POINT('Origin',(-0.110564477611721,0.329999999999999,-3.18));
#3330=CARTESIAN_POINT('Origin',(0.32,0.329999999999999,-2.34));
#3331=CARTESIAN_POINT('Origin',(0.11056447761173,0.330000000000001,7.46));
#3332=CARTESIAN_POINT('Origin',(-0.32,0.330000000000001,6.62));
#3333=UNCERTAINTY_MEASURE_WITH_UNIT(LENGTH_MEASURE(0.01),#3337,
'DISTANCE_ACCURACY_VALUE',
'Maximum model space distance between geometric entities at asserted c
onnectivities');
#3334=UNCERTAINTY_MEASURE_WITH_UNIT(LENGTH_MEASURE(0.01),#3337,
'DISTANCE_ACCURACY_VALUE',
'Maximum model space distance between geometric entities at asserted c
onnectivities');
#3335=(
GEOMETRIC_REPRESENTATION_CONTEXT(3)
GLOBAL_UNCERTAINTY_ASSIGNED_CONTEXT((#3333))
GLOBAL_UNIT_ASSIGNED_CONTEXT((#3337,#3339,#3340))
REPRESENTATION_CONTEXT('','3D')
);
#3336=(
GEOMETRIC_REPRESENTATION_CONTEXT(3)
GLOBAL_UNCERTAINTY_ASSIGNED_CONTEXT((#3334))
GLOBAL_UNIT_ASSIGNED_CONTEXT((#3337,#3339,#3340))
REPRESENTATION_CONTEXT('','3D')
);
#3337=(
LENGTH_UNIT()
NAMED_UNIT(*)
SI_UNIT(.MILLI.,.METRE.)
);
#3338=(
LENGTH_UNIT()
NAMED_UNIT(*)
SI_UNIT($,.METRE.)
);
#3339=(
NAMED_UNIT(*)
PLANE_ANGLE_UNIT()
SI_UNIT($,.RADIAN.)
);
#3340=(
NAMED_UNIT(*)
SI_UNIT($,.STERADIAN.)
SOLID_ANGLE_UNIT()
);
#3341=SHAPE_DEFINITION_REPRESENTATION(#3342,#3343);
#3342=PRODUCT_DEFINITION_SHAPE('',$,#3345);
#3343=SHAPE_REPRESENTATION('',(#2091),#3335);
#3344=PRODUCT_DEFINITION_CONTEXT('part definition',#3349,'design');
#3345=PRODUCT_DEFINITION('436500215wbm000_01','(Unsaved)',#3346,#3344);
#3346=PRODUCT_DEFINITION_FORMATION('',$,#3351);
#3347=PRODUCT_RELATED_PRODUCT_CATEGORY('(Unsaved)','(Unsaved)',(#3351));
#3348=APPLICATION_PROTOCOL_DEFINITION('international standard',
'automotive_design',2009,#3349);
#3349=APPLICATION_CONTEXT(
'Core Data for Automotive Mechanical Design Process');
#3350=PRODUCT_CONTEXT('part definition',#3349,'mechanical');
#3351=PRODUCT('436500215wbm000_01','(Unsaved)',$,(#3350));
#3352=PRESENTATION_STYLE_ASSIGNMENT((#3355));
#3353=PRESENTATION_STYLE_ASSIGNMENT((#3356));
#3354=PRESENTATION_STYLE_ASSIGNMENT((#3357));
#3355=SURFACE_STYLE_USAGE(.BOTH.,#3358);
#3356=SURFACE_STYLE_USAGE(.BOTH.,#3359);
#3357=SURFACE_STYLE_USAGE(.BOTH.,#3360);
#3358=SURFACE_SIDE_STYLE('',(#3361));
#3359=SURFACE_SIDE_STYLE('',(#3362));
#3360=SURFACE_SIDE_STYLE('',(#3363));
#3361=SURFACE_STYLE_FILL_AREA(#3364);
#3362=SURFACE_STYLE_FILL_AREA(#3365);
#3363=SURFACE_STYLE_FILL_AREA(#3366);
#3364=FILL_AREA_STYLE('Steel - Satin',(#3367));
#3365=FILL_AREA_STYLE('Opaque(152,170,175)',(#3368));
#3366=FILL_AREA_STYLE('Nickel - Satin',(#3369));
#3367=FILL_AREA_STYLE_COLOUR('Steel - Satin',#3370);
#3368=FILL_AREA_STYLE_COLOUR('Opaque(152,170,175)',#3371);
#3369=FILL_AREA_STYLE_COLOUR('Nickel - Satin',#3372);
#3370=COLOUR_RGB('Steel - Satin',0.627450980392157,0.627450980392157,0.627450980392157);
#3371=COLOUR_RGB('Opaque(152,170,175)',0.2,0.2,0.2);
#3372=COLOUR_RGB('Nickel - Satin',0.819607843137255,0.8,0.752941176470588);
ENDSEC;
END-ISO-10303-21;
