ISO-10303-21;
HEADER;
FILE_DESCRIPTION (( 'STEP AP214' ),
    '1' );
FILE_NAME ('WFK0612R0100FE66.STEP',
    '2025-08-20T06:00:13',
    ( '' ),
    ( '' ),
    'SwSTEP 2.0',
    'SolidWorks 2024',
    '' );
FILE_SCHEMA (( 'AUTOMOTIVE_DESIGN' ));
ENDSEC;

DATA;
#1 = CARTESIAN_POINT ( 'NONE',  ( 0.2205348298325185974, 0.2550000000000000044, 0.3238430338229474348 ) ) ;
#2 = CARTESIAN_POINT ( 'NONE',  ( 0.2841510289005065859, 0.2500000000000000555, 0.3498617475027798740 ) ) ;
#3 = B_SPLINE_SURFACE_WITH_KNOTS ( 'NONE', 3, 1, ( 
 ( #1852, #1629 ),
 ( #4424, #2651 ),
 ( #656, #1718 ),
 ( #1033, #18 ),
 ( #3337, #2053 ),
 ( #2390, #3698 ),
 ( #3765, #2006 ),
 ( #1326, #610 ),
 ( #336, #3426 ),
 ( #1348, #1374 ),
 ( #3363, #2300 ),
 ( #3678, #2697 ),
 ( #1695, #2725 ),
 ( #3022, #987 ),
 ( #3382, #678 ),
 ( #3089, #3002 ),
 ( #314, #4068 ),
 ( #272, #3403 ),
 ( #4382, #2670 ),
 ( #1672, #1395 ),
 ( #1011, #4028 ),
 ( #965, #2369 ),
 ( #2028, #1653 ) ),
 .UNSPECIFIED., .F., .F., .F.,
 ( 4, 1, 1, 1, 1, 1, 1, 1, 1, 1, 1, 1, 1, 1, 1, 1, 1, 1, 1, 1, 4 ),
 ( 2, 2 ),
 ( 0.000000000000000000, 0.06568343212078688043, 0.1285067289146421543, 0.1881673103733746133, 0.2451002472096336371, 0.2994443895091744023, 0.3508944417317637621, 0.3999212696944037249, 0.4466529223048519293, 0.4912372285188452703, 0.5333604721790475844, 0.5738382596722066964, 0.6125131318951645421, 0.6495852175762252267, 0.6855213450018983190, 0.7200962655338506435, 0.7538292898209776327, 0.8189192568383034665, 0.8804893966640126024, 0.9403093035504377362, 0.9999999999999998890 ),
 ( 0.000000000000000000, 1.000000000000000000 ),
 .UNSPECIFIED. ) ;
#4 = CARTESIAN_POINT ( 'NONE',  ( 0.3108994283731597030, 0.2550000000000000600, -0.009550281723668457498 ) ) ;
#5 = CARTESIAN_POINT ( 'NONE',  ( 0.3609219576591828904, 0.2500000000000000000, 0.3660767516741848526 ) ) ;
#6 = VECTOR ( 'NONE', #4332, 1000.000000000000000 ) ;
#7 = CARTESIAN_POINT ( 'NONE',  ( 0.5292775705441344902, 0.2500000000000000000, 0.2871894960086713300 ) ) ;
#8 = VERTEX_POINT ( 'NONE', #396 ) ;
#9 = DIRECTION ( 'NONE',  ( 1.000000000000000000, 0.000000000000000000, -1.070816960479509564E-15 ) ) ;
#10 = AXIS2_PLACEMENT_3D ( 'NONE', #17, #293, #3722 ) ;
#11 = FILL_AREA_STYLE ('',( #3465 ) ) ;
#12 = CARTESIAN_POINT ( 'NONE',  ( 0.4332762827193807342, 0.2550000000000000044, 0.3878777183160686537 ) ) ;
#13 = CARTESIAN_POINT ( 'NONE',  ( 0.2162327779143364825, 0.2550000000000000044, 0.07982561201210329471 ) ) ;
#14 = ORIENTED_EDGE ( 'NONE', *, *, #1841, .F. ) ;
#15 = CARTESIAN_POINT ( 'NONE',  ( 0.2845240670205326783, 0.2550000000000000600, 0.2304581920132520445 ) ) ;
#16 = ORIENTED_EDGE ( 'NONE', *, *, #239, .F. ) ;
#17 = CARTESIAN_POINT ( 'NONE',  ( -0.7999999999999999334, -0.005000000000000000104, 1.100000000000000311 ) ) ;
#18 = CARTESIAN_POINT ( 'NONE',  ( 0.3926091995954577585, 0.2499999999999998335, 0.3655821531482645881 ) ) ;
#19 = CARTESIAN_POINT ( 'NONE',  ( 0.2651705834403099704, 0.2550000000000000600, 0.01326577886615086174 ) ) ;
#20 = VECTOR ( 'NONE', #4408, 1000.000000000000000 ) ;
#21 = B_SPLINE_CURVE_WITH_KNOTS ( 'NONE', 3,
 ( #1441, #3855, #3878, #745, #2105, #3134, #3494, #435, #3522, #3476, #4203, #1763, #1808, #90, #3178, #67, #2167, #459, #2797, #2456, #113, #1482, #2840, #1141, #2504, #3541, #477 ),
 .UNSPECIFIED., .F., .F.,
 ( 4, 1, 1, 1, 1, 1, 1, 1, 1, 1, 1, 1, 1, 1, 1, 1, 1, 1, 1, 1, 1, 1, 1, 1, 4 ),
 ( 0.000000000000000000, 0.03378920173289932244, 0.06662571054411649263, 0.09929091792950051065, 0.1316449910201465123, 0.1636017227828676923, 0.1961224403990335929, 0.2289227629684998100, 0.2621805876121068302, 0.2960158121508758011, 0.3302445177381408414, 0.3650886174602970824, 0.4009817122734755657, 0.4376535877480990933, 0.4757430520779057370, 0.5152914703679793984, 0.5563268164025524376, 0.5996807419869993883, 0.6463429061422883981, 0.6964129774199110390, 0.7497662961685440663, 0.8065615401783301497, 0.8674274672223043492, 0.9318826096926672298, 1.000000000000000000 ),
 .UNSPECIFIED. ) ;
#22 = CARTESIAN_POINT ( 'NONE',  ( -0.3499999999999999778, 0.000000000000000000, 1.100000000000000311 ) ) ;
#23 = CARTESIAN_POINT ( 'NONE',  ( 0.4618707918203605045, 0.2499999999999999445, 0.3795606725515123236 ) ) ;
#24 = CARTESIAN_POINT ( 'NONE',  ( 0.5216250464267768727, 0.2550000000000000044, -0.2085213210770852088 ) ) ;
#25 = CARTESIAN_POINT ( 'NONE',  ( 0.2900163870072656747, 0.2549999999999999489, 0.3525260344352220132 ) ) ;
#26 = CARTESIAN_POINT ( 'NONE',  ( 0.2651705834403099704, 0.2500000000000000555, 0.01326577886615086174 ) ) ;
#27 = EDGE_CURVE ( 'NONE', #1588, #1731, #1429, .T. ) ;
#28 = CARTESIAN_POINT ( 'NONE',  ( 0.3215934521837011117, 0.2499999999999999445, 0.3617914726568177142 ) ) ;
#29 = FILL_AREA_STYLE ('',( #1814 ) ) ;
#30 = ORIENTED_EDGE ( 'NONE', *, *, #1233, .F. ) ;
#31 = FACE_OUTER_BOUND ( 'NONE', #1317, .T. ) ;
#32 = CARTESIAN_POINT ( 'NONE',  ( -0.6602579508131062314, 0.2500000000000000000, 1.359762003597620783 ) ) ;
#33 = DIRECTION ( 'NONE',  ( 0.000000000000000000, 0.000000000000000000, -1.000000000000000000 ) ) ;
#34 = UNCERTAINTY_MEASURE_WITH_UNIT (LENGTH_MEASURE( 1.000000000000000082E-05 ), #2590, 'distance_accuracy_value', 'NONE');
#35 = LINE ( 'NONE', #1434, #2498 ) ;
#36 = VERTEX_POINT ( 'NONE', #1771 ) ;
#37 = CARTESIAN_POINT ( 'NONE',  ( 0.3579780709994244137, 0.2499999999999998890, 0.1621671690282746603 ) ) ;
#38 = CARTESIAN_POINT ( 'NONE',  ( 0.3609219576591826684, 0.2499999999999999445, 0.1353075209049540151 ) ) ;
#39 = VECTOR ( 'NONE', #9, 1000.000000000000000 ) ;
#40 = CARTESIAN_POINT ( 'NONE',  ( -0.7500000000000002220, 0.000000000000000000, -1.500000000000000000 ) ) ;
#41 = CARTESIAN_POINT ( 'NONE',  ( 0.3763132016404041602, 0.2549999999999999489, -0.04148599369791215047 ) ) ;
#42 = EDGE_CURVE ( 'NONE', #51, #3940, #375, .T. ) ;
#43 = LINE ( 'NONE', #410, #50 ) ;
#44 = CARTESIAN_POINT ( 'NONE',  ( 0.2694343435391757802, 0.2550000000000000600, 0.2401990627360203745 ) ) ;
#45 = CARTESIAN_POINT ( 'NONE',  ( 0.4779873555264082530, 0.2550000000000000600, 0.1058818914576139247 ) ) ;
#46 = CARTESIAN_POINT ( 'NONE',  ( -0.8000000000000001554, 0.000000000000000000, 1.550000000000000266 ) ) ;
#47 = CARTESIAN_POINT ( 'NONE',  ( 0.2658206407734284848, 0.2500000000000000000, 0.3723745853079545864 ) ) ;
#48 = CARTESIAN_POINT ( 'NONE',  ( 0.4452664430095722436, 0.2550000000000001710, -0.03450098182417965509 ) ) ;
#49 = LINE ( 'NONE', #4103, #1991 ) ;
#50 = VECTOR ( 'NONE', #4161, 1000.000000000000000 ) ;
#51 = VERTEX_POINT ( 'NONE', #32 ) ;
#52 = EDGE_LOOP ( 'NONE', ( #2428, #3464, #758, #98 ) ) ;
#53 = SURFACE_SIDE_STYLE ('',( #4151 ) ) ;
#54 = CARTESIAN_POINT ( 'NONE',  ( 0.7999999999999999334, -0.005000000000000000104, 0.6500000000000003553 ) ) ;
#55 = VERTEX_POINT ( 'NONE', #1410 ) ;
#56 = CARTESIAN_POINT ( 'NONE',  ( 0.4053541445208641569, 0.2549999999999999489, 0.2174173284505749315 ) ) ;
#57 = ORIENTED_EDGE ( 'NONE', *, *, #3789, .T. ) ;
#58 = CARTESIAN_POINT ( 'NONE',  ( 0.2205348298325186529, 0.2499999999999999445, 0.09307380305371665274 ) ) ;
#59 = LINE ( 'NONE', #3850, #2563 ) ;
#60 = COLOUR_RGB ( '',0.1098039215686274495, 0.1098039215686274495, 0.1098039215686274495 ) ;
#61 = FACE_OUTER_BOUND ( 'NONE', #2909, .T. ) ;
#62 = PRESENTATION_STYLE_ASSIGNMENT (( #2102 ) ) ;
#63 = VECTOR ( 'NONE', #197, 1000.000000000000000 ) ;
#64 = STYLED_ITEM ( 'NONE', ( #3840 ), #1390 ) ;
#65 = CARTESIAN_POINT ( 'NONE',  ( 0.2139674348922808722, 0.2550000000000000600, 0.2919423256096289054 ) ) ;
#66 = CARTESIAN_POINT ( 'NONE',  ( 0.2567221737742453325, 0.2499999999999999445, 0.2538447132545692542 ) ) ;
#67 = CARTESIAN_POINT ( 'NONE',  ( 0.2643953523856992227, 0.2500000000000000555, -0.02170178781106716498 ) ) ;
#68 = VECTOR ( 'NONE', #1797, 1000.000000000000000 ) ;
#69 = CARTESIAN_POINT ( 'NONE',  ( 0.3680186711902042607, 0.2550000000000000600, 0.3661440160517275832 ) ) ;
#70 = MECHANICAL_DESIGN_GEOMETRIC_PRESENTATION_REPRESENTATION (  '', ( #2354 ), #1918 ) ;
#71 = COLOUR_RGB ( '',0.1098039215686274495, 0.1098039215686274495, 0.1098039215686274495 ) ;
#72 = ADVANCED_FACE ( 'NONE', ( #2784 ), #777, .F. ) ;
#73 = CARTESIAN_POINT ( 'NONE',  ( 0.2734453708186651011, 0.2500000000000000000, 0.3762115169523667646 ) ) ;
#74 = DIRECTION ( 'NONE',  ( 0.000000000000000000, -1.000000000000000000, 0.000000000000000000 ) ) ;
#75 = CARTESIAN_POINT ( 'NONE',  ( 0.3499999999999998113, 0.000000000000000000, 1.550000000000000266 ) ) ;
#76 = ORIENTED_EDGE ( 'NONE', *, *, #3081, .T. ) ;
#77 = SURFACE_STYLE_USAGE ( .BOTH. , #3884 ) ;
#78 = DIRECTION ( 'NONE',  ( -0.000000000000000000, -1.000000000000000000, -0.000000000000000000 ) ) ;
#79 = FILL_AREA_STYLE_COLOUR ( '', #1705 ) ;
#80 = PRESENTATION_LAYER_ASSIGNMENT (  '', '', ( #2641 ) ) ;
#81 = VERTEX_POINT ( 'NONE', #1385 ) ;
#82 =( NAMED_UNIT ( * ) SI_UNIT ( $, .STERADIAN. ) SOLID_ANGLE_UNIT ( ) );
#83 = VERTEX_POINT ( 'NONE', #2402 ) ;
#84 = CARTESIAN_POINT ( 'NONE',  ( 0.2998289512875080831, 0.2499999999999998335, 0.1549178684805466166 ) ) ;
#85 = DIRECTION ( 'NONE',  ( 1.000000000000000000, 0.000000000000000000, 0.000000000000000000 ) ) ;
#86 = DIRECTION ( 'NONE',  ( 0.000000000000000000, 0.000000000000000000, 1.000000000000000000 ) ) ;
#87 = EDGE_CURVE ( 'NONE', #2600, #3584, #3778, .T. ) ;
#88 = FACE_OUTER_BOUND ( 'NONE', #52, .T. ) ;
#89 = CARTESIAN_POINT ( 'NONE',  ( 0.3282068291757977985, 0.2499999999999998890, 0.2183466840639617379 ) ) ;
#90 = CARTESIAN_POINT ( 'NONE',  ( 0.2510719378255823475, 0.2500000000000000555, -0.01330212592520405718 ) ) ;
#91 = CARTESIAN_POINT ( 'NONE',  ( -0.3499999999999999778, 0.000000000000000000, 1.505000000000000338 ) ) ;
#92 = FILL_AREA_STYLE ('',( #1789 ) ) ;
#93 = FILL_AREA_STYLE_COLOUR ( '', #60 ) ;
#94 = CARTESIAN_POINT ( 'NONE',  ( 0.2451125446705799127, 0.2499999999999999445, 0.06964721309605237387 ) ) ;
#95 = CARTESIAN_POINT ( 'NONE',  ( 0.4332762827193807342, 0.2500000000000000555, 0.3878777183160686537 ) ) ;
#96 = SURFACE_STYLE_FILL_AREA ( #3142 ) ;
#97 = EDGE_CURVE ( 'NONE', #4189, #3763, #3572, .T. ) ;
#98 = ORIENTED_EDGE ( 'NONE', *, *, #4187, .F. ) ;
#99 = CARTESIAN_POINT ( 'NONE',  ( 0.3499999999999999223, 0.000000000000000000, -1.550000000000000266 ) ) ;
#100 = ORIENTED_EDGE ( 'NONE', *, *, #422, .F. ) ;
#101 = CARTESIAN_POINT ( 'NONE',  ( 0.3499999999999999223, -0.005000000000000000104, 1.100000000000000755 ) ) ;
#102 = CARTESIAN_POINT ( 'NONE',  ( 0.3715048541190846265, 0.2550000000000000044, -0.04151410953862359754 ) ) ;
#103 = B_SPLINE_CURVE_WITH_KNOTS ( 'NONE', 3,
 ( #1504, #2863, #4224, #3326, #2266, #2574, #263, #586, #3646, #2241, #3306, #243, #3953, #3622, #4019, #555, #1266, #3279, #219, #935, #2292, #1623, #1069, #1687, #646, #3102, #2716 ),
 .UNSPECIFIED., .F., .F.,
 ( 4, 1, 1, 1, 1, 1, 1, 1, 1, 1, 1, 1, 1, 1, 1, 1, 1, 1, 1, 1, 1, 1, 1, 1, 4 ),
 ( 0.000000000000000000, 0.03378920173289939183, 0.06662571054411649263, 0.09929091792950051065, 0.1316449910201465123, 0.1636017227828676923, 0.1961224403990334542, 0.2289227629684998100, 0.2621805876121068857, 0.2960158121508758011, 0.3302445177381409525, 0.3650886174602971379, 0.4009817122734755657, 0.4376535877480990933, 0.4757430520779057370, 0.5152914703679793984, 0.5563268164025524376, 0.5996807419869993883, 0.6463429061422883981, 0.6964129774199110390, 0.7497662961685440663, 0.8065615401783301497, 0.8674274672223043492, 0.9318826096926672298, 1.000000000000000000 ),
 .UNSPECIFIED. ) ;
#104 = ORIENTED_EDGE ( 'NONE', *, *, #890, .F. ) ;
#105 = CARTESIAN_POINT ( 'NONE',  ( 0.3834691365183244827, 0.2550000000000000044, -0.01456186296542092556 ) ) ;
#106 = ORIENTED_EDGE ( 'NONE', *, *, #4259, .F. ) ;
#107 = CARTESIAN_POINT ( 'NONE',  ( 0.3209181455429895857, 0.2549999999999998934, 0.1591121893267794796 ) ) ;
#108 =( NAMED_UNIT ( * ) PLANE_ANGLE_UNIT ( ) SI_UNIT ( $, .RADIAN. ) );
#109 =( NAMED_UNIT ( * ) PLANE_ANGLE_UNIT ( ) SI_UNIT ( $, .RADIAN. ) );
#110 = FACE_OUTER_BOUND ( 'NONE', #1777, .T. ) ;
#111 = CARTESIAN_POINT ( 'NONE',  ( 0.2205348298325185974, 0.2550000000000000044, 0.3238430338229474348 ) ) ;
#112 = CARTESIAN_POINT ( 'NONE',  ( 0.2519284730706103925, 0.2499999999999999445, 0.2613267534477513032 ) ) ;
#113 = CARTESIAN_POINT ( 'NONE',  ( 0.3082523242278371045, 0.2499999999999999445, -0.03660186503082960702 ) ) ;
#114 = CARTESIAN_POINT ( 'NONE',  ( 0.4908558156575461573, 0.2500000000000000000, -0.1799756480001621362 ) ) ;
#115 = AXIS2_PLACEMENT_3D ( 'NONE', #2170, #2506, #4163 ) ;
#116 = LINE ( 'NONE', #1831, #976 ) ;
#117 = CARTESIAN_POINT ( 'NONE',  ( 0.5165343003413240819, 0.2500000000000000000, 0.1054979276991352827 ) ) ;
#118 = LINE ( 'NONE', #2171, #2209 ) ;
#119 = CARTESIAN_POINT ( 'NONE',  ( 0.4974784253491482677, 0.2500000000000000555, 0.3585254400456976409 ) ) ;
#120 = DIRECTION ( 'NONE',  ( -0.000000000000000000, -1.000000000000000000, -0.000000000000000000 ) ) ;
#121 = CARTESIAN_POINT ( 'NONE',  ( 0.4332762827193807342, 0.2550000000000000044, 0.3878777183160686537 ) ) ;
#122 = DIRECTION ( 'NONE',  ( -1.000000000000000000, 0.000000000000000000, 0.000000000000000000 ) ) ;
#123 =( LENGTH_UNIT ( ) NAMED_UNIT ( * ) SI_UNIT ( .MILLI., .METRE. ) );
#124 = EDGE_CURVE ( 'NONE', #3535, #824, #1152, .T. ) ;
#125 = SURFACE_SIDE_STYLE ('',( #2118 ) ) ;
#126 = ORIENTED_EDGE ( 'NONE', *, *, #1035, .F. ) ;
#127 = CARTESIAN_POINT ( 'NONE',  ( 0.4324996892528285009, 0.2550000000000000044, -0.009502273605260250222 ) ) ;
#128 = EDGE_CURVE ( 'NONE', #3825, #2337, #4253, .T. ) ;
#129 =( NAMED_UNIT ( * ) SI_UNIT ( $, .STERADIAN. ) SOLID_ANGLE_UNIT ( ) );
#130 =( LENGTH_UNIT ( ) NAMED_UNIT ( * ) SI_UNIT ( .MILLI., .METRE. ) );
#131 = CARTESIAN_POINT ( 'NONE',  ( 0.5291991250996400664, 0.2499999999999998335, 0.05175476606220862086 ) ) ;
#132 = CARTESIAN_POINT ( 'NONE',  ( 0.3715048541190846265, 0.2550000000000000044, 0.3931012750767610142 ) ) ;
#133 = VECTOR ( 'NONE', #2870, 1000.000000000000000 ) ;
#134 = CARTESIAN_POINT ( 'NONE',  ( 0.2965452994871731196, 0.2549999999999999489, 0.2252512355339210681 ) ) ;
#135 = PRESENTATION_STYLE_ASSIGNMENT (( #813 ) ) ;
#136 = MECHANICAL_DESIGN_GEOMETRIC_PRESENTATION_REPRESENTATION (  '', ( #64 ), #2622 ) ;
#137 = CARTESIAN_POINT ( 'NONE',  ( 0.3209181455429897523, 0.2500000000000000555, 0.3898814200960103449 ) ) ;
#138 = VECTOR ( 'NONE', #901, 1000.000000000000000 ) ;
#139 = PLANE ( 'NONE',  #706 ) ;
#140 = DIRECTION ( 'NONE',  ( 0.000000000000000000, 0.000000000000000000, 1.000000000000000000 ) ) ;
#141 = CARTESIAN_POINT ( 'NONE',  ( 0.4435254987353813849, 0.2500000000000000000, 0.3855738067239312672 ) ) ;
#142 = STYLED_ITEM ( 'NONE', ( #2718 ), #2749 ) ;
#143 = DIRECTION ( 'NONE',  ( 0.000000000000000000, -0.000000000000000000, -1.000000000000000000 ) ) ;
#144 = PRESENTATION_STYLE_ASSIGNMENT (( #77 ) ) ;
#145 = AXIS2_PLACEMENT_3D ( 'NONE', #1408, #1066, #2713 ) ;
#146 =( LENGTH_UNIT ( ) NAMED_UNIT ( * ) SI_UNIT ( .MILLI., .METRE. ) );
#147 = FILL_AREA_STYLE_COLOUR ( '', #4406 ) ;
#148 = FILL_AREA_STYLE_COLOUR ( '', #4142 ) ;
#149 = ORIENTED_EDGE ( 'NONE', *, *, #919, .F. ) ;
#150 = CARTESIAN_POINT ( 'NONE',  ( 0.4908558156575461573, 0.2550000000000000044, -0.2261294941540082926 ) ) ;
#151 = ORIENTED_EDGE ( 'NONE', *, *, #282, .F. ) ;
#152 = SURFACE_STYLE_FILL_AREA ( #172 ) ;
#153 = CARTESIAN_POINT ( 'NONE',  ( 0.4289025680023328957, 0.2550000000000000044, 0.1297959221826419374 ) ) ;
#154 = FILL_AREA_STYLE_COLOUR ( '', #4134 ) ;
#155 = ORIENTED_EDGE ( 'NONE', *, *, #3534, .T. ) ;
#156 = VECTOR ( 'NONE', #942, 1000.000000000000000 ) ;
#157 = PRESENTATION_STYLE_ASSIGNMENT (( #2210 ) ) ;
#158 = SURFACE_SIDE_STYLE ('',( #3983 ) ) ;
#159 = B_SPLINE_CURVE_WITH_KNOTS ( 'NONE', 3,
 ( #1898, #3550, #2218, #3594, #1217, #1554, #3275, #1817, #2196, #209, #4295, #2851, #1837, #166, #527, #3208, #2512, #187, #1877, #2568, #121, #3966, #3252, #3530, #1491, #1513, #837 ),
 .UNSPECIFIED., .F., .F.,
 ( 4, 1, 1, 1, 1, 1, 1, 1, 1, 1, 1, 1, 1, 1, 1, 1, 1, 1, 1, 1, 1, 1, 1, 1, 4 ),
 ( 0.000000000000000000, 0.03378811616271041457, 0.06719393237388000817, 0.09986241085682508178, 0.1325666121262583930, 0.1651511732547862044, 0.1979131873557920251, 0.2313190035669618616, 0.2650832782673732124, 0.2992553087581146243, 0.3343985665049784006, 0.3699428235093077943, 0.4062835607000606086, 0.4440638196985083330, 0.4829977068727753786, 0.5233544466133043249, 0.5655365896041489870, 0.6096129240658193504, 0.6563908113764168606, 0.7058854949364572473, 0.7583245002617310382, 0.8138317829411501059, 0.8727945590393897390, 0.9347222295400737790, 0.9999999999999998890 ),
 .UNSPECIFIED. ) ;
#160 = CARTESIAN_POINT ( 'NONE',  ( 0.2139327387344692466, 0.2499999999999999445, 0.2895556019998379305 ) ) ;
#161 = CARTESIAN_POINT ( 'NONE',  ( 0.5125379680007563499, 0.2500000000000000000, 0.1114405237722697339 ) ) ;
#162 = CARTESIAN_POINT ( 'NONE',  ( 0.7999999999999999334, 0.000000000000000000, 1.100000000000000755 ) ) ;
#163 = CARTESIAN_POINT ( 'NONE',  ( 0.5030455441436045838, 0.2549999999999998934, 0.3534094041116297991 ) ) ;
#164 = DIRECTION ( 'NONE',  ( 0.000000000000000000, 0.000000000000000000, 1.000000000000000000 ) ) ;
#165 = SURFACE_STYLE_FILL_AREA ( #926 ) ;
#166 = CARTESIAN_POINT ( 'NONE',  ( 0.4914405513017248706, 0.2550000000000000600, 0.3633833233645176741 ) ) ;
#167 = CARTESIAN_POINT ( 'NONE',  ( 0.3716250464267769060, 0.2550000000000000044, 0.2161781981536840813 ) ) ;
#168 = FACE_OUTER_BOUND ( 'NONE', #1159, .T. ) ;
#169 = UNCERTAINTY_MEASURE_WITH_UNIT (LENGTH_MEASURE( 1.000000000000000082E-05 ), #2403, 'distance_accuracy_value', 'NONE');
#170 = DIRECTION ( 'NONE',  ( -0.000000000000000000, -1.000000000000000000, -0.000000000000000000 ) ) ;
#171 = ORIENTED_EDGE ( 'NONE', *, *, #389, .F. ) ;
#172 = FILL_AREA_STYLE ('',( #1584 ) ) ;
#173 = CARTESIAN_POINT ( 'NONE',  ( 0.4983742236826438909, 0.2550000000000000600, 0.2871388542334406546 ) ) ;
#174 = CARTESIAN_POINT ( 'NONE',  ( 0.4572685055485782302, 0.2550000000000000044, 0.1198801339335745370 ) ) ;
#175 = CARTESIAN_POINT ( 'NONE',  ( 0.4712104578500319607, 0.2500000000000000000, -0.02564222643020427558 ) ) ;
#176 = ORIENTED_EDGE ( 'NONE', *, *, #1412, .T. ) ;
#177 = CARTESIAN_POINT ( 'NONE',  ( 0.3449037504082403394, 0.2499999999999999445, 0.1616042335444328737 ) ) ;
#178 = CARTESIAN_POINT ( 'NONE',  ( 0.4588464415272900943, 0.2499999999999998890, 0.2305779288853384845 ) ) ;
#179 = COLOUR_RGB ( '',0.1098039215686274495, 0.1098039215686274495, 0.1098039215686274495 ) ;
#180 = ORIENTED_EDGE ( 'NONE', *, *, #2351, .T. ) ;
#181 = CARTESIAN_POINT ( 'NONE',  ( 0.3598411541138852310, 0.2500000000000000000, -0.01456092373113605613 ) ) ;
#182 = SURFACE_STYLE_USAGE ( .BOTH. , #255 ) ;
#183 =( NAMED_UNIT ( * ) SI_UNIT ( $, .STERADIAN. ) SOLID_ANGLE_UNIT ( ) );
#184 = VECTOR ( 'NONE', #967, 1000.000000000000000 ) ;
#185 = LINE ( 'NONE', #507, #2553 ) ;
#186 = CARTESIAN_POINT ( 'NONE',  ( 0.3191939702398286505, 0.2550000000000001155, -0.01106800906330241904 ) ) ;
#187 = CARTESIAN_POINT ( 'NONE',  ( 0.4618707918203605045, 0.2549999999999999489, 0.3795606725515123236 ) ) ;
#188 = CARTESIAN_POINT ( 'NONE',  ( 0.3574562401603848527, 0.2550000000000000600, -0.04143186214433881159 ) ) ;
#189 = CARTESIAN_POINT ( 'NONE',  ( 0.5030455441436048059, 0.2550000000000000044, 0.1226401733423991419 ) ) ;
#190 = DIRECTION ( 'NONE',  ( -1.000000000000000000, 0.000000000000000000, 1.070816960479509564E-15 ) ) ;
#191 = CARTESIAN_POINT ( 'NONE',  ( 0.4820019532783511584, 0.2499999999999999445, 0.1017929471378034301 ) ) ;
#192 = VERTEX_POINT ( 'NONE', #2547 ) ;
#193 =( GEOMETRIC_REPRESENTATION_CONTEXT ( 3 ) GLOBAL_UNCERTAINTY_ASSIGNED_CONTEXT ( ( #579 ) ) GLOBAL_UNIT_ASSIGNED_CONTEXT ( ( #3967, #2219, #3948 ) ) REPRESENTATION_CONTEXT ( 'NONE', 'WORKASPACE' ) );
#194 = CARTESIAN_POINT ( 'NONE',  ( 0.5270754121658555169, 0.2500000000000001110, 0.2688751861662262432 ) ) ;
#195 = CARTESIAN_POINT ( 'NONE',  ( 0.4053541445208640459, 0.2499999999999999445, -0.01335190231865579676 ) ) ;
#196 = CARTESIAN_POINT ( 'NONE',  ( 0.4955632875088740175, 0.2499999999999998890, 0.2706887150049032131 ) ) ;
#197 = DIRECTION ( 'NONE',  ( -0.000000000000000000, 1.000000000000000000, -0.000000000000000000 ) ) ;
#198 = CARTESIAN_POINT ( 'NONE',  ( 0.5164853700966769434, 0.2500000000000000555, 0.01285661629490546763 ) ) ;
#199 = ORIENTED_EDGE ( 'NONE', *, *, #1826, .F. ) ;
#200 =( NAMED_UNIT ( * ) SI_UNIT ( $, .STERADIAN. ) SOLID_ANGLE_UNIT ( ) );
#201 = SURFACE_STYLE_FILL_AREA ( #3914 ) ;
#202 = ORIENTED_EDGE ( 'NONE', *, *, #2800, .F. ) ;
#203 = CARTESIAN_POINT ( 'NONE',  ( 0.2161899763799060292, 0.2499999999999998890, 0.2688845893342600157 ) ) ;
#204 =( LENGTH_UNIT ( ) NAMED_UNIT ( * ) SI_UNIT ( .MILLI., .METRE. ) );
#205 = FILL_AREA_STYLE ('',( #1893 ) ) ;
#206 = PRESENTATION_LAYER_ASSIGNMENT (  '', '', ( #2486 ) ) ;
#207 = PRESENTATION_LAYER_ASSIGNMENT (  '', '', ( #2135 ) ) ;
#208 =( LENGTH_UNIT ( ) NAMED_UNIT ( * ) SI_UNIT ( .MILLI., .METRE. ) );
#209 = CARTESIAN_POINT ( 'NONE',  ( 0.5125379680007563499, 0.2550000000000000044, 0.3422097545415005437 ) ) ;
#210 = CARTESIAN_POINT ( 'NONE',  ( 0.2574768967972126954, 0.2549999999999999489, -0.01766594510749141395 ) ) ;
#211 = CARTESIAN_POINT ( 'NONE',  ( 0.5283931939521229193, 0.2499999999999999445, 0.07293195945568789473 ) ) ;
#212 = MECHANICAL_DESIGN_GEOMETRIC_PRESENTATION_REPRESENTATION (  '', ( #2928 ), #1922 ) ;
#213 = SURFACE_SIDE_STYLE ('',( #3597 ) ) ;
#214 = CLOSED_SHELL ( 'NONE', ( #3411, #1748, #2092, #1207, #3676, #3244, #601, #2936, #827, #2757, #2407, #793, #2149, #1671 ) ) ;
#215 = VECTOR ( 'NONE', #3815, 1000.000000000000000 ) ;
#216 = STYLED_ITEM ( 'NONE', ( #373 ), #3412 ) ;
#217 = DIRECTION ( 'NONE',  ( 1.000000000000000000, -0.000000000000000000, 3.097720492815729138E-16 ) ) ;
#218 = ORIENTED_EDGE ( 'NONE', *, *, #4330, .F. ) ;
#219 = CARTESIAN_POINT ( 'NONE',  ( 0.2885240136352337781, 0.2500000000000000000, 0.1990086413479025262 ) ) ;
#220 = SURFACE_STYLE_USAGE ( .BOTH. , #825 ) ;
#221 = CARTESIAN_POINT ( 'NONE',  ( 0.4980261075446618113, 0.2500000000000000000, 0.2804964291373187590 ) ) ;
#222 = UNCERTAINTY_MEASURE_WITH_UNIT (LENGTH_MEASURE( 1.000000000000000082E-05 ), #3684, 'distance_accuracy_value', 'NONE');
#223 = CARTESIAN_POINT ( 'NONE',  ( 0.4117590748192688777, 0.2549999999999998934, 0.3637495133773601119 ) ) ;
#224 = ORIENTED_EDGE ( 'NONE', *, *, #1496, .F. ) ;
#225 = FILL_AREA_STYLE ('',( #3220 ) ) ;
#226 = COLOUR_RGB ( '',0.1098039215686274495, 0.1098039215686274495, 0.1098039215686274495 ) ;
#227 = CARTESIAN_POINT ( 'NONE',  ( 0.2740795347585978092, 0.2499999999999998890, 0.2366481580739598356 ) ) ;
#228 = EDGE_CURVE ( 'NONE', #1822, #1503, #2917, .T. ) ;
#229 = AXIS2_PLACEMENT_3D ( 'NONE', #2250, #3243, #1203 ) ;
#230 = CARTESIAN_POINT ( 'NONE',  ( 0.2139327387344692466, 0.2550000000000000044, 0.2895556019998379305 ) ) ;
#231 = DIRECTION ( 'NONE',  ( -1.000000000000000000, 0.000000000000000000, -1.257775142094552450E-16 ) ) ;
#232 = PRESENTATION_STYLE_ASSIGNMENT (( #1634 ) ) ;
#233 = DIRECTION ( 'NONE',  ( -0.000000000000000000, 1.000000000000000000, -0.000000000000000000 ) ) ;
#234 = CARTESIAN_POINT ( 'NONE',  ( 0.4350463232315916473, 0.2549999999999999489, -0.03674802600651652651 ) ) ;
#235 = CARTESIAN_POINT ( 'NONE',  ( 0.3499999999999999223, -0.2550000000000000044, 1.505000000000000338 ) ) ;
#236 = CARTESIAN_POINT ( 'NONE',  ( 0.4919248874227036827, 0.2550000000000000600, 0.2171283727615079540 ) ) ;
#237 = CARTESIAN_POINT ( 'NONE',  ( 0.2179895875073089573, 0.2500000000000000000, 0.03156419398350435862 ) ) ;
#238 = CARTESIAN_POINT ( 'NONE',  ( 0.4106336774163577008, 0.2500000000000000000, 0.1605142733997305116 ) ) ;
#239 = EDGE_CURVE ( 'NONE', #81, #4189, #159, .T. ) ;
#240 = FILL_AREA_STYLE ('',( #148 ) ) ;
#241 = CARTESIAN_POINT ( 'NONE',  ( 0.4980260946465298044, 0.2500000000000000555, 0.06952942385223048749 ) ) ;
#242 = ORIENTED_EDGE ( 'NONE', *, *, #1983, .F. ) ;
#243 = CARTESIAN_POINT ( 'NONE',  ( 0.2396637531941708810, 0.2499999999999999445, 0.2270046268005155576 ) ) ;
#244 = CARTESIAN_POINT ( 'NONE',  ( 0.5164853700966769434, 0.2550000000000000044, 0.2436258470641362306 ) ) ;
#245 = CARTESIAN_POINT ( 'NONE',  ( 0.3716250464267769060, 0.2550000000000000044, -0.01459103261554667991 ) ) ;
#246 = CARTESIAN_POINT ( 'NONE',  ( 0.4241973999450051047, 0.2499999999999998890, 0.2197501506174058539 ) ) ;
#247 = CARTESIAN_POINT ( 'NONE',  ( 0.4509163732389734891, 0.2550000000000000044, 0.1227890881270997381 ) ) ;
#248 = LINE ( 'NONE', #1607, #1701 ) ;
#249 = VERTEX_POINT ( 'NONE', #3947 ) ;
#250 = MANIFOLD_SOLID_BREP ( 'Boss-Extrude5', #1778 ) ;
#251 = CARTESIAN_POINT ( 'NONE',  ( 0.4865542860580310824, 0.2500000000000000000, 0.2538549867811376037 ) ) ;
#252 = ADVANCED_FACE ( 'NONE', ( #2682 ), #3768, .T. ) ;
#253 = EDGE_CURVE ( 'NONE', #3257, #2445, #382, .T. ) ;
#254 = LINE ( 'NONE', #947, #3717 ) ;
#255 = SURFACE_SIDE_STYLE ('',( #442 ) ) ;
#256 = B_SPLINE_SURFACE_WITH_KNOTS ( 'NONE', 3, 1, ( 
 ( #2391, #2054 ),
 ( #3427, #1654 ),
 ( #3023, #3767 ),
 ( #696, #988 ),
 ( #3383, #4403 ),
 ( #1349, #3890 ),
 ( #1477, #3829 ),
 ( #3809, #2793 ),
 ( #3154, #4159 ),
 ( #429, #2164 ),
 ( #3472, #829 ),
 ( #1759, #1118 ),
 ( #3851, #2184 ),
 ( #2860, #740 ),
 ( #3192, #2100 ) ),
 .UNSPECIFIED., .F., .F., .F.,
 ( 4, 1, 1, 1, 1, 1, 1, 1, 1, 1, 1, 1, 4 ),
 ( 2, 2 ),
 ( 0.000000000000000000, 0.1128134007444582809, 0.2253938839207291212, 0.3395948145627006864, 0.4596754102248637452, 0.5217351900879330096, 0.5839258387389159033, 0.6481741447653693866, 0.7138810381130663574, 0.7810044549073894560, 0.8514509275565551594, 0.9240506926641781638, 1.000000000000000000 ),
 ( 0.000000000000000000, 1.000000000000000000 ),
 .UNSPECIFIED. ) ;
#257 = CARTESIAN_POINT ( 'NONE',  ( 0.3439268052813400089, 0.2549999999999999489, -0.04081902008653240377 ) ) ;
#258 = CARTESIAN_POINT ( 'NONE',  ( 0.4914405513017247595, 0.2499999999999999445, 0.1326140925952868921 ) ) ;
#259 = VECTOR ( 'NONE', #1702, 1000.000000000000000 ) ;
#260 = CARTESIAN_POINT ( 'NONE',  ( 0.5126136477912353051, 0.2499999999999999445, 0.2377175155634844717 ) ) ;
#261 = CARTESIAN_POINT ( 'NONE',  ( 0.2396637531941708810, 0.2549999999999999489, 0.2270046268005155576 ) ) ;
#262 = ADVANCED_FACE ( 'NONE', ( #1097 ), #2286, .T. ) ;
#263 = CARTESIAN_POINT ( 'NONE',  ( 0.2202767865370284239, 0.2500000000000000555, 0.2559434926016470602 ) ) ;
#264 = PRESENTATION_STYLE_ASSIGNMENT (( #3396 ) ) ;
#265 = CARTESIAN_POINT ( 'NONE',  ( 0.2303991248534654757, 0.2550000000000000600, 0.007130621510016151889 ) ) ;
#266 = UNCERTAINTY_MEASURE_WITH_UNIT (LENGTH_MEASURE( 1.000000000000000082E-05 ), #3239, 'distance_accuracy_value', 'NONE');
#267 = CARTESIAN_POINT ( 'NONE',  ( 0.4786180227454666092, 0.2500000000000000000, -0.02200466566272002780 ) ) ;
#268 = EDGE_CURVE ( 'NONE', #1503, #2049, #1758, .T. ) ;
#269 = ORIENTED_EDGE ( 'NONE', *, *, #2010, .F. ) ;
#270 = EDGE_CURVE ( 'NONE', #249, #1174, #1417, .T. ) ;
#271 = CARTESIAN_POINT ( 'NONE',  ( 0.2269301059006316179, 0.2500000000000000555, 0.1056663988313543828 ) ) ;
#272 = CARTESIAN_POINT ( 'NONE',  ( 0.4865844590520803647, 0.2550000000000001155, 0.3268349899532899672 ) ) ;
#273 = CARTESIAN_POINT ( 'NONE',  ( 0.3191939702398286505, 0.2500000000000001110, 0.2197012217059283457 ) ) ;
#274 = SURFACE_STYLE_FILL_AREA ( #4429 ) ;
#275 = LINE ( 'NONE', #1280, #1438 ) ;
#276 =( NAMED_UNIT ( * ) SI_UNIT ( $, .STERADIAN. ) SOLID_ANGLE_UNIT ( ) );
#277 = CARTESIAN_POINT ( 'NONE',  ( 0.2451173818072016897, 0.2550000000000000600, -0.008703528583049190831 ) ) ;
#278 = VECTOR ( 'NONE', #2246, 1000.000000000000000 ) ;
#279 = CARTESIAN_POINT ( 'NONE',  ( 0.4546658454436269814, 0.2499999999999999445, 0.1988236237364373604 ) ) ;
#280 =( GEOMETRIC_REPRESENTATION_CONTEXT ( 3 ) GLOBAL_UNCERTAINTY_ASSIGNED_CONTEXT ( ( #2270 ) ) GLOBAL_UNIT_ASSIGNED_CONTEXT ( ( #1232, #1610, #2978 ) ) REPRESENTATION_CONTEXT ( 'NONE', 'WORKASPACE' ) );
#281 = VERTEX_POINT ( 'NONE', #4133 ) ;
#282 = EDGE_CURVE ( 'NONE', #3584, #2472, #2099, .T. ) ;
#283 = CARTESIAN_POINT ( 'NONE',  ( 0.2798514466872804030, 0.2550000000000000044, 0.2020203723015626118 ) ) ;
#284 = CARTESIAN_POINT ( 'NONE',  ( 0.4509163732389733781, 0.2500000000000000000, 0.3535583188963304924 ) ) ;
#285 = VECTOR ( 'NONE', #1493, 1000.000000000000000 ) ;
#286 =( NAMED_UNIT ( * ) SI_UNIT ( $, .STERADIAN. ) SOLID_ANGLE_UNIT ( ) );
#287 = CARTESIAN_POINT ( 'NONE',  ( 0.4974784253491483788, 0.2550000000000000600, 0.1277562092764668589 ) ) ;
#288 = FACE_OUTER_BOUND ( 'NONE', #1518, .T. ) ;
#289 = CARTESIAN_POINT ( 'NONE',  ( 0.2460160721585486210, 0.2550000000000000600, 0.1280771753194549500 ) ) ;
#290 = VECTOR ( 'NONE', #2193, 1000.000000000000000 ) ;
#291 = VECTOR ( 'NONE', #672, 1000.000000000000000 ) ;
#292 = ORIENTED_EDGE ( 'NONE', *, *, #2532, .F. ) ;
#293 = DIRECTION ( 'NONE',  ( 0.000000000000000000, 0.000000000000000000, -1.000000000000000000 ) ) ;
#294 = SURFACE_SIDE_STYLE ('',( #4113 ) ) ;
#295 = CARTESIAN_POINT ( 'NONE',  ( 0.2448670368211717796, 0.2550000000000000600, 0.05638692562451774748 ) ) ;
#296 = CARTESIAN_POINT ( 'NONE',  ( 0.3715048541190846265, 0.2550000000000000044, 0.3931012750767610142 ) ) ;
#297 = CARTESIAN_POINT ( 'NONE',  ( 0.4106336774163576453, 0.2500000000000000000, 0.3912835041689611826 ) ) ;
#298 = CARTESIAN_POINT ( 'NONE',  ( 0.3579780709994243026, 0.2550000000000000044, 0.3929363997975052758 ) ) ;
#299 =( NAMED_UNIT ( * ) SI_UNIT ( $, .STERADIAN. ) SOLID_ANGLE_UNIT ( ) );
#300 = MECHANICAL_DESIGN_GEOMETRIC_PRESENTATION_REPRESENTATION (  '', ( #4154 ), #3298 ) ;
#301 = B_SPLINE_CURVE_WITH_KNOTS ( 'NONE', 3,
 ( #710, #4191, #2072, #1093, #1470, #468, #1071, #1735, #3104, #1411, #2093, #3466, #1755, #2787, #755, #2827, #3486, #421, #1773, #3148, #4276, #822, #1194 ),
 .UNSPECIFIED., .F., .F.,
 ( 4, 1, 1, 1, 1, 1, 1, 1, 1, 1, 1, 1, 1, 1, 1, 1, 1, 1, 1, 1, 4 ),
 ( 0.000000000000000000, 0.06039823059658778331, 0.1209064923100298117, 0.1827897591261674892, 0.2475502480834729235, 0.2810447575356931904, 0.3148397785824127437, 0.3494612057941747230, 0.3848427988577222680, 0.4209593582097763687, 0.4583357953736048040, 0.4970067635577820608, 0.5374418627609196530, 0.5803510824172625204, 0.6274137617198365380, 0.6782749550092947999, 0.7339320702414471320, 0.7937070456672714602, 0.8576863130007430502, 0.9266837696490763943, 1.000000000000000000 ),
 .UNSPECIFIED. ) ;
#302 = CARTESIAN_POINT ( 'NONE',  ( 0.2451977462291358989, 0.2499999999999999445, 0.04977365593283739065 ) ) ;
#303 = CARTESIAN_POINT ( 'NONE',  ( 0.3992635981670664691, 0.2550000000000000044, 0.1899454314536185018 ) ) ;
#304 = EDGE_CURVE ( 'NONE', #4167, #1927, #3130, .T. ) ;
#305 = ORIENTED_EDGE ( 'NONE', *, *, #4277, .F. ) ;
#306 = CARTESIAN_POINT ( 'NONE',  ( 0.2962043733498538334, 0.2500000000000000000, 0.1240507943075302433 ) ) ;
#307 = SURFACE_STYLE_FILL_AREA ( #1027 ) ;
#308 = DIRECTION ( 'NONE',  ( 0.000000000000000000, -1.000000000000000000, 0.000000000000000000 ) ) ;
#309 = UNCERTAINTY_MEASURE_WITH_UNIT (LENGTH_MEASURE( 1.000000000000000082E-05 ), #408, 'distance_accuracy_value', 'NONE');
#310 = FACE_OUTER_BOUND ( 'NONE', #3559, .T. ) ;
#311 = CARTESIAN_POINT ( 'NONE',  ( 0.2448670368211717796, 0.2550000000000000600, 0.2871561563937485295 ) ) ;
#312 = EDGE_LOOP ( 'NONE', ( #4321, #554, #2766, #2947 ) ) ;
#313 = DIRECTION ( 'NONE',  ( 1.000000000000000000, 0.000000000000000000, 0.000000000000000000 ) ) ;
#314 = CARTESIAN_POINT ( 'NONE',  ( 0.4820019532783511584, 0.2549999999999999489, 0.3325621779070341844 ) ) ;
#315 = FILL_AREA_STYLE ('',( #4095 ) ) ;
#316 = CARTESIAN_POINT ( 'NONE',  ( 0.4239581713153414144, 0.2499999999999999445, -0.03843128071960034975 ) ) ;
#317 = PRESENTATION_LAYER_ASSIGNMENT (  '', '', ( #4170 ) ) ;
#318 = CARTESIAN_POINT ( 'NONE',  ( 0.3082523242278371045, 0.2549999999999999489, 0.1941673657384011265 ) ) ;
#319 = LINE ( 'NONE', #2678, #1223 ) ;
#320 = CARTESIAN_POINT ( 'NONE',  ( 0.4440743866994874001, 0.2499999999999997780, 0.1254223403873381271 ) ) ;
#321 = CARTESIAN_POINT ( 'NONE',  ( 0.2216250464267769393, 0.2500000000000000000, -0.1530525710770851977 ) ) ;
#322 = CARTESIAN_POINT ( 'NONE',  ( 0.2451977462291358989, 0.2549999999999999489, 0.04977365593283739065 ) ) ;
#323 = CARTESIAN_POINT ( 'NONE',  ( 0.4786180227454666647, 0.2500000000000000000, 0.2087645651065107022 ) ) ;
#324 = EDGE_CURVE ( 'NONE', #3376, #2222, #59, .T. ) ;
#325 = CARTESIAN_POINT ( 'NONE',  ( 0.4546658454436269814, 0.2549999999999999489, 0.1988236237364373604 ) ) ;
#326 = CARTESIAN_POINT ( 'NONE',  ( 0.5283809216234944817, 0.2500000000000000000, 0.2756114962440249228 ) ) ;
#327 =( LENGTH_UNIT ( ) NAMED_UNIT ( * ) SI_UNIT ( .MILLI., .METRE. ) );
#328 = STYLED_ITEM ( 'NONE', ( #1947 ), #3634 ) ;
#329 = CARTESIAN_POINT ( 'NONE',  ( 0.3680186711902042607, 0.2500000000000000555, 0.1353747852824968012 ) ) ;
#330 = CARTESIAN_POINT ( 'NONE',  ( 0.2988812081612535754, 0.2550000000000000044, 0.3557244623162266195 ) ) ;
#331 = CARTESIAN_POINT ( 'NONE',  ( 0.2202767865370283407, 0.2550000000000000600, 0.02517426183241617405 ) ) ;
#332 = CARTESIAN_POINT ( 'NONE',  ( 0.2233996090651760025, 0.2549999999999999489, 0.09949787913143455509 ) ) ;
#333 = CARTESIAN_POINT ( 'NONE',  ( 0.4983742236826438909, 0.2550000000000000600, 0.2871388542334406546 ) ) ;
#334 = ORIENTED_EDGE ( 'NONE', *, *, #924, .F. ) ;
#335 = PLANE ( 'NONE',  #10 ) ;
#336 = CARTESIAN_POINT ( 'NONE',  ( 0.4367276495857305152, 0.2550000000000000600, 0.3585281147260476198 ) ) ;
#337 = CARTESIAN_POINT ( 'NONE',  ( 0.4120316229970328870, 0.2550000000000000044, -0.03981448432465694437 ) ) ;
#338 = ORIENTED_EDGE ( 'NONE', *, *, #1680, .F. ) ;
#339 = CARTESIAN_POINT ( 'NONE',  ( 0.2885240136352337781, 0.2550000000000000044, 0.1990086413479025262 ) ) ;
#340 = CARTESIAN_POINT ( 'NONE',  ( 0.5030455441436045838, 0.2499999999999998890, 0.3534094041116297991 ) ) ;
#341 = CARTESIAN_POINT ( 'NONE',  ( 0.3669171077351536803, 0.2549999999999999489, 0.3930453559451009271 ) ) ;
#342 = CARTESIAN_POINT ( 'NONE',  ( 0.3043163308106932585, 0.2500000000000000000, 0.3575608577875803440 ) ) ;
#343 = CARTESIAN_POINT ( 'NONE',  ( 0.5291991250996400664, 0.2550000000000000044, 0.2825239968314393058 ) ) ;
#344 = CARTESIAN_POINT ( 'NONE',  ( 0.3763132016404040492, 0.2499999999999999445, 0.1892832370713185830 ) ) ;
#345 = ORIENTED_EDGE ( 'NONE', *, *, #2328, .F. ) ;
#346 = FILL_AREA_STYLE_COLOUR ( '', #2144 ) ;
#347 = VECTOR ( 'NONE', #3716, 1000.000000000000000 ) ;
#348 = PRESENTATION_STYLE_ASSIGNMENT (( #3866 ) ) ;
#349 = FACE_OUTER_BOUND ( 'NONE', #3841, .T. ) ;
#350 = CARTESIAN_POINT ( 'NONE',  ( 0.3982251360867783974, 0.2550000000000000600, 0.1615970712921778463 ) ) ;
#351 = CARTESIAN_POINT ( 'NONE',  ( 0.2139729051418194083, 0.2550000000000000044, 0.05642036136487479925 ) ) ;
#352 = UNCERTAINTY_MEASURE_WITH_UNIT (LENGTH_MEASURE( 1.000000000000000082E-05 ), #2077, 'distance_accuracy_value', 'NONE');
#353 = CARTESIAN_POINT ( 'NONE',  ( 0.2308799181315059901, 0.2549999999999999489, 0.1117024803113806086 ) ) ;
#354 = MECHANICAL_DESIGN_GEOMETRIC_PRESENTATION_REPRESENTATION (  '', ( #1206 ), #1636 ) ;
#355 = B_SPLINE_CURVE_WITH_KNOTS ( 'NONE', 3,
 ( #3323, #1289, #2310, #3030, #3708, #4389, #2638, #641, #1022, #1995, #4016, #3665, #602, #3374, #3689 ),
 .UNSPECIFIED., .F., .F.,
 ( 4, 1, 1, 1, 1, 1, 1, 1, 1, 1, 1, 1, 4 ),
 ( 0.000000000000000000, 0.1128134007444585862, 0.2253938839207294265, 0.3395948145627006864, 0.4596754102248640783, 0.5217351900879331206, 0.5839258387389160143, 0.6481741447653694976, 0.7138810381130663574, 0.7810044549073894560, 0.8514509275565550483, 0.9240506926641780527, 1.000000000000000000 ),
 .UNSPECIFIED. ) ;
#356 = CARTESIAN_POINT ( 'NONE',  ( 0.4151593434850236464, 0.2550000000000000600, 0.2184265209785842821 ) ) ;
#357 = ORIENTED_EDGE ( 'NONE', *, *, #3688, .F. ) ;
#358 = VECTOR ( 'NONE', #3582, 1000.000000000000000 ) ;
#359 =( NAMED_UNIT ( * ) SI_UNIT ( $, .STERADIAN. ) SOLID_ANGLE_UNIT ( ) );
#360 = VECTOR ( 'NONE', #4249, 1000.000000000000000 ) ;
#361 = DIRECTION ( 'NONE',  ( 1.000000000000000000, 0.000000000000000000, 0.000000000000000000 ) ) ;
#362 = CARTESIAN_POINT ( 'NONE',  ( 0.5251901946821933009, 0.2499999999999998890, 0.03154420843651657008 ) ) ;
#363 = ADVANCED_FACE ( 'NONE', ( #1456 ), #1611, .T. ) ;
#364 = AXIS2_PLACEMENT_3D ( 'NONE', #693, #1049, #3806 ) ;
#365 = CARTESIAN_POINT ( 'NONE',  ( 0.3082523242278371045, 0.2499999999999998890, 0.1941673657384011265 ) ) ;
#366 = CARTESIAN_POINT ( 'NONE',  ( 0.4509163732389734891, 0.2499999999999998335, 0.1227890881270997381 ) ) ;
#367 = CARTESIAN_POINT ( 'NONE',  ( 0.3308013193309962685, 0.2550000000000001155, 0.3634683325781973284 ) ) ;
#368 = B_SPLINE_SURFACE_WITH_KNOTS ( 'NONE', 3, 1, ( 
 ( #3962, #3009 ),
 ( #3341, #1574 ),
 ( #4365, #1310 ),
 ( #4266, #4311 ),
 ( #2256, #2655 ),
 ( #3633, #922 ),
 ( #3250, #3943 ),
 ( #2283, #875 ),
 ( #2232, #1402 ),
 ( #2752, #320 ),
 ( #3115, #366 ),
 ( #2327, #1676 ),
 ( #3457, #3369 ),
 ( #2703, #4076 ),
 ( #1658, #4032 ),
 ( #45, #3431 ),
 ( #1745, #3047 ),
 ( #388, #3750 ),
 ( #4407, #723 ),
 ( #3730, #682 ),
 ( #969, #1423 ),
 ( #1016, #1353 ),
 ( #2084, #2033 ) ),
 .UNSPECIFIED., .F., .F., .F.,
 ( 4, 1, 1, 1, 1, 1, 1, 1, 1, 1, 1, 1, 1, 1, 1, 1, 1, 1, 1, 1, 4 ),
 ( 2, 2 ),
 ( 0.000000000000000000, 0.06568343212078686655, 0.1285067289146421265, 0.1881673103733746133, 0.2451002472096336371, 0.2994443895091744023, 0.3508944417317638176, 0.3999212696944038359, 0.4466529223048520958, 0.4912372285188454368, 0.5333604721790476955, 0.5738382596722070295, 0.6125131318951647641, 0.6495852175762254488, 0.6855213450018985410, 0.7200962655338508656, 0.7538292898209778548, 0.8189192568383036885, 0.8804893966640126024, 0.9403093035504377362, 0.9999999999999998890 ),
 ( 0.000000000000000000, 1.000000000000000000 ),
 .UNSPECIFIED. ) ;
#369 = CARTESIAN_POINT ( 'NONE',  ( 0.2740795347585978647, 0.2549999999999999489, 0.005878927304729142031 ) ) ;
#370 = CARTESIAN_POINT ( 'NONE',  ( 0.5292775705441344902, 0.2550000000000000044, 0.2871894960086713300 ) ) ;
#371 = CARTESIAN_POINT ( 'NONE',  ( 0.3499999999999999223, -0.2550000000000000044, 0.6500000000000007994 ) ) ;
#372 = EDGE_LOOP ( 'NONE', ( #1737, #1959, #1074, #2862 ) ) ;
#373 = PRESENTATION_STYLE_ASSIGNMENT (( #978 ) ) ;
#374 = VECTOR ( 'NONE', #2223, 1000.000000000000000 ) ;
#375 = LINE ( 'NONE', #2115, #2557 ) ;
#376 = LINE ( 'NONE', #2069, #3910 ) ;
#377 = EDGE_CURVE ( 'NONE', #3108, #1881, #4153, .T. ) ;
#378 = CARTESIAN_POINT ( 'NONE',  ( 0.5199353461137071752, 0.2500000000000000000, 0.3300779800419048615 ) ) ;
#379 = CARTESIAN_POINT ( 'NONE',  ( 0.5293173541190846487, 0.2550000000000000044, 0.05878637123060716924 ) ) ;
#380 = ORIENTED_EDGE ( 'NONE', *, *, #2625, .T. ) ;
#381 = CARTESIAN_POINT ( 'NONE',  ( 0.3100416389117918725, 0.2499999999999998890, 0.1571493129694797319 ) ) ;
#382 = LINE ( 'NONE', #1475, #1283 ) ;
#383 = CARTESIAN_POINT ( 'NONE',  ( 0.3282068291757979650, 0.2550000000000000600, -0.01242254670526895047 ) ) ;
#384 = FILL_AREA_STYLE ('',( #2748 ) ) ;
#385 =( GEOMETRIC_REPRESENTATION_CONTEXT ( 3 ) GLOBAL_UNCERTAINTY_ASSIGNED_CONTEXT ( ( #4108 ) ) GLOBAL_UNIT_ASSIGNED_CONTEXT ( ( #1311, #1212, #183 ) ) REPRESENTATION_CONTEXT ( 'NONE', 'WORKASPACE' ) );
#386 = CARTESIAN_POINT ( 'NONE',  ( 0.3715048541190846265, 0.2550000000000000044, -0.04151410953862359754 ) ) ;
#387 = CARTESIAN_POINT ( 'NONE',  ( 0.3379999892286716379, 0.2550000000000000600, 0.2174345726364922404 ) ) ;
#388 = CARTESIAN_POINT ( 'NONE',  ( 0.4865844590520803647, 0.2550000000000001155, 0.09606575918405915737 ) ) ;
#389 = EDGE_CURVE ( 'NONE', #955, #3376, #2334, .T. ) ;
#390 = SURFACE_SIDE_STYLE ('',( #724 ) ) ;
#391 = DIRECTION ( 'NONE',  ( -0.000000000000000000, 1.000000000000000000, -0.000000000000000000 ) ) ;
#392 = CARTESIAN_POINT ( 'NONE',  ( 0.3504766980390016662, 0.2500000000000000000, 0.3655341213651056020 ) ) ;
#393 = FILL_AREA_STYLE_COLOUR ( '', #711 ) ;
#394 = EDGE_LOOP ( 'NONE', ( #451, #3175, #2140, #2760 ) ) ;
#395 =( NAMED_UNIT ( * ) PLANE_ANGLE_UNIT ( ) SI_UNIT ( $, .RADIAN. ) );
#396 = CARTESIAN_POINT ( 'NONE',  ( 0.7500000000000001110, -0.2500000000000000000, -1.500000000000000000 ) ) ;
#397 =( LENGTH_UNIT ( ) NAMED_UNIT ( * ) SI_UNIT ( .MILLI., .METRE. ) );
#398 = FACE_BOUND ( 'NONE', #1090, .T. ) ;
#399 = UNCERTAINTY_MEASURE_WITH_UNIT (LENGTH_MEASURE( 1.000000000000000082E-05 ), #757, 'distance_accuracy_value', 'NONE');
#400 = EDGE_CURVE ( 'NONE', #36, #3643, #4042, .T. ) ;
#401 = ORIENTED_EDGE ( 'NONE', *, *, #2945, .F. ) ;
#402 = CARTESIAN_POINT ( 'NONE',  ( 0.4781948957862314775, 0.2550000000000000600, 0.2440959329934860034 ) ) ;
#403 = ORIENTED_EDGE ( 'NONE', *, *, #1805, .F. ) ;
#404 = CARTESIAN_POINT ( 'NONE',  ( 0.2205348298325186529, 0.2550000000000000600, 0.09307380305371665274 ) ) ;
#405 = FILL_AREA_STYLE_COLOUR ( '', #3795 ) ;
#406 = CARTESIAN_POINT ( 'NONE',  ( 0.3308013193309962685, 0.2550000000000000044, 0.1326991018089665186 ) ) ;
#407 = ADVANCED_FACE ( 'NONE', ( #2384 ), #936, .T. ) ;
#408 =( LENGTH_UNIT ( ) NAMED_UNIT ( * ) SI_UNIT ( .MILLI., .METRE. ) );
#409 = ORIENTED_EDGE ( 'NONE', *, *, #3359, .F. ) ;
#410 = CARTESIAN_POINT ( 'NONE',  ( 0.3499999999999999223, -0.2550000000000000044, 1.100000000000000755 ) ) ;
#411 = CARTESIAN_POINT ( 'NONE',  ( 0.2688973845536968277, 0.2550000000000000044, 0.2069048981832617984 ) ) ;
#412 = MANIFOLD_SOLID_BREP ( 'Boss-Extrude4', #3144 ) ;
#413 = CARTESIAN_POINT ( 'NONE',  ( 0.4985481233498538778, 0.2500000000000000000, 0.2904570443075302211 ) ) ;
#414 = FACE_OUTER_BOUND ( 'NONE', #3145, .T. ) ;
#415 = CARTESIAN_POINT ( 'NONE',  ( 0.4332762827193807897, 0.2499999999999999445, 0.1571084875468378717 ) ) ;
#416 = CARTESIAN_POINT ( 'NONE',  ( 0.7550000000000001155, -0.2550000000000000044, 1.100000000000000311 ) ) ;
#417 = PLANE ( 'NONE',  #500 ) ;
#418 = ORIENTED_EDGE ( 'NONE', *, *, #1526, .F. ) ;
#419 = EDGE_LOOP ( 'NONE', ( #962, #269, #3952, #3292 ) ) ;
#420 =( NAMED_UNIT ( * ) PLANE_ANGLE_UNIT ( ) SI_UNIT ( $, .RADIAN. ) );
#421 = CARTESIAN_POINT ( 'NONE',  ( 0.4151593434850235909, 0.2499999999999999445, -0.01234270979064651906 ) ) ;
#422 = EDGE_CURVE ( 'NONE', #593, #4065, #2845, .T. ) ;
#423 = VERTEX_POINT ( 'NONE', #2584 ) ;
#424 =( NAMED_UNIT ( * ) PLANE_ANGLE_UNIT ( ) SI_UNIT ( $, .RADIAN. ) );
#425 = ORIENTED_EDGE ( 'NONE', *, *, #2734, .F. ) ;
#426 = CARTESIAN_POINT ( 'NONE',  ( 0.2521063102726365801, 0.2549999999999999489, 0.1328937672189482166 ) ) ;
#427 = DIRECTION ( 'NONE',  ( -0.000000000000000000, -1.000000000000000000, -0.000000000000000000 ) ) ;
#428 = VECTOR ( 'NONE', #3525, 1000.000000000000000 ) ;
#429 = CARTESIAN_POINT ( 'NONE',  ( 0.2736565952342381869, 0.2549999999999999489, 0.1129620413018266462 ) ) ;
#430 = PLANE ( 'NONE',  #3642 ) ;
#431 = COLOUR_RGB ( '',0.1098039215686274495, 0.1098039215686274495, 0.1098039215686274495 ) ;
#432 = CARTESIAN_POINT ( 'NONE',  ( 0.3716250464267769060, 0.2550000000000000044, 0.1354089673844532937 ) ) ;
#433 = COLOUR_RGB ( '',0.1098039215686274495, 0.1098039215686274495, 0.1098039215686274495 ) ;
#434 = ADVANCED_FACE ( 'NONE', ( #948 ), #4293, .F. ) ;
#435 = CARTESIAN_POINT ( 'NONE',  ( 0.2231860189739853229, 0.2499999999999999445, 0.01900815782039452784 ) ) ;
#436 = MECHANICAL_DESIGN_GEOMETRIC_PRESENTATION_REPRESENTATION (  '', ( #1436 ), #4072 ) ;
#437 = PLANE ( 'NONE',  #2435 ) ;
#438 = PRESENTATION_LAYER_ASSIGNMENT (  '', '', ( #4352 ) ) ;
#439 = CARTESIAN_POINT ( 'NONE',  ( 0.3449037504082403949, 0.2500000000000000000, 0.3923734643136637112 ) ) ;
#440 = CARTESIAN_POINT ( 'NONE',  ( 0.5126136477912353051, 0.2549999999999999489, 0.2377175155634844717 ) ) ;
#441 = CARTESIAN_POINT ( 'NONE',  ( 0.4914405513017247595, 0.2499999999999999445, 0.1326140925952868921 ) ) ;
#442 = SURFACE_STYLE_FILL_AREA ( #2131 ) ;
#443 = DIRECTION ( 'NONE',  ( -0.000000000000000000, -1.000000000000000000, -0.000000000000000000 ) ) ;
#444 = EDGE_LOOP ( 'NONE', ( #493, #2464, #2132, #2667 ) ) ;
#445 = CARTESIAN_POINT ( 'NONE',  ( 0.4985481233498538778, 0.2550000000000000044, 0.05968781353829947373 ) ) ;
#446 = ORIENTED_EDGE ( 'NONE', *, *, #2915, .F. ) ;
#447 = FILL_AREA_STYLE ('',( #147 ) ) ;
#448 = COLOUR_RGB ( '',0.1098039215686274495, 0.1098039215686274495, 0.1098039215686274495 ) ;
#449 = CARTESIAN_POINT ( 'NONE',  ( -0.3499999999999998668, -0.005000000000000000104, -1.550000000000000266 ) ) ;
#450 = EDGE_CURVE ( 'NONE', #2937, #192, #1281, .T. ) ;
#451 = ORIENTED_EDGE ( 'NONE', *, *, #4194, .F. ) ;
#452 = ORIENTED_EDGE ( 'NONE', *, *, #3112, .F. ) ;
#453 = CARTESIAN_POINT ( 'NONE',  ( 0.2139674348922808722, 0.2549999999999999489, 0.06117309484039811646 ) ) ;
#454 = CARTESIAN_POINT ( 'NONE',  ( 0.3127475009890208213, 0.2499999999999999445, 0.1291583505272700660 ) ) ;
#455 = DIRECTION ( 'NONE',  ( 0.8679300138597078051, 0.000000000000000000, 0.4966865118376856403 ) ) ;
#456 = CARTESIAN_POINT ( 'NONE',  ( 0.5293173541190846487, 0.2499999999999998890, 0.05878637123060716924 ) ) ;
#457 = CARTESIAN_POINT ( 'NONE',  ( 0.2233996090651760580, 0.2500000000000001110, 0.3302671099006652677 ) ) ;
#458 = CARTESIAN_POINT ( 'NONE',  ( 0.2651705834403098594, 0.2549999999999999489, 0.2440350096353815779 ) ) ;
#459 = CARTESIAN_POINT ( 'NONE',  ( 0.2798514466872804030, 0.2500000000000000000, -0.02874885846766815634 ) ) ;
#460 = CARTESIAN_POINT ( 'NONE',  ( 0.2787028081634196353, 0.2549999999999999489, 0.3469420499860477181 ) ) ;
#461 = CARTESIAN_POINT ( 'NONE',  ( 0.2587306498150886425, 0.2500000000000000555, 0.3681515161366792910 ) ) ;
#462 = FILL_AREA_STYLE ('',( #93 ) ) ;
#463 = CARTESIAN_POINT ( 'NONE',  ( 0.2736565952342381869, 0.2499999999999999445, 0.1129620413018266462 ) ) ;
#464 = CARTESIAN_POINT ( 'NONE',  ( 0.3715048541190846265, 0.2550000000000000044, 0.3931012750767610142 ) ) ;
#465 =( NAMED_UNIT ( * ) PLANE_ANGLE_UNIT ( ) SI_UNIT ( $, .RADIAN. ) );
#466 = EDGE_CURVE ( 'NONE', #3720, #4261, #1874, .T. ) ;
#467 = LINE ( 'NONE', #3184, #1750 ) ;
#468 = CARTESIAN_POINT ( 'NONE',  ( 0.4865542860580310824, 0.2500000000000000555, 0.02308575601190687374 ) ) ;
#469 = ORIENTED_EDGE ( 'NONE', *, *, #466, .T. ) ;
#470 = FACE_OUTER_BOUND ( 'NONE', #2212, .T. ) ;
#471 = ORIENTED_EDGE ( 'NONE', *, *, #1876, .F. ) ;
#472 = CARTESIAN_POINT ( 'NONE',  ( 0.2998289512875080831, 0.2549999999999999489, 0.1549178684805466166 ) ) ;
#473 = CARTESIAN_POINT ( 'NONE',  ( 0.3504766980390017217, 0.2500000000000000000, 0.1347648905958748755 ) ) ;
#474 = ORIENTED_EDGE ( 'NONE', *, *, #389, .T. ) ;
#475 = CARTESIAN_POINT ( 'NONE',  ( 0.2815637261155051752, 0.2500000000000002220, 0.3797950062458630427 ) ) ;
#476 = CARTESIAN_POINT ( 'NONE',  ( 0.3676180150993510476, 0.2549999999999999489, 0.2161884364722178598 ) ) ;
#477 = CARTESIAN_POINT ( 'NONE',  ( 0.3715048541190846265, 0.2500000000000000000, -0.04151410953862359754 ) ) ;
#478 = CARTESIAN_POINT ( 'NONE',  ( 0.4983742236826438909, 0.2500000000000000555, 0.2871388542334406546 ) ) ;
#479 = FACE_OUTER_BOUND ( 'NONE', #4305, .T. ) ;
#480 = CARTESIAN_POINT ( 'NONE',  ( 0.5030455441436048059, 0.2500000000000000000, 0.1226401733423991419 ) ) ;
#481 = CARTESIAN_POINT ( 'NONE',  ( 0.5199353461137071752, 0.2549999999999999489, 0.3300779800419048615 ) ) ;
#482 = CARTESIAN_POINT ( 'NONE',  ( 0.2690366555843885510, 0.2550000000000000600, 0.1094612920285743668 ) ) ;
#483 = CARTESIAN_POINT ( 'NONE',  ( 0.7500000000000001110, -0.2500000000000000000, 1.500000000000000222 ) ) ;
#484 = LINE ( 'NONE', #3510, #1553 ) ;
#485 = AXIS2_PLACEMENT_3D ( 'NONE', #3055, #1709, #708 ) ;
#486 = FILL_AREA_STYLE ('',( #858 ) ) ;
#487 = CARTESIAN_POINT ( 'NONE',  ( 0.3499999999999999223, 0.000000000000000000, -1.505000000000000115 ) ) ;
#488 = ORIENTED_EDGE ( 'NONE', *, *, #1895, .F. ) ;
#489 =( NAMED_UNIT ( * ) SI_UNIT ( $, .STERADIAN. ) SOLID_ANGLE_UNIT ( ) );
#490 = FILL_AREA_STYLE ('',( #1559 ) ) ;
#491 = PLANE ( 'NONE',  #3922 ) ;
#492 = DIRECTION ( 'NONE',  ( 0.000000000000000000, 1.000000000000000000, 0.000000000000000000 ) ) ;
#493 = ORIENTED_EDGE ( 'NONE', *, *, #4381, .T. ) ;
#494 = VECTOR ( 'NONE', #164, 1000.000000000000000 ) ;
#495 =( NAMED_UNIT ( * ) PLANE_ANGLE_UNIT ( ) SI_UNIT ( $, .RADIAN. ) );
#496 = FACE_OUTER_BOUND ( 'NONE', #4026, .T. ) ;
#497 = CARTESIAN_POINT ( 'NONE',  ( 0.2447019695037000730, 0.2550000000000000600, 0.2904570443075302766 ) ) ;
#498 = STYLED_ITEM ( 'NONE', ( #1803 ), #793 ) ;
#499 = EDGE_CURVE ( 'NONE', #1174, #1843, #1595, .T. ) ;
#500 = AXIS2_PLACEMENT_3D ( 'NONE', #818, #2892, #2940 ) ;
#501 = PRESENTATION_STYLE_ASSIGNMENT (( #2481 ) ) ;
#502 = B_SPLINE_CURVE_WITH_KNOTS ( 'NONE', 3,
 ( #861, #2967, #1242, #2989, #3973, #2640, #905, #4017, #2221, #1952, #2312, #3644, #3598, #584, #3690, #3256, #191, #2572, #1928, #3304, #241, #4322, #2921 ),
 .UNSPECIFIED., .F., .F.,
 ( 4, 1, 1, 1, 1, 1, 1, 1, 1, 1, 1, 1, 1, 1, 1, 1, 1, 1, 1, 1, 4 ),
 ( 0.000000000000000000, 0.06568343212078686655, 0.1285067289146421265, 0.1881673103733746133, 0.2451002472096336371, 0.2994443895091744023, 0.3508944417317638176, 0.3999212696944038359, 0.4466529223048520958, 0.4912372285188454368, 0.5333604721790476955, 0.5738382596722070295, 0.6125131318951647641, 0.6495852175762254488, 0.6855213450018985410, 0.7200962655338508656, 0.7538292898209778548, 0.8189192568383036885, 0.8804893966640126024, 0.9403093035504377362, 0.9999999999999998890 ),
 .UNSPECIFIED. ) ;
#503 = CARTESIAN_POINT ( 'NONE',  ( 0.4777203346176338572, 0.2500000000000000555, 0.1413251522611165267 ) ) ;
#504 = CARTESIAN_POINT ( 'NONE',  ( 0.2564453260069082807, 0.2499999999999999445, 0.09613601356795135888 ) ) ;
#505 = CARTESIAN_POINT ( 'NONE',  ( 0.4777203346176339127, 0.2550000000000001155, 0.3720943830303474198 ) ) ;
#506 = VECTOR ( 'NONE', #1038, 1000.000000000000000 ) ;
#507 = CARTESIAN_POINT ( 'NONE',  ( 0.3499999999999999223, -0.005000000000000000104, 1.100000000000000755 ) ) ;
#508 = CARTESIAN_POINT ( 'NONE',  ( -0.7999999999999999334, -0.005000000000000000104, 0.6500000000000003553 ) ) ;
#509 = CARTESIAN_POINT ( 'NONE',  ( 0.7999999999999999334, 0.2500000000000000000, -1.549999999999999822 ) ) ;
#510 = PRESENTATION_STYLE_ASSIGNMENT (( #1579 ) ) ;
#511 = ORIENTED_EDGE ( 'NONE', *, *, #2174, .T. ) ;
#512 = CARTESIAN_POINT ( 'NONE',  ( 0.4241973999450051602, 0.2550000000000000600, -0.01101908015182492991 ) ) ;
#513 = ADVANCED_FACE ( 'NONE', ( #3987 ), #972, .T. ) ;
#514 = ORIENTED_EDGE ( 'NONE', *, *, #2833, .T. ) ;
#515 = CARTESIAN_POINT ( 'NONE',  ( 0.4980261075446617003, 0.2499999999999998890, 0.04972719836808792843 ) ) ;
#516 = CARTESIAN_POINT ( 'NONE',  ( 0.3715048541190846265, 0.2500000000000000000, -0.04151410953862359754 ) ) ;
#517 = CARTESIAN_POINT ( 'NONE',  ( 0.5251901946821933009, 0.2500000000000000000, 0.03154420843651657008 ) ) ;
#518 = PRESENTATION_LAYER_ASSIGNMENT (  '', '', ( #867 ) ) ;
#519 = ORIENTED_EDGE ( 'NONE', *, *, #637, .F. ) ;
#520 = CARTESIAN_POINT ( 'NONE',  ( 0.7550000000000001155, 0.000000000000000000, 1.100000000000000311 ) ) ;
#521 = CARTESIAN_POINT ( 'NONE',  ( -0.8000000000000001554, 0.2500000000000000000, 1.550000000000000266 ) ) ;
#522 = CARTESIAN_POINT ( 'NONE',  ( 0.2613068582814646046, 0.2500000000000000000, 0.2481492524766699681 ) ) ;
#523 = ORIENTED_EDGE ( 'NONE', *, *, #2625, .F. ) ;
#524 = LINE ( 'NONE', #2631, #4274 ) ;
#525 = CARTESIAN_POINT ( 'NONE',  ( 0.2448389221446900244, 0.2550000000000000044, 0.06300989968022051302 ) ) ;
#526 = B_SPLINE_CURVE_WITH_KNOTS ( 'NONE', 3,
 ( #497, #3523, #4229, #1830, #2888, #1483, #2480, #3160, #2817, #1853, #460, #3222, #746, #4204, #4162 ),
 .UNSPECIFIED., .F., .F.,
 ( 4, 1, 1, 1, 1, 1, 1, 1, 1, 1, 1, 1, 4 ),
 ( 0.000000000000000000, 0.1128134007444585862, 0.2253938839207294265, 0.3395948145627006864, 0.4596754102248640783, 0.5217351900879331206, 0.5839258387389160143, 0.6481741447653694976, 0.7138810381130663574, 0.7810044549073894560, 0.8514509275565550483, 0.9240506926641780527, 1.000000000000000000 ),
 .UNSPECIFIED. ) ;
#527 = CARTESIAN_POINT ( 'NONE',  ( 0.4848161154588461752, 0.2549999999999998934, 0.3678452316958816248 ) ) ;
#528 = CARTESIAN_POINT ( 'NONE',  ( 0.4530196210655035305, 0.2549999999999999489, 0.1519531835027881361 ) ) ;
#529 = B_SPLINE_CURVE_WITH_KNOTS ( 'NONE', 3,
 ( #537, #2598, #2952, #3980, #2555, #2272, #3333, #3649, #3603, #1868, #175, #267, #1885, #4355, #3264, #1301, #3909, #845, #198, #2927, #3583, #517, #4286, #1229, #2579, #3956, #889 ),
 .UNSPECIFIED., .F., .F.,
 ( 4, 1, 1, 1, 1, 1, 1, 1, 1, 1, 1, 1, 1, 1, 1, 1, 1, 1, 1, 1, 1, 1, 1, 1, 4 ),
 ( 0.000000000000000000, 0.06859905185027570518, 0.1332546469887012364, 0.1943251344692437099, 0.2512954498164151618, 0.3045331036280987669, 0.3542577818568268255, 0.4005064503556530209, 0.4434393887943418044, 0.4840461245383604894, 0.5232860905060560119, 0.5610786028067862308, 0.5979388495899657929, 0.6335593991789293389, 0.6685506344687421887, 0.7027341618909608290, 0.7369260519635207896, 0.7705360380815170496, 0.8034336592223285667, 0.8361707333883959814, 0.8684517514297860341, 0.9008401352728002687, 0.9334622281405532407, 0.9662553963349059805, 0.9999999999999998890 ),
 .UNSPECIFIED. ) ;
#530 = SURFACE_STYLE_USAGE ( .BOTH. , #213 ) ;
#531 = AXIS2_PLACEMENT_3D ( 'NONE', #897, #613, #1921 ) ;
#532 = CARTESIAN_POINT ( 'NONE',  ( 0.2303991248534655312, 0.2550000000000000600, 0.2378998522792469261 ) ) ;
#533 = ORIENTED_EDGE ( 'NONE', *, *, #3595, .T. ) ;
#534 = CARTESIAN_POINT ( 'NONE',  ( 0.4151593434850235909, 0.2549999999999999489, -0.01234270979064651906 ) ) ;
#535 = CARTESIAN_POINT ( 'NONE',  ( 0.4468260874201817057, 0.2499999999999998335, 0.2253671889364799175 ) ) ;
#536 = DIRECTION ( 'NONE',  ( -0.000000000000000000, 1.000000000000000000, -0.000000000000000000 ) ) ;
#537 = CARTESIAN_POINT ( 'NONE',  ( 0.3715048541190846265, 0.2500000000000000000, -0.04151410953862359754 ) ) ;
#538 = EDGE_LOOP ( 'NONE', ( #918, #2380, #1628, #3651 ) ) ;
#539 = CARTESIAN_POINT ( 'NONE',  ( 0.2998289512875080831, 0.2499999999999999445, 0.1549178684805466166 ) ) ;
#540 = EDGE_CURVE ( 'NONE', #611, #1863, #4100, .T. ) ;
#541 = CARTESIAN_POINT ( 'NONE',  ( 0.4324996892528283898, 0.2500000000000000000, 0.2212669571639704624 ) ) ;
#542 = VERTEX_POINT ( 'NONE', #321 ) ;
#543 = CARTESIAN_POINT ( 'NONE',  ( 0.2139729051418194083, 0.2499999999999999445, 0.2871895921341056090 ) ) ;
#544 = CARTESIAN_POINT ( 'NONE',  ( 0.000000000000000000, 0.000000000000000000, 0.000000000000000000 ) ) ;
#545 =( NAMED_UNIT ( * ) PLANE_ANGLE_UNIT ( ) SI_UNIT ( $, .RADIAN. ) );
#546 = VECTOR ( 'NONE', #1743, 1000.000000000000000 ) ;
#547 = CARTESIAN_POINT ( 'NONE',  ( 0.2609306113884458656, 0.2550000000000000044, 0.1017488030109317820 ) ) ;
#548 =( NAMED_UNIT ( * ) SI_UNIT ( $, .STERADIAN. ) SOLID_ANGLE_UNIT ( ) );
#549 = CARTESIAN_POINT ( 'NONE',  ( -0.7500000000000002220, -0.2500000000000000000, -1.500000000000000000 ) ) ;
#550 = CARTESIAN_POINT ( 'NONE',  ( 0.2510719378255823475, 0.2550000000000000600, -0.01330212592520405718 ) ) ;
#551 = CARTESIAN_POINT ( 'NONE',  ( 0.4974784253491483788, 0.2550000000000000600, 0.1277562092764668589 ) ) ;
#552 = PRESENTATION_STYLE_ASSIGNMENT (( #530 ) ) ;
#553 = CARTESIAN_POINT ( 'NONE',  ( 0.2140521054570817538, 0.2550000000000000600, 0.2825242824974674161 ) ) ;
#554 = ORIENTED_EDGE ( 'NONE', *, *, #2814, .F. ) ;
#555 = CARTESIAN_POINT ( 'NONE',  ( 0.2643953523856992227, 0.2500000000000000555, 0.2090674429581636795 ) ) ;
#556 = PRODUCT_DEFINITION_FORMATION_WITH_SPECIFIED_SOURCE ( 'ANY', '', #3043, .NOT_KNOWN. ) ;
#557 = CARTESIAN_POINT ( 'NONE',  ( 0.4692927124641247949, 0.2499999999999999445, 0.005996708984112694880 ) ) ;
#558 = CARTESIAN_POINT ( 'NONE',  ( 0.4739182371157079632, 0.2550000000000000044, 0.2403198027485014820 ) ) ;
#559 = B_SPLINE_CURVE_WITH_KNOTS ( 'NONE', 3,
 ( #3560, #2560, #1525, #177, #2536, #869, #3606, #539, #3266, #3628, #3362, #1373, #2052, #1961, #964, #1325, #2669, #2320, #271, #2623, #3040, #1032, #3336, #3697, #2696, #4380, #630 ),
 .UNSPECIFIED., .F., .F.,
 ( 4, 1, 1, 1, 1, 1, 1, 1, 1, 1, 1, 1, 1, 1, 1, 1, 1, 1, 1, 1, 1, 1, 1, 1, 4 ),
 ( 0.000000000000000000, 0.06505443418246398268, 0.1267559120129200800, 0.1854905136151528133, 0.2407319099066663470, 0.2929399200274550585, 0.3421407007848330517, 0.3888818632284785637, 0.4326355745586137891, 0.4744826467630680056, 0.5146234406660605831, 0.5535935061967397486, 0.5914088715710094091, 0.6280056034120587993, 0.6635828890423903781, 0.6987588027965658810, 0.7333612457672681328, 0.7673935930107674830, 0.8009689012590152091, 0.8340198941834591206, 0.8669987993126963000, 0.8997333901562397651, 0.9327110721003746274, 0.9661804870619420393, 1.000000000000000000 ),
 .UNSPECIFIED. ) ;
#560 =( NAMED_UNIT ( * ) SI_UNIT ( $, .STERADIAN. ) SOLID_ANGLE_UNIT ( ) );
#561 = EDGE_CURVE ( 'NONE', #1319, #3643, #2418, .T. ) ;
#562 = DIRECTION ( 'NONE',  ( 0.000000000000000000, 0.000000000000000000, -1.000000000000000000 ) ) ;
#563 = VERTEX_POINT ( 'NONE', #1403 ) ;
#564 = CARTESIAN_POINT ( 'NONE',  ( -0.8000000000000001554, 0.000000000000000000, 0.6500000000000005773 ) ) ;
#565 = CARTESIAN_POINT ( 'NONE',  ( 0.4530518220437345644, 0.2500000000000001110, 0.2278614995434172785 ) ) ;
#566 = ORIENTED_EDGE ( 'NONE', *, *, #2419, .T. ) ;
#567 = CARTESIAN_POINT ( 'NONE',  ( 0.2451173818072016342, 0.2550000000000000044, 0.2220657021861815739 ) ) ;
#568 = ADVANCED_FACE ( 'NONE', ( #1677 ), #3328, .T. ) ;
#569 = CARTESIAN_POINT ( 'NONE',  ( 0.2740795347585978647, 0.2499999999999999445, 0.005878927304729142031 ) ) ;
#570 =( NAMED_UNIT ( * ) PLANE_ANGLE_UNIT ( ) SI_UNIT ( $, .RADIAN. ) );
#571 = CARTESIAN_POINT ( 'NONE',  ( 0.5216250464267768727, 0.2550000000000000044, -0.2085213210770852088 ) ) ;
#572 = AXIS2_PLACEMENT_3D ( 'NONE', #1028, #1388, #2341 ) ;
#573 = CARTESIAN_POINT ( 'NONE',  ( -0.7500000000000002220, -0.2500000000000000000, -1.500000000000000000 ) ) ;
#574 = CARTESIAN_POINT ( 'NONE',  ( 0.4452664430095720771, 0.2500000000000001110, 0.1962682489450511825 ) ) ;
#575 = CARTESIAN_POINT ( 'NONE',  ( 0.2979735486261178568, 0.2500000000000000000, -0.03440084372244785887 ) ) ;
#576 = CARTESIAN_POINT ( 'NONE',  ( 0.4223257474083713103, 0.2549999999999999489, 0.1590275680329638897 ) ) ;
#577 = VECTOR ( 'NONE', #3354, 1000.000000000000000 ) ;
#578 = FILL_AREA_STYLE_COLOUR ( '', #2779 ) ;
#579 = UNCERTAINTY_MEASURE_WITH_UNIT (LENGTH_MEASURE( 1.000000000000000082E-05 ), #3967, 'distance_accuracy_value', 'NONE');
#580 = VECTOR ( 'NONE', #4213, 1000.000000000000000 ) ;
#581 =( GEOMETRIC_REPRESENTATION_CONTEXT ( 3 ) GLOBAL_UNCERTAINTY_ASSIGNED_CONTEXT ( ( #3262 ) ) GLOBAL_UNIT_ASSIGNED_CONTEXT ( ( #3034, #3999, #1322 ) ) REPRESENTATION_CONTEXT ( 'NONE', 'WORKASPACE' ) );
#582 = VECTOR ( 'NONE', #3325, 1000.000000000000000 ) ;
#583 = ORIENTED_EDGE ( 'NONE', *, *, #3496, .F. ) ;
#584 = CARTESIAN_POINT ( 'NONE',  ( 0.4685873095345626238, 0.2499999999999999445, 0.1134035747727367566 ) ) ;
#585 = VERTEX_POINT ( 'NONE', #114 ) ;
#586 = CARTESIAN_POINT ( 'NONE',  ( 0.2231860189739854061, 0.2500000000000000555, 0.2497773885896253376 ) ) ;
#587 = EDGE_CURVE ( 'NONE', #81, #2922, #767, .T. ) ;
#588 = EDGE_CURVE ( 'NONE', #2274, #3903, #2866, .T. ) ;
#589 = CARTESIAN_POINT ( 'NONE',  ( 0.2139327387344692466, 0.2550000000000000044, 0.05878637123060716924 ) ) ;
#590 = CARTESIAN_POINT ( 'NONE',  ( 0.4468260874201817057, 0.2549999999999998934, 0.2253671889364799175 ) ) ;
#591 = UNCERTAINTY_MEASURE_WITH_UNIT (LENGTH_MEASURE( 1.000000000000000082E-05 ), #2019, 'distance_accuracy_value', 'NONE');
#592 = CARTESIAN_POINT ( 'NONE',  ( 0.3499999999999999223, -0.005000000000000000104, 1.100000000000000755 ) ) ;
#593 = VERTEX_POINT ( 'NONE', #2798 ) ;
#594 = SURFACE_STYLE_FILL_AREA ( #225 ) ;
#595 = FACE_OUTER_BOUND ( 'NONE', #1023, .T. ) ;
#596 = MECHANICAL_DESIGN_GEOMETRIC_PRESENTATION_REPRESENTATION (  '', ( #3659 ), #943 ) ;
#597 = CARTESIAN_POINT ( 'NONE',  ( 0.2694343435391757802, 0.2500000000000000555, 0.2401990627360203745 ) ) ;
#598 = VECTOR ( 'NONE', #3891, 1000.000000000000000 ) ;
#599 = SURFACE_STYLE_USAGE ( .BOTH. , #2284 ) ;
#600 = EDGE_CURVE ( 'NONE', #3171, #955, #526, .T. ) ;
#601 = ADVANCED_FACE ( 'NONE', ( #2457 ), #437, .T. ) ;
#602 = CARTESIAN_POINT ( 'NONE',  ( 0.2900163870072656747, 0.2499999999999999445, 0.3525260344352220132 ) ) ;
#603 = EDGE_CURVE ( 'NONE', #4086, #3287, #792, .T. ) ;
#604 = CARTESIAN_POINT ( 'NONE',  ( 0.2231860189739854061, 0.2550000000000000600, 0.2497773885896253376 ) ) ;
#605 = VERTEX_POINT ( 'NONE', #3477 ) ;
#606 = PLANE ( 'NONE',  #1832 ) ;
#607 = DIRECTION ( 'NONE',  ( -1.000000000000000000, 0.000000000000000000, 0.000000000000000000 ) ) ;
#608 = CARTESIAN_POINT ( 'NONE',  ( -0.3499999999999999778, 0.000000000000000000, 1.100000000000000311 ) ) ;
#609 = ORIENTED_EDGE ( 'NONE', *, *, #890, .T. ) ;
#610 = CARTESIAN_POINT ( 'NONE',  ( 0.4289025680023328957, 0.2499999999999999445, 0.3605651529518726917 ) ) ;
#611 = VERTEX_POINT ( 'NONE', #4182 ) ;
#612 = CARTESIAN_POINT ( 'NONE',  ( 0.2718723217780564805, 0.2550000000000000044, 0.2054369774203609611 ) ) ;
#613 = DIRECTION ( 'NONE',  ( 0.000000000000000000, 0.000000000000000000, -1.000000000000000000 ) ) ;
#614 = EDGE_CURVE ( 'NONE', #3400, #1546, #1960, .T. ) ;
#615 = CARTESIAN_POINT ( 'NONE',  ( -0.7500000000000002220, 0.000000000000000000, 1.500000000000000222 ) ) ;
#616 = CARTESIAN_POINT ( 'NONE',  ( 0.4712104578500320717, 0.2500000000000001665, 0.2051270043390265585 ) ) ;
#617 = CARTESIAN_POINT ( 'NONE',  ( 0.2979735486261178568, 0.2550000000000000044, -0.03440084372244785887 ) ) ;
#618 = CARTESIAN_POINT ( 'NONE',  ( 0.5291923890265181063, 0.2550000000000001155, 0.06591707014889505722 ) ) ;
#619 = PRESENTATION_LAYER_ASSIGNMENT (  '', '', ( #1886 ) ) ;
#620 = LINE ( 'NONE', #1337, #2063 ) ;
#621 = ORIENTED_EDGE ( 'NONE', *, *, #1099, .F. ) ;
#622 = LINE ( 'NONE', #2239, #1144 ) ;
#623 = EDGE_LOOP ( 'NONE', ( #3579, #1570, #126, #3777 ) ) ;
#624 = CARTESIAN_POINT ( 'NONE',  ( 0.4205789617790521850, 0.2500000000000001665, 0.3623026690188726473 ) ) ;
#625 = CARTESIAN_POINT ( 'NONE',  ( -0.7999999999999999334, -0.005000000000000000104, 1.100000000000000311 ) ) ;
#626 = DIRECTION ( 'NONE',  ( 0.000000000000000000, -0.000000000000000000, 1.000000000000000000 ) ) ;
#627 = CARTESIAN_POINT ( 'NONE',  ( 0.3715048541190846265, 0.2550000000000000044, 0.1623320443075302599 ) ) ;
#628 = VECTOR ( 'NONE', #3531, 1000.000000000000000 ) ;
#629 = ORIENTED_EDGE ( 'NONE', *, *, #268, .T. ) ;
#630 = CARTESIAN_POINT ( 'NONE',  ( 0.2139327387344692466, 0.2500000000000000000, 0.05878637123060716924 ) ) ;
#631 = FILL_AREA_STYLE_COLOUR ( '', #3586 ) ;
#632 = DIRECTION ( 'NONE',  ( 1.000000000000000000, 0.000000000000000000, 0.000000000000000000 ) ) ;
#633 = VECTOR ( 'NONE', #838, 1000.000000000000000 ) ;
#634 = CARTESIAN_POINT ( 'NONE',  ( 0.2643953523856992227, 0.2500000000000000000, 0.2090674429581636795 ) ) ;
#635 = SURFACE_SIDE_STYLE ('',( #3700 ) ) ;
#636 = CARTESIAN_POINT ( 'NONE',  ( 0.2903682165199150123, 0.2550000000000000044, 0.3829136533001883391 ) ) ;
#637 = EDGE_CURVE ( 'NONE', #1546, #1663, #871, .T. ) ;
#638 = CARTESIAN_POINT ( 'NONE',  ( 0.4978555650724056925, 0.2550000000000000600, 0.2217853367041183188 ) ) ;
#639 = CARTESIAN_POINT ( 'NONE',  ( 0.4350463232315916473, 0.2549999999999999489, 0.1940212047627142278 ) ) ;
#640 =( GEOMETRIC_REPRESENTATION_CONTEXT ( 3 ) GLOBAL_UNCERTAINTY_ASSIGNED_CONTEXT ( ( #1562 ) ) GLOBAL_UNIT_ASSIGNED_CONTEXT ( ( #1165, #1614, #3316 ) ) REPRESENTATION_CONTEXT ( 'NONE', 'WORKASPACE' ) );
#641 = CARTESIAN_POINT ( 'NONE',  ( 0.2647547241009812757, 0.2500000000000000000, 0.3365394900749550389 ) ) ;
#642 = VECTOR ( 'NONE', #2444, 1000.000000000000000 ) ;
#643 = ORIENTED_EDGE ( 'NONE', *, *, #1560, .T. ) ;
#644 = FILL_AREA_STYLE ('',( #4039 ) ) ;
#645 = ORIENTED_EDGE ( 'NONE', *, *, #1183, .T. ) ;
#646 = CARTESIAN_POINT ( 'NONE',  ( 0.3574562401603848527, 0.2500000000000000555, 0.1893373686248920051 ) ) ;
#647 = CARTESIAN_POINT ( 'NONE',  ( 0.3127475009890208213, 0.2499999999999999445, 0.1291583505272700660 ) ) ;
#648 = CARTESIAN_POINT ( 'NONE',  ( 0.5291923890265181063, 0.2550000000000001155, 0.06591707014889505722 ) ) ;
#649 =( LENGTH_UNIT ( ) NAMED_UNIT ( * ) SI_UNIT ( .MILLI., .METRE. ) );
#650 = CARTESIAN_POINT ( 'NONE',  ( 0.2903682165199149567, 0.2550000000000000044, 0.1521444225309575016 ) ) ;
#651 = AXIS2_PLACEMENT_3D ( 'NONE', #1603, #4325, #1268 ) ;
#652 = CARTESIAN_POINT ( 'NONE',  ( 0.3947895301926684364, 0.2550000000000000600, 0.2167292253294735849 ) ) ;
#653 = MECHANICAL_DESIGN_GEOMETRIC_PRESENTATION_REPRESENTATION (  '', ( #2786 ), #3729 ) ;
#654 = ORIENTED_EDGE ( 'NONE', *, *, #377, .T. ) ;
#655 = CARTESIAN_POINT ( 'NONE',  ( -0.3499999999999999778, 0.000000000000000000, 1.505000000000000338 ) ) ;
#656 = CARTESIAN_POINT ( 'NONE',  ( 0.3822869060884305781, 0.2550000000000000600, 0.3660667421315824677 ) ) ;
#657 = LINE ( 'NONE', #1719, #3004 ) ;
#658 = B_SPLINE_SURFACE_WITH_KNOTS ( 'NONE', 3, 1, ( 
 ( #2236, #1284 ),
 ( #4252, #3965 ),
 ( #900, #3274 ),
 ( #856, #2634 ),
 ( #1191, #2546 ),
 ( #2217, #3593 ),
 ( #186, #3775 ),
 ( #4, #2061 ),
 ( #3371, #4034 ),
 ( #1333, #4368 ),
 ( #2396, #3435 ),
 ( #4386, #3685 ),
 ( #2681, #703 ),
 ( #369, #1039 ),
 ( #1728, #3096 ),
 ( #994, #26 ),
 ( #1312, #3733 ),
 ( #2733, #1356 ),
 ( #2659, #1404 ),
 ( #4101, #1019 ),
 ( #322, #302 ),
 ( #4055, #2754 ),
 ( #2355, #1969 ) ),
 .UNSPECIFIED., .F., .F., .F.,
 ( 4, 1, 1, 1, 1, 1, 1, 1, 1, 1, 1, 1, 1, 1, 1, 1, 1, 1, 1, 1, 4 ),
 ( 2, 2 ),
 ( 0.000000000000000000, 0.07295580388491697266, 0.1415928897317563773, 0.2059398346352474540, 0.2653185879161433780, 0.3206180547892742427, 0.3718406517515510101, 0.4188169691711108311, 0.4617287149186187767, 0.5021661945599859012, 0.5408394393269549960, 0.5782180768637673607, 0.6143367624190528842, 0.6497204384179314784, 0.6845870665938523780, 0.7186487713646740882, 0.7523728734028878318, 0.8176405955349003163, 0.8797142646225145635, 0.9399616606279663777, 0.9999999999999998890 ),
 ( 0.000000000000000000, 1.000000000000000000 ),
 .UNSPECIFIED. ) ;
#659 = CARTESIAN_POINT ( 'NONE',  ( 0.4854884286703768370, 0.2499999999999998890, -0.01792888326302108370 ) ) ;
#660 =( NAMED_UNIT ( * ) PLANE_ANGLE_UNIT ( ) SI_UNIT ( $, .RADIAN. ) );
#661 = CARTESIAN_POINT ( 'NONE',  ( 0.7550000000000001155, 0.000000000000000000, 1.100000000000000311 ) ) ;
#662 = CARTESIAN_POINT ( 'NONE',  ( 0.2734453708186651011, 0.2550000000000000044, 0.3762115169523667646 ) ) ;
#663 =( GEOMETRIC_REPRESENTATION_CONTEXT ( 3 ) GLOBAL_UNCERTAINTY_ASSIGNED_CONTEXT ( ( #2578 ) ) GLOBAL_UNIT_ASSIGNED_CONTEXT ( ( #3246, #915, #200 ) ) REPRESENTATION_CONTEXT ( 'NONE', 'WORKASPACE' ) );
#664 = FILL_AREA_STYLE ('',( #1061 ) ) ;
#665 = CARTESIAN_POINT ( 'NONE',  ( 0.3715048541190846265, 0.2500000000000000555, 0.1892551212306071706 ) ) ;
#666 = CARTESIAN_POINT ( 'NONE',  ( 0.3992635981670665246, 0.2550000000000000600, -0.04082379931561226638 ) ) ;
#667 = B_SPLINE_CURVE_WITH_KNOTS ( 'NONE', 3,
 ( #4361, #3063, #2008, #4425, #3787, #383, #2698, #2413, #3090, #2079, #2727, #1012, #3405, #4383, #4047, #19, #3042, #1396, #1327, #2029, #2371, #295, #1375 ),
 .UNSPECIFIED., .F., .F.,
 ( 4, 1, 1, 1, 1, 1, 1, 1, 1, 1, 1, 1, 1, 1, 1, 1, 1, 1, 1, 1, 4 ),
 ( 0.000000000000000000, 0.07295580388491697266, 0.1415928897317563773, 0.2059398346352474540, 0.2653185879161433780, 0.3206180547892742427, 0.3718406517515510101, 0.4188169691711108311, 0.4617287149186187767, 0.5021661945599859012, 0.5408394393269549960, 0.5782180768637673607, 0.6143367624190528842, 0.6497204384179314784, 0.6845870665938523780, 0.7186487713646740882, 0.7523728734028878318, 0.8176405955349003163, 0.8797142646225145635, 0.9399616606279663777, 0.9999999999999998890 ),
 .UNSPECIFIED. ) ;
#668 = DIRECTION ( 'NONE',  ( -0.000000000000000000, 0.000000000000000000, -1.000000000000000000 ) ) ;
#669 = ORIENTED_EDGE ( 'NONE', *, *, #1526, .T. ) ;
#670 = DIRECTION ( 'NONE',  ( 0.000000000000000000, 0.000000000000000000, 1.000000000000000000 ) ) ;
#671 = CARTESIAN_POINT ( 'NONE',  ( 0.3834691365183244827, 0.2500000000000000000, -0.01456186296542092556 ) ) ;
#672 = DIRECTION ( 'NONE',  ( -0.000000000000000000, 1.000000000000000000, -0.000000000000000000 ) ) ;
#673 = DIRECTION ( 'NONE',  ( -0.000000000000000000, -1.000000000000000000, -0.000000000000000000 ) ) ;
#674 = DIRECTION ( 'NONE',  ( 1.000000000000000000, 0.000000000000000000, -1.070816960479509564E-15 ) ) ;
#675 = CARTESIAN_POINT ( 'NONE',  ( 0.2447019695037000730, 0.2550000000000000600, 0.2904570443075302766 ) ) ;
#676 = ORIENTED_EDGE ( 'NONE', *, *, #4037, .T. ) ;
#677 = LINE ( 'NONE', #3021, #3664 ) ;
#678 = CARTESIAN_POINT ( 'NONE',  ( 0.4735615350573204596, 0.2499999999999999445, 0.3405732054758373040 ) ) ;
#679 = CARTESIAN_POINT ( 'NONE',  ( 0.3715048541190846265, 0.2550000000000000044, -0.04151410953862359754 ) ) ;
#680 = PRESENTATION_STYLE_ASSIGNMENT (( #2676 ) ) ;
#681 = CARTESIAN_POINT ( 'NONE',  ( 0.5125379680007563499, 0.2500000000000000000, 0.3422097545415005437 ) ) ;
#682 = CARTESIAN_POINT ( 'NONE',  ( 0.4955568124165435351, 0.2499999999999997780, 0.07923833619549520979 ) ) ;
#683 = CARTESIAN_POINT ( 'NONE',  ( 0.2564453260069082807, 0.2500000000000000000, 0.3269052443371821548 ) ) ;
#684 = LINE ( 'NONE', #3413, #259 ) ;
#685 = CARTESIAN_POINT ( 'NONE',  ( 0.4120316229970328870, 0.2550000000000000044, -0.03981448432465694437 ) ) ;
#686 = ORIENTED_EDGE ( 'NONE', *, *, #450, .F. ) ;
#687 = VECTOR ( 'NONE', #3946, 1000.000000000000000 ) ;
#688 = EDGE_LOOP ( 'NONE', ( #2648, #1415, #2615, #953 ) ) ;
#689 = CARTESIAN_POINT ( 'NONE',  ( 0.4700291176353074696, 0.2550000000000000044, 0.1451284696241161853 ) ) ;
#690 = LINE ( 'NONE', #3714, #1502 ) ;
#691 = CARTESIAN_POINT ( 'NONE',  ( 0.2587306498150886980, 0.2550000000000000600, 0.1373822853674485089 ) ) ;
#692 = VECTOR ( 'NONE', #391, 1000.000000000000000 ) ;
#693 = CARTESIAN_POINT ( 'NONE',  ( 0.7999999999999999334, 0.2500000000000000000, 1.550000000000000266 ) ) ;
#694 = ORIENTED_EDGE ( 'NONE', *, *, #3197, .T. ) ;
#695 = EDGE_CURVE ( 'NONE', #1716, #2138, #4333, .T. ) ;
#696 = CARTESIAN_POINT ( 'NONE',  ( 0.2477524364455134243, 0.2550000000000000044, 0.07934439553699591807 ) ) ;
#697 = ADVANCED_FACE ( 'NONE', ( #2538 ), #1567, .T. ) ;
#698 = CARTESIAN_POINT ( 'NONE',  ( 0.2574768967972126954, 0.2499999999999999445, 0.2131032856617393334 ) ) ;
#699 = FACE_OUTER_BOUND ( 'NONE', #1739, .T. ) ;
#700 = FILL_AREA_STYLE ('',( #3772 ) ) ;
#701 = CARTESIAN_POINT ( 'NONE',  ( 0.2736565952342382424, 0.2500000000000000000, 0.3437312720710575253 ) ) ;
#702 = EDGE_CURVE ( 'NONE', #2898, #1231, #3364, .T. ) ;
#703 = CARTESIAN_POINT ( 'NONE',  ( 0.2790928080514478160, 0.2500000000000000000, 0.002607234034223803419 ) ) ;
#704 = CARTESIAN_POINT ( 'NONE',  ( 0.4452664430095720771, 0.2550000000000000600, 0.1962682489450511825 ) ) ;
#705 = ORIENTED_EDGE ( 'NONE', *, *, #3811, .T. ) ;
#706 = AXIS2_PLACEMENT_3D ( 'NONE', #771, #74, #1530 ) ;
#707 = EDGE_LOOP ( 'NONE', ( #751, #2362, #3930, #3489 ) ) ;
#708 = DIRECTION ( 'NONE',  ( -2.409338161078899674E-16, 0.000000000000000000, -1.000000000000000000 ) ) ;
#709 = CARTESIAN_POINT ( 'NONE',  ( 0.4974784253491482677, 0.2550000000000000044, 0.3585254400456976409 ) ) ;
#710 = CARTESIAN_POINT ( 'NONE',  ( 0.4985481233498538778, 0.2500000000000000000, 0.05968781353829947373 ) ) ;
#711 = COLOUR_RGB ( '',0.1098039215686274495, 0.1098039215686274495, 0.1098039215686274495 ) ;
#712 = ORIENTED_EDGE ( 'NONE', *, *, #963, .F. ) ;
#713 = CARTESIAN_POINT ( 'NONE',  ( 0.4692927124641249614, 0.2550000000000000600, 0.2367659397533434795 ) ) ;
#714 = ORIENTED_EDGE ( 'NONE', *, *, #2036, .F. ) ;
#715 = MECHANICAL_DESIGN_GEOMETRIC_PRESENTATION_REPRESENTATION (  '', ( #498 ), #4066 ) ;
#716 = EDGE_CURVE ( 'NONE', #3720, #3467, #657, .T. ) ;
#717 = CARTESIAN_POINT ( 'NONE',  ( 0.2460160721585486210, 0.2499999999999999445, 0.1280771753194549500 ) ) ;
#718 = DIRECTION ( 'NONE',  ( -1.000000000000000000, -0.000000000000000000, -0.000000000000000000 ) ) ;
#719 = MECHANICAL_DESIGN_GEOMETRIC_PRESENTATION_REPRESENTATION (  '', ( #3006 ), #2427 ) ;
#720 = CARTESIAN_POINT ( 'NONE',  ( -0.8000000000000001554, 0.000000000000000000, 1.550000000000000266 ) ) ;
#721 = CARTESIAN_POINT ( 'NONE',  ( 0.4452664430095722436, 0.2500000000000000555, -0.03450098182417965509 ) ) ;
#722 = LINE ( 'NONE', #386, #546 ) ;
#723 = CARTESIAN_POINT ( 'NONE',  ( 0.4912568901640653185, 0.2499999999999997780, 0.08856796319470792989 ) ) ;
#724 = SURFACE_STYLE_FILL_AREA ( #2705 ) ;
#725 = CARTESIAN_POINT ( 'NONE',  ( 0.2353964195976297746, 0.2499999999999999445, 0.3482459893998075540 ) ) ;
#726 = CARTESIAN_POINT ( 'NONE',  ( 0.2962043733498538334, 0.2500000000000000000, 0.3548200250767610253 ) ) ;
#727 =( GEOMETRIC_REPRESENTATION_CONTEXT ( 3 ) GLOBAL_UNCERTAINTY_ASSIGNED_CONTEXT ( ( #1957 ) ) GLOBAL_UNIT_ASSIGNED_CONTEXT ( ( #2934, #1590, #3913 ) ) REPRESENTATION_CONTEXT ( 'NONE', 'WORKASPACE' ) );
#728 = SURFACE_SIDE_STYLE ('',( #3528 ) ) ;
#729 = ORIENTED_EDGE ( 'NONE', *, *, #1489, .T. ) ;
#730 = FACE_OUTER_BOUND ( 'NONE', #707, .T. ) ;
#731 = COLOUR_RGB ( '',0.1098039215686274495, 0.1098039215686274495, 0.1098039215686274495 ) ;
#732 = ORIENTED_EDGE ( 'NONE', *, *, #716, .F. ) ;
#733 = SURFACE_SIDE_STYLE ('',( #3779 ) ) ;
#734 = EDGE_CURVE ( 'NONE', #1865, #4003, #667, .T. ) ;
#735 =( NAMED_UNIT ( * ) SI_UNIT ( $, .STERADIAN. ) SOLID_ANGLE_UNIT ( ) );
#736 = ADVANCED_FACE ( 'NONE', ( #1742 ), #256, .T. ) ;
#737 = EDGE_LOOP ( 'NONE', ( #3709, #2856, #1044, #2201 ) ) ;
#738 = CARTESIAN_POINT ( 'NONE',  ( 0.3282068291757977985, 0.2549999999999998934, 0.2183466840639617379 ) ) ;
#739 = EDGE_LOOP ( 'NONE', ( #3960, #3514, #425, #2758 ) ) ;
#740 = CARTESIAN_POINT ( 'NONE',  ( 0.2941109360743369150, 0.2500000000000000555, 0.1232747218902992825 ) ) ;
#741 = FILL_AREA_STYLE_COLOUR ( '', #4419 ) ;
#742 = VECTOR ( 'NONE', #2034, 1000.000000000000000 ) ;
#743 = DIRECTION ( 'NONE',  ( -2.409338161078901646E-16, -0.000000000000000000, 1.000000000000000000 ) ) ;
#744 = CARTESIAN_POINT ( 'NONE',  ( 0.2903181480695645189, 0.2500000000000000000, 0.2277402024876576114 ) ) ;
#745 = CARTESIAN_POINT ( 'NONE',  ( 0.2148647792478711183, 0.2500000000000001110, 0.04484116269144788197 ) ) ;
#746 = CARTESIAN_POINT ( 'NONE',  ( 0.2900163870072656747, 0.2549999999999999489, 0.3525260344352220132 ) ) ;
#747 = CARTESIAN_POINT ( 'NONE',  ( 0.2162327779143364825, 0.2499999999999999445, 0.3105948427813340351 ) ) ;
#748 = CARTESIAN_POINT ( 'NONE',  ( 0.7999999999999999334, 0.2500000000000000000, -1.549999999999999822 ) ) ;
#749 = EDGE_CURVE ( 'NONE', #2253, #1608, #2811, .T. ) ;
#750 = DIRECTION ( 'NONE',  ( -1.000000000000000000, 0.000000000000000000, -0.000000000000000000 ) ) ;
#751 = ORIENTED_EDGE ( 'NONE', *, *, #3061, .T. ) ;
#752 = FACE_OUTER_BOUND ( 'NONE', #1474, .T. ) ;
#753 = VERTEX_POINT ( 'NONE', #2834 ) ;
#754 = CARTESIAN_POINT ( 'NONE',  ( 0.2139327387344692466, 0.2500000000000000000, 0.05878637123060716924 ) ) ;
#755 = CARTESIAN_POINT ( 'NONE',  ( 0.4399940167706365979, 0.2500000000000000000, -0.007567105796904689992 ) ) ;
#756 = COLOUR_RGB ( '',0.1098039215686274495, 0.1098039215686274495, 0.1098039215686274495 ) ;
#757 =( LENGTH_UNIT ( ) NAMED_UNIT ( * ) SI_UNIT ( .MILLI., .METRE. ) );
#758 = ORIENTED_EDGE ( 'NONE', *, *, #540, .F. ) ;
#759 = CARTESIAN_POINT ( 'NONE',  ( 0.2162327779143364825, 0.2550000000000000044, 0.07982561201210329471 ) ) ;
#760 = PRESENTATION_LAYER_ASSIGNMENT (  '', '', ( #2675 ) ) ;
#761 = CARTESIAN_POINT ( 'NONE',  ( 0.4908558156575461573, 0.2550000000000000044, -0.2261294941540082926 ) ) ;
#762 = CARTESIAN_POINT ( 'NONE',  ( -0.3499999999999998668, -0.005000000000000000104, 0.6500000000000003553 ) ) ;
#763 = VERTEX_POINT ( 'NONE', #1501 ) ;
#764 = CARTESIAN_POINT ( 'NONE',  ( 0.2162327779143364825, 0.2500000000000000555, 0.3105948427813340351 ) ) ;
#765 = CARTESIAN_POINT ( 'NONE',  ( 0.3485403031918935524, 0.2549999999999999489, 0.2167274099656631980 ) ) ;
#766 = SURFACE_STYLE_FILL_AREA ( #700 ) ;
#767 = LINE ( 'NONE', #3495, #3507 ) ;
#768 = CARTESIAN_POINT ( 'NONE',  ( 0.3499999999999999223, -0.2550000000000000044, -1.505000000000000115 ) ) ;
#769 = AXIS2_PLACEMENT_3D ( 'NONE', #2044, #3394, #2688 ) ;
#770 = EDGE_CURVE ( 'NONE', #1588, #4086, #2677, .T. ) ;
#771 = CARTESIAN_POINT ( 'NONE',  ( 0.000000000000000000, 0.2500000000000000000, 0.000000000000000000 ) ) ;
#772 = B_SPLINE_CURVE_WITH_KNOTS ( 'NONE', 3,
 ( #306, #1297, #2970, #647, #4351, #2022, #1978, #3395, #4021, #329, #3818 ),
 .UNSPECIFIED., .F., .F.,
 ( 4, 1, 1, 1, 1, 1, 1, 1, 4 ),
 ( 0.000000000000000000, 0.1105883385953361497, 0.2245417540535960821, 0.3425034940501039404, 0.4643240984173586106, 0.5907560327017669088, 0.7222274753555149029, 0.8588428362087248136, 1.000000000000000000 ),
 .UNSPECIFIED. ) ;
#773 = CARTESIAN_POINT ( 'NONE',  ( 0.2609306113884458656, 0.2500000000000000000, 0.1017488030109317820 ) ) ;
#774 = CARTESIAN_POINT ( 'NONE',  ( -0.6602579508131062314, 0.2550000000000000044, 1.359762003597620783 ) ) ;
#775 = ORIENTED_EDGE ( 'NONE', *, *, #2010, .T. ) ;
#776 = PRESENTATION_STYLE_ASSIGNMENT (( #999 ) ) ;
#777 = PLANE ( 'NONE',  #2780 ) ;
#778 = CARTESIAN_POINT ( 'NONE',  ( 0.2140521054570816983, 0.2500000000000000000, 0.05175505172823655770 ) ) ;
#779 = PRESENTATION_STYLE_ASSIGNMENT (( #1155 ) ) ;
#780 = ORIENTED_EDGE ( 'NONE', *, *, #400, .F. ) ;
#781 = CARTESIAN_POINT ( 'NONE',  ( 0.4642769106751517549, 0.2550000000000001155, 0.002728165199317463853 ) ) ;
#782 = EDGE_LOOP ( 'NONE', ( #2695, #4008, #1850, #904 ) ) ;
#783 = CARTESIAN_POINT ( 'NONE',  ( 0.2587306498150886980, 0.2499999999999999445, 0.1373822853674485089 ) ) ;
#784 = SURFACE_STYLE_FILL_AREA ( #3191 ) ;
#785 = FILL_AREA_STYLE ('',( #2452 ) ) ;
#786 = SURFACE_STYLE_FILL_AREA ( #3852 ) ;
#787 = CARTESIAN_POINT ( 'NONE',  ( 0.2353964195976297746, 0.2549999999999999489, 0.3482459893998075540 ) ) ;
#788 = PRESENTATION_LAYER_ASSIGNMENT (  '', '', ( #2928 ) ) ;
#789 = CARTESIAN_POINT ( 'NONE',  ( 0.3108994283731597030, 0.2500000000000000555, 0.2212189490455623575 ) ) ;
#790 =( NAMED_UNIT ( * ) SI_UNIT ( $, .STERADIAN. ) SOLID_ANGLE_UNIT ( ) );
#791 = STYLED_ITEM ( 'NONE', ( #552 ), #1250 ) ;
#792 = LINE ( 'NONE', #1102, #2278 ) ;
#793 = ADVANCED_FACE ( 'NONE', ( #61 ), #491, .T. ) ;
#794 = STYLED_ITEM ( 'NONE', ( #2759 ), #3411 ) ;
#795 = LINE ( 'NONE', #1747, #1476 ) ;
#796 = CARTESIAN_POINT ( 'NONE',  ( 0.4106336774163577008, 0.2500000000000000000, 0.1605142733997305116 ) ) ;
#797 = LINE ( 'NONE', #1833, #3650 ) ;
#798 = CARTESIAN_POINT ( 'NONE',  ( 0.5291923890265178843, 0.2550000000000000044, 0.2966863009181258115 ) ) ;
#799 = LINE ( 'NONE', #3164, #3571 ) ;
#800 = DIRECTION ( 'NONE',  ( 1.000000000000000000, 0.000000000000000000, -9.637352644315596722E-16 ) ) ;
#801 = ORIENTED_EDGE ( 'NONE', *, *, #2532, .T. ) ;
#802 =( NAMED_UNIT ( * ) SI_UNIT ( $, .STERADIAN. ) SOLID_ANGLE_UNIT ( ) );
#803 = PRESENTATION_LAYER_ASSIGNMENT (  '', '', ( #2796 ) ) ;
#804 = DIRECTION ( 'NONE',  ( -1.559328646511866153E-13, 1.000000000000000000, -2.647183788862154783E-15 ) ) ;
#805 = DIRECTION ( 'NONE',  ( 1.000000000000000000, 0.000000000000000000, -0.000000000000000000 ) ) ;
#806 = ORIENTED_EDGE ( 'NONE', *, *, #1981, .T. ) ;
#807 = CARTESIAN_POINT ( 'NONE',  ( 0.2658206407734284293, 0.2549999999999998934, 0.1416053545387237489 ) ) ;
#808 = SURFACE_SIDE_STYLE ('',( #784 ) ) ;
#809 =( NAMED_UNIT ( * ) SI_UNIT ( $, .STERADIAN. ) SOLID_ANGLE_UNIT ( ) );
#810 =( LENGTH_UNIT ( ) NAMED_UNIT ( * ) SI_UNIT ( .MILLI., .METRE. ) );
#811 = CARTESIAN_POINT ( 'NONE',  ( 0.7550000000000001155, -0.2550000000000000044, 1.100000000000000311 ) ) ;
#812 = CARTESIAN_POINT ( 'NONE',  ( 0.2447019695037000730, 0.2550000000000000600, 0.2904570443075302766 ) ) ;
#813 = SURFACE_STYLE_USAGE ( .BOTH. , #2150 ) ;
#814 = DIRECTION ( 'NONE',  ( -1.000000000000000000, -0.000000000000000000, -0.000000000000000000 ) ) ;
#815 = CARTESIAN_POINT ( 'NONE',  ( 0.3715048541190846265, 0.2500000000000000000, 0.1623320443075302599 ) ) ;
#816 = CARTESIAN_POINT ( 'NONE',  ( 0.2517355398281143630, 0.2500000000000000000, 0.08875841868690412251 ) ) ;
#817 = CARTESIAN_POINT ( 'NONE',  ( 0.4530196210655036970, 0.2550000000000000044, 0.3827224142720188627 ) ) ;
#818 = CARTESIAN_POINT ( 'NONE',  ( 0.4908558156575461573, 0.2550000000000000044, -0.2261294941540082926 ) ) ;
#819 = LINE ( 'NONE', #99, #3695 ) ;
#820 = PRESENTATION_STYLE_ASSIGNMENT (( #2525 ) ) ;
#821 = FACE_OUTER_BOUND ( 'NONE', #1592, .T. ) ;
#822 = CARTESIAN_POINT ( 'NONE',  ( 0.3756521501242605088, 0.2500000000000000000, -0.01458111465604385905 ) ) ;
#823 = LINE ( 'NONE', #2180, #2710 ) ;
#824 = VERTEX_POINT ( 'NONE', #40 ) ;
#825 = SURFACE_SIDE_STYLE ('',( #152 ) ) ;
#826 = CARTESIAN_POINT ( 'NONE',  ( 0.3834691365183243716, 0.2550000000000000600, 0.2162073678038098357 ) ) ;
#827 = ADVANCED_FACE ( 'NONE', ( #1418 ), #2769, .T. ) ;
#828 = B_SPLINE_CURVE_WITH_KNOTS ( 'NONE', 3,
 ( #2025, #333, #2722, #2050, #4130, #2789, #1371, #402, #3424, #713, #1414, #2343, #3449, #2387, #3059, #4091, #3127, #356, #56, #652, #4111, #3107, #2430 ),
 .UNSPECIFIED., .F., .F.,
 ( 4, 1, 1, 1, 1, 1, 1, 1, 1, 1, 1, 1, 1, 1, 1, 1, 1, 1, 1, 1, 4 ),
 ( 0.000000000000000000, 0.06039823059658791515, 0.1209064923100297562, 0.1827897591261674615, 0.2475502480834727848, 0.2810447575356930794, 0.3148397785824124662, 0.3494612057941746119, 0.3848427988577221015, 0.4209593582097762576, 0.4583357953736046375, 0.4970067635577820053, 0.5374418627609195420, 0.5803510824172624094, 0.6274137617198364270, 0.6782749550092947999, 0.7339320702414470210, 0.7937070456672714602, 0.8576863130007430502, 0.9266837696490762832, 1.000000000000000000 ),
 .UNSPECIFIED. ) ;
#829 = CARTESIAN_POINT ( 'NONE',  ( 0.2787028081634198018, 0.2500000000000001665, 0.1161728192168171026 ) ) ;
#830 = CARTESIAN_POINT ( 'NONE',  ( 0.3716250464267769615, 0.2500000000000000555, -0.01459103261554668164 ) ) ;
#831 = CARTESIAN_POINT ( 'NONE',  ( 0.3609219576591828904, 0.2500000000000000000, 0.3660767516741848526 ) ) ;
#832 = CARTESIAN_POINT ( 'NONE',  ( 0.2451173818072016342, 0.2499999999999999445, 0.2220657021861815739 ) ) ;
#833 = CARTESIAN_POINT ( 'NONE',  ( 0.4435254987353815515, 0.2500000000000000555, 0.1548045759547006517 ) ) ;
#834 = DIRECTION ( 'NONE',  ( 0.000000000000000000, 0.000000000000000000, -1.000000000000000000 ) ) ;
#835 = LINE ( 'NONE', #2524, #2778 ) ;
#836 = ADVANCED_FACE ( 'NONE', ( #2245 ), #1228, .F. ) ;
#837 = CARTESIAN_POINT ( 'NONE',  ( 0.3715048541190846265, 0.2550000000000000044, 0.3931012750767610142 ) ) ;
#838 = DIRECTION ( 'NONE',  ( 0.000000000000000000, 0.000000000000000000, 1.000000000000000000 ) ) ;
#839 = PLANE ( 'NONE',  #3143 ) ;
#840 = UNCERTAINTY_MEASURE_WITH_UNIT (LENGTH_MEASURE( 1.000000000000000082E-05 ), #2230, 'distance_accuracy_value', 'NONE');
#841 = ORIENTED_EDGE ( 'NONE', *, *, #3867, .T. ) ;
#842 = CARTESIAN_POINT ( 'NONE',  ( 0.4324996892528285009, 0.2500000000000000000, -0.009502273605260250222 ) ) ;
#843 = PRESENTATION_STYLE_ASSIGNMENT (( #1845 ) ) ;
#844 = CARTESIAN_POINT ( 'NONE',  ( -0.3499999999999999778, -0.005000000000000000104, 1.100000000000000311 ) ) ;
#845 = CARTESIAN_POINT ( 'NONE',  ( 0.5126136477912353051, 0.2500000000000000000, 0.006948284794253757266 ) ) ;
#846 = ORIENTED_EDGE ( 'NONE', *, *, #1399, .T. ) ;
#847 = MECHANICAL_DESIGN_GEOMETRIC_PRESENTATION_REPRESENTATION (  '', ( #997 ), #3136 ) ;
#848 = LINE ( 'NONE', #1252, #2726 ) ;
#849 = DIRECTION ( 'NONE',  ( -1.000000000000000000, 0.000000000000000000, 0.000000000000000000 ) ) ;
#850 = CARTESIAN_POINT ( 'NONE',  ( 0.4955632875088740175, 0.2499999999999999445, 0.2706887150049032131 ) ) ;
#851 = VECTOR ( 'NONE', #3592, 1000.000000000000000 ) ;
#852 = MECHANICAL_DESIGN_GEOMETRIC_PRESENTATION_REPRESENTATION (  '', ( #791 ), #2556 ) ;
#853 = DIRECTION ( 'NONE',  ( 0.000000000000000000, -0.000000000000000000, 1.000000000000000000 ) ) ;
#854 = CARTESIAN_POINT ( 'NONE',  ( 0.5283931939521229193, 0.2549999999999998934, 0.3037011902249185380 ) ) ;
#855 =( GEOMETRIC_REPRESENTATION_CONTEXT ( 3 ) GLOBAL_UNCERTAINTY_ASSIGNED_CONTEXT ( ( #3803 ) ) GLOBAL_UNIT_ASSIGNED_CONTEXT ( ( #2900, #1160, #489 ) ) REPRESENTATION_CONTEXT ( 'NONE', 'WORKASPACE' ) );
#856 = CARTESIAN_POINT ( 'NONE',  ( 0.3485403031918936634, 0.2550000000000000600, -0.01404182080356756145 ) ) ;
#857 = DIRECTION ( 'NONE',  ( 0.000000000000000000, 0.000000000000000000, 1.000000000000000000 ) ) ;
#858 = FILL_AREA_STYLE_COLOUR ( '', #1002 ) ;
#859 = EDGE_CURVE ( 'NONE', #4086, #3485, #1463, .T. ) ;
#860 = ORIENTED_EDGE ( 'NONE', *, *, #4187, .T. ) ;
#861 = CARTESIAN_POINT ( 'NONE',  ( 0.3716250464267769060, 0.2500000000000000000, 0.1354089673844532937 ) ) ;
#862 = ORIENTED_EDGE ( 'NONE', *, *, #3577, .F. ) ;
#863 = CARTESIAN_POINT ( 'NONE',  ( 0.4399940167706365979, 0.2500000000000000000, -0.007567105796904689992 ) ) ;
#864 = CARTESIAN_POINT ( 'NONE',  ( 0.4530518220437345644, 0.2550000000000001155, 0.2278614995434172785 ) ) ;
#865 = CARTESIAN_POINT ( 'NONE',  ( 0.4980260946465298044, 0.2550000000000000600, 0.06952942385223048749 ) ) ;
#866 = CARTESIAN_POINT ( 'NONE',  ( 0.3716250464267769060, 0.2550000000000000044, 0.3661781981536840758 ) ) ;
#867 = STYLED_ITEM ( 'NONE', ( #4075 ), #2189 ) ;
#868 = ORIENTED_EDGE ( 'NONE', *, *, #588, .T. ) ;
#869 = CARTESIAN_POINT ( 'NONE',  ( 0.3209181455429895857, 0.2499999999999998890, 0.1591121893267794796 ) ) ;
#870 = CARTESIAN_POINT ( 'NONE',  ( 0.2567221737742453325, 0.2499999999999999445, 0.2538447132545692542 ) ) ;
#871 = B_SPLINE_CURVE_WITH_KNOTS ( 'NONE', 3,
 ( #3630, #4307, #1205, #1913, #2301, #3291, #273, #3338, #3679, #2907, #2562, #1275, #3937, #227, #597, #1591, #522, #870, #3959, #1940, #1630, #1890, #3003 ),
 .UNSPECIFIED., .F., .F.,
 ( 4, 1, 1, 1, 1, 1, 1, 1, 1, 1, 1, 1, 1, 1, 1, 1, 1, 1, 1, 1, 4 ),
 ( 0.000000000000000000, 0.07295580388491695878, 0.1415928897317563495, 0.2059398346352473985, 0.2653185879161433780, 0.3206180547892741872, 0.3718406517515509546, 0.4188169691711107756, 0.4617287149186187212, 0.5021661945599859012, 0.5408394393269549960, 0.5782180768637673607, 0.6143367624190528842, 0.6497204384179314784, 0.6845870665938523780, 0.7186487713646741993, 0.7523728734028879428, 0.8176405955349004273, 0.8797142646225145635, 0.9399616606279663777, 1.000000000000000000 ),
 .UNSPECIFIED. ) ;
#872 = ORIENTED_EDGE ( 'NONE', *, *, #1055, .T. ) ;
#873 = PRESENTATION_STYLE_ASSIGNMENT (( #1873 ) ) ;
#874 = DIRECTION ( 'NONE',  ( -0.000000000000000000, -1.000000000000000000, -0.000000000000000000 ) ) ;
#875 = CARTESIAN_POINT ( 'NONE',  ( 0.4289025680023328957, 0.2499999999999998335, 0.1297959221826419374 ) ) ;
#876 =( LENGTH_UNIT ( ) NAMED_UNIT ( * ) SI_UNIT ( .MILLI., .METRE. ) );
#877 = CARTESIAN_POINT ( 'NONE',  ( 0.2216250464267769393, 0.2550000000000000044, -0.1530525710770851977 ) ) ;
#878 = EDGE_CURVE ( 'NONE', #8, #4379, #2577, .T. ) ;
#879 = CARTESIAN_POINT ( 'NONE',  ( 0.5125379680007563499, 0.2550000000000000044, 0.1114405237722697339 ) ) ;
#880 = PLANE ( 'NONE',  #1367 ) ;
#881 = ORIENTED_EDGE ( 'NONE', *, *, #878, .T. ) ;
#882 = CARTESIAN_POINT ( 'NONE',  ( 0.3667365284075024268, 0.2550000000000000600, 0.1892830373201254968 ) ) ;
#883 = EDGE_LOOP ( 'NONE', ( #338, #1324, #1997, #3868, #1295, #1031, #292, #305, #106, #2573, #4172, #2415 ) ) ;
#884 = CARTESIAN_POINT ( 'NONE',  ( 0.4117590748192688777, 0.2499999999999998890, 0.3637495133773601119 ) ) ;
#885 = CARTESIAN_POINT ( 'NONE',  ( 0.4985481233498538778, 0.2550000000000000044, 0.05968781353829947373 ) ) ;
#886 = CARTESIAN_POINT ( 'NONE',  ( 0.4324996892528283898, 0.2499999999999999445, 0.2212669571639704624 ) ) ;
#887 = CARTESIAN_POINT ( 'NONE',  ( 0.3716250464267769060, 0.2550000000000000044, 0.1354089673844532937 ) ) ;
#888 = UNCERTAINTY_MEASURE_WITH_UNIT (LENGTH_MEASURE( 1.000000000000000082E-05 ), #2350, 'distance_accuracy_value', 'NONE');
#889 = CARTESIAN_POINT ( 'NONE',  ( 0.5293173541190846487, 0.2500000000000000000, 0.05878637123060716924 ) ) ;
#890 = EDGE_CURVE ( 'NONE', #2265, #1965, #911, .T. ) ;
#891 = ORIENTED_EDGE ( 'NONE', *, *, #1489, .F. ) ;
#892 = CARTESIAN_POINT ( 'NONE',  ( 0.4908558156575461573, 0.2550000000000000044, -0.1799756480001621362 ) ) ;
#893 = PLANE ( 'NONE',  #3223 ) ;
#894 = CARTESIAN_POINT ( 'NONE',  ( 0.2202767865370284239, 0.2500000000000000000, 0.2559434926016470602 ) ) ;
#895 = CARTESIAN_POINT ( 'NONE',  ( 0.3033670858935629822, 0.2500000000000000000, -0.007703311381569148686 ) ) ;
#896 = DIRECTION ( 'NONE',  ( 1.000000000000000000, 0.000000000000000000, -0.000000000000000000 ) ) ;
#897 = CARTESIAN_POINT ( 'NONE',  ( -0.6602579508131062314, 0.2550000000000000044, 1.359762003597620783 ) ) ;
#898 = MECHANICAL_DESIGN_GEOMETRIC_PRESENTATION_REPRESENTATION (  '', ( #2039 ), #3770 ) ;
#899 = DIRECTION ( 'NONE',  ( -1.000000000000000000, -0.000000000000000000, -0.000000000000000000 ) ) ;
#900 = CARTESIAN_POINT ( 'NONE',  ( 0.3598411541138852310, 0.2550000000000000044, -0.01456092373113605613 ) ) ;
#901 = DIRECTION ( 'NONE',  ( -0.000000000000000000, 1.000000000000000000, -0.000000000000000000 ) ) ;
#902 = CARTESIAN_POINT ( 'NONE',  ( 0.5199353461137072863, 0.2500000000000000000, 0.09930874927267417662 ) ) ;
#903 =( NAMED_UNIT ( * ) SI_UNIT ( $, .STERADIAN. ) SOLID_ANGLE_UNIT ( ) );
#904 = ORIENTED_EDGE ( 'NONE', *, *, #1164, .T. ) ;
#905 = CARTESIAN_POINT ( 'NONE',  ( 0.4205789617790521295, 0.2500000000000000000, 0.1315334382496416987 ) ) ;
#906 = ORIENTED_EDGE ( 'NONE', *, *, #1826, .T. ) ;
#907 = CARTESIAN_POINT ( 'NONE',  ( 0.4912568901640653185, 0.2500000000000000000, 0.3193371939639387258 ) ) ;
#908 = VECTOR ( 'NONE', #3195, 1000.000000000000000 ) ;
#909 = CARTESIAN_POINT ( 'NONE',  ( 0.4588464415272903163, 0.2500000000000000000, -0.0001913018838922150660 ) ) ;
#910 = CARTESIAN_POINT ( 'NONE',  ( 0.3756521501242604533, 0.2549999999999999489, 0.2161881161131868900 ) ) ;
#911 = LINE ( 'NONE', #3261, #2202 ) ;
#912 = CARTESIAN_POINT ( 'NONE',  ( -0.3499999999999998668, -0.2550000000000000044, 0.6500000000000003553 ) ) ;
#913 = ORIENTED_EDGE ( 'NONE', *, *, #2123, .T. ) ;
#914 = SURFACE_SIDE_STYLE ('',( #594 ) ) ;
#915 =( NAMED_UNIT ( * ) PLANE_ANGLE_UNIT ( ) SI_UNIT ( $, .RADIAN. ) );
#916 = CARTESIAN_POINT ( 'NONE',  ( 0.4241973999450051047, 0.2499999999999999445, 0.2197501506174058539 ) ) ;
#917 = VECTOR ( 'NONE', #674, 1000.000000000000000 ) ;
#918 = ORIENTED_EDGE ( 'NONE', *, *, #3893, .F. ) ;
#919 = EDGE_CURVE ( 'NONE', #4279, #2600, #2882, .T. ) ;
#920 = DIRECTION ( 'NONE',  ( 1.000000000000000000, 0.000000000000000000, -0.000000000000000000 ) ) ;
#921 = DIRECTION ( 'NONE',  ( 0.000000000000000000, 1.000000000000000000, 0.000000000000000000 ) ) ;
#922 = CARTESIAN_POINT ( 'NONE',  ( 0.4117590748192689887, 0.2499999999999998335, 0.1329802826081294687 ) ) ;
#923 = FILL_AREA_STYLE_COLOUR ( '', #3029 ) ;
#924 = EDGE_CURVE ( 'NONE', #1881, #753, #1605, .T. ) ;
#925 = STYLED_ITEM ( 'NONE', ( #3273 ), #1448 ) ;
#926 = FILL_AREA_STYLE ('',( #1216 ) ) ;
#927 = CARTESIAN_POINT ( 'NONE',  ( 0.4786180227454666647, 0.2549999999999999489, 0.2087645651065107022 ) ) ;
#928 = CARTESIAN_POINT ( 'NONE',  ( 0.3193298258350099617, 0.2500000000000000000, -0.03837193776155066460 ) ) ;
#929 = CARTESIAN_POINT ( 'NONE',  ( 0.5270670976866719259, 0.2500000000000000000, 0.07978478931693923359 ) ) ;
#930 = PRESENTATION_LAYER_ASSIGNMENT (  '', '', ( #3576 ) ) ;
#931 = CARTESIAN_POINT ( 'NONE',  ( 0.4919248874227036827, 0.2500000000000000555, 0.2171283727615079540 ) ) ;
#932 = VECTOR ( 'NONE', #4141, 1000.000000000000000 ) ;
#933 = CARTESIAN_POINT ( 'NONE',  ( 0.3716250464267769060, 0.2550000000000000044, 0.3661781981536840758 ) ) ;
#934 = ORIENTED_EDGE ( 'NONE', *, *, #228, .F. ) ;
#935 = CARTESIAN_POINT ( 'NONE',  ( 0.2979735486261178568, 0.2500000000000000000, 0.1963683870467829162 ) ) ;
#936 = B_SPLINE_SURFACE_WITH_KNOTS ( 'NONE', 3, 1, ( 
 ( #3056, #4395 ),
 ( #1342, #2690 ),
 ( #798, #1857 ),
 ( #854, #1467 ),
 ( #1187, #1148 ),
 ( #2215, #2404 ),
 ( #2821, #2172 ),
 ( #481, #378 ),
 ( #1532, #2509 ),
 ( #3920, #2891 ),
 ( #1734, #3227 ),
 ( #163, #2155 ),
 ( #709, #119 ),
 ( #3591, #4250 ),
 ( #3545, #2544 ),
 ( #505, #1834 ),
 ( #1488, #3882 ),
 ( #3203, #1711 ),
 ( #817, #3780 ),
 ( #3082, #141 ),
 ( #12, #95 ),
 ( #3183, #1387 ),
 ( #2194, #2740 ),
 ( #1510, #3566 ),
 ( #4107, #1046 ),
 ( #2872, #1813 ),
 ( #464, #2070 ) ),
 .UNSPECIFIED., .F., .F., .F.,
 ( 4, 1, 1, 1, 1, 1, 1, 1, 1, 1, 1, 1, 1, 1, 1, 1, 1, 1, 1, 1, 1, 1, 1, 1, 4 ),
 ( 2, 2 ),
 ( 0.000000000000000000, 0.03378811616271041457, 0.06719393237388000817, 0.09986241085682508178, 0.1325666121262583930, 0.1651511732547862044, 0.1979131873557920251, 0.2313190035669618616, 0.2650832782673732124, 0.2992553087581146243, 0.3343985665049784006, 0.3699428235093077943, 0.4062835607000606086, 0.4440638196985083330, 0.4829977068727753786, 0.5233544466133043249, 0.5655365896041489870, 0.6096129240658193504, 0.6563908113764168606, 0.7058854949364572473, 0.7583245002617310382, 0.8138317829411501059, 0.8727945590393897390, 0.9347222295400737790, 0.9999999999999998890 ),
 ( 0.000000000000000000, 1.000000000000000000 ),
 .UNSPECIFIED. ) ;
#937 =( LENGTH_UNIT ( ) NAMED_UNIT ( * ) SI_UNIT ( .MILLI., .METRE. ) );
#938 = CARTESIAN_POINT ( 'NONE',  ( 0.4631644588648078931, 0.2550000000000001155, 0.1167758856683011465 ) ) ;
#939 = UNCERTAINTY_MEASURE_WITH_UNIT (LENGTH_MEASURE( 1.000000000000000082E-05 ), #3233, 'distance_accuracy_value', 'NONE');
#940 = CARTESIAN_POINT ( 'NONE',  ( 0.4572685055485783967, 0.2550000000000000600, 0.3506493647028053329 ) ) ;
#941 = ORIENTED_EDGE ( 'NONE', *, *, #4226, .F. ) ;
#942 = DIRECTION ( 'NONE',  ( -0.000000000000000000, -1.000000000000000000, -0.000000000000000000 ) ) ;
#943 =( GEOMETRIC_REPRESENTATION_CONTEXT ( 3 ) GLOBAL_UNCERTAINTY_ASSIGNED_CONTEXT ( ( #2951 ) ) GLOBAL_UNIT_ASSIGNED_CONTEXT ( ( #204, #1967, #3918 ) ) REPRESENTATION_CONTEXT ( 'NONE', 'WORKASPACE' ) );
#944 = CARTESIAN_POINT ( 'NONE',  ( 0.4053541445208641569, 0.2499999999999999445, 0.2174173284505749315 ) ) ;
#945 = COLOUR_RGB ( '',0.1098039215686274495, 0.1098039215686274495, 0.1098039215686274495 ) ;
#946 = ORIENTED_EDGE ( 'NONE', *, *, #1366, .F. ) ;
#947 = CARTESIAN_POINT ( 'NONE',  ( -0.7999999999999999334, 0.000000000000000000, 0.6500000000000003553 ) ) ;
#948 = FACE_OUTER_BOUND ( 'NONE', #782, .T. ) ;
#949 =( NAMED_UNIT ( * ) PLANE_ANGLE_UNIT ( ) SI_UNIT ( $, .RADIAN. ) );
#950 = FILL_AREA_STYLE ('',( #1576 ) ) ;
#951 = CARTESIAN_POINT ( 'NONE',  ( 0.2643953523856992227, 0.2550000000000000600, -0.02170178781106716498 ) ) ;
#952 = CARTESIAN_POINT ( 'NONE',  ( 0.3715048541190846265, 0.2500000000000000000, 0.1623320443075302599 ) ) ;
#953 = ORIENTED_EDGE ( 'NONE', *, *, #3302, .T. ) ;
#954 = CARTESIAN_POINT ( 'NONE',  ( 0.3082523242278371045, 0.2549999999999999489, 0.1941673657384011265 ) ) ;
#955 = VERTEX_POINT ( 'NONE', #2533 ) ;
#956 = CARTESIAN_POINT ( 'NONE',  ( 0.3822869060884305781, 0.2500000000000000555, 0.3660667421315824677 ) ) ;
#957 = B_SPLINE_CURVE_WITH_KNOTS ( 'NONE', 3,
 ( #866, #4001, #1544, #1909, #1935, #223, #3240, #2903, #3285, #2972, #1626, #940, #2226, #4304, #3673, #4260, #2619, #1249, #1271, #1587, #1200, #1563, #3310 ),
 .UNSPECIFIED., .F., .F.,
 ( 4, 1, 1, 1, 1, 1, 1, 1, 1, 1, 1, 1, 1, 1, 1, 1, 1, 1, 1, 1, 4 ),
 ( 0.000000000000000000, 0.06568343212078688043, 0.1285067289146421543, 0.1881673103733746133, 0.2451002472096336371, 0.2994443895091744023, 0.3508944417317637621, 0.3999212696944037249, 0.4466529223048519293, 0.4912372285188452703, 0.5333604721790475844, 0.5738382596722066964, 0.6125131318951645421, 0.6495852175762252267, 0.6855213450018983190, 0.7200962655338506435, 0.7538292898209776327, 0.8189192568383034665, 0.8804893966640126024, 0.9403093035504377362, 0.9999999999999998890 ),
 .UNSPECIFIED. ) ;
#958 = FILL_AREA_STYLE ('',( #1341 ) ) ;
#959 = CARTESIAN_POINT ( 'NONE',  ( 0.5293173541190846487, 0.2550000000000000044, 0.05878637123060716924 ) ) ;
#960 = CARTESIAN_POINT ( 'NONE',  ( 0.2798514466872804030, 0.2550000000000000044, -0.02874885846766815634 ) ) ;
#961 = CARTESIAN_POINT ( 'NONE',  ( 0.3209181455429895857, 0.2549999999999998934, 0.1591121893267794796 ) ) ;
#962 = ORIENTED_EDGE ( 'NONE', *, *, #1522, .T. ) ;
#963 = EDGE_CURVE ( 'NONE', #605, #1113, #3908, .T. ) ;
#964 = CARTESIAN_POINT ( 'NONE',  ( 0.2460160721585486210, 0.2500000000000000555, 0.1280771753194549500 ) ) ;
#965 = CARTESIAN_POINT ( 'NONE',  ( 0.4983742392490947970, 0.2550000000000000044, 0.2937352156965030714 ) ) ;
#966 = SURFACE_STYLE_USAGE ( .BOTH. , #1305 ) ;
#967 = DIRECTION ( 'NONE',  ( -0.000000000000000000, -1.000000000000000000, -0.000000000000000000 ) ) ;
#968 = CARTESIAN_POINT ( 'NONE',  ( 0.4974784253491482677, 0.2500000000000000000, 0.3585254400456976409 ) ) ;
#969 = CARTESIAN_POINT ( 'NONE',  ( 0.4980260946465298044, 0.2550000000000000600, 0.06952942385223048749 ) ) ;
#970 = SURFACE_STYLE_FILL_AREA ( #3318 ) ;
#971 = MECHANICAL_DESIGN_GEOMETRIC_PRESENTATION_REPRESENTATION (  '', ( #328 ), #2671 ) ;
#972 = B_SPLINE_SURFACE_WITH_KNOTS ( 'NONE', 3, 1, ( 
 ( #2656, #2913 ),
 ( #4267, #2233 ),
 ( #3611, #3070 ),
 ( #1087, #4053 ),
 ( #2732, #2394 ),
 ( #1354, #683 ),
 ( #3703, #4119 ),
 ( #1017, #1379 ),
 ( #2680, #1059 ),
 ( #2377, #701 ),
 ( #1659, #3794 ),
 ( #3731, #2 ),
 ( #25, #1726 ),
 ( #1990, #3751 ),
 ( #3116, #3027 ) ),
 .UNSPECIFIED., .F., .F., .F.,
 ( 4, 1, 1, 1, 1, 1, 1, 1, 1, 1, 1, 1, 4 ),
 ( 2, 2 ),
 ( 0.000000000000000000, 0.1128134007444585862, 0.2253938839207294265, 0.3395948145627006864, 0.4596754102248640783, 0.5217351900879331206, 0.5839258387389160143, 0.6481741447653694976, 0.7138810381130663574, 0.7810044549073894560, 0.8514509275565550483, 0.9240506926641780527, 1.000000000000000000 ),
 ( 0.000000000000000000, 1.000000000000000000 ),
 .UNSPECIFIED. ) ;
#973 = DIRECTION ( 'NONE',  ( 0.000000000000000000, 0.000000000000000000, -1.000000000000000000 ) ) ;
#974 = CARTESIAN_POINT ( 'NONE',  ( 0.4239581713153415810, 0.2500000000000002220, 0.1923379500496305294 ) ) ;
#975 = CARTESIAN_POINT ( 'NONE',  ( 0.5293173541190846487, 0.2550000000000000044, 0.05878637123060716924 ) ) ;
#976 = VECTOR ( 'NONE', #1484, 1000.000000000000000 ) ;
#977 =( NAMED_UNIT ( * ) PLANE_ANGLE_UNIT ( ) SI_UNIT ( $, .RADIAN. ) );
#978 = SURFACE_STYLE_USAGE ( .BOTH. , #4058 ) ;
#979 = VERTEX_POINT ( 'NONE', #516 ) ;
#980 = CARTESIAN_POINT ( 'NONE',  ( 0.4865844590520803647, 0.2500000000000001110, 0.3268349899532899672 ) ) ;
#981 = PLANE ( 'NONE',  #1994 ) ;
#982 = CARTESIAN_POINT ( 'NONE',  ( 0.3404390079890803333, 0.2549999999999998934, 0.3646128802265417579 ) ) ;
#983 = UNCERTAINTY_MEASURE_WITH_UNIT (LENGTH_MEASURE( 1.000000000000000082E-05 ), #1126, 'distance_accuracy_value', 'NONE');
#984 = CARTESIAN_POINT ( 'NONE',  ( 0.2140364680349419735, 0.2550000000000000044, 0.06592183481160066028 ) ) ;
#985 = VECTOR ( 'NONE', #1320, 1000.000000000000000 ) ;
#986 = ORIENTED_EDGE ( 'NONE', *, *, #3263, .T. ) ;
#987 = CARTESIAN_POINT ( 'NONE',  ( 0.4685873095345627348, 0.2500000000000000555, 0.3441728055419675525 ) ) ;
#988 = CARTESIAN_POINT ( 'NONE',  ( 0.2477524364455134243, 0.2500000000000000555, 0.07934439553699591807 ) ) ;
#989 = CARTESIAN_POINT ( 'NONE',  ( 0.4546658454436268704, 0.2549999999999998934, -0.03194560703279335223 ) ) ;
#990 = CARTESIAN_POINT ( 'NONE',  ( 0.3579780709994243026, 0.2550000000000000044, 0.3929363997975052758 ) ) ;
#991 = CARTESIAN_POINT ( 'NONE',  ( 0.3715048541190846265, 0.2500000000000000000, 0.3931012750767610142 ) ) ;
#992 = CARTESIAN_POINT ( 'NONE',  ( 0.2139327387344692466, 0.2550000000000000044, 0.2895556019998379305 ) ) ;
#993 =( NAMED_UNIT ( * ) PLANE_ANGLE_UNIT ( ) SI_UNIT ( $, .RADIAN. ) );
#994 = CARTESIAN_POINT ( 'NONE',  ( 0.2651705834403099704, 0.2550000000000000600, 0.01326577886615086174 ) ) ;
#995 = SURFACE_SIDE_STYLE ('',( #3372 ) ) ;
#996 = CARTESIAN_POINT ( 'NONE',  ( 0.4919248874227036827, 0.2550000000000000600, 0.2171283727615079540 ) ) ;
#997 = STYLED_ITEM ( 'NONE', ( #1691 ), #1950 ) ;
#998 = CARTESIAN_POINT ( 'NONE',  ( 0.5228374215615236853, 0.2500000000000000555, 0.2558991427211528280 ) ) ;
#999 = SURFACE_STYLE_USAGE ( .BOTH. , #3032 ) ;
#1000 = PRESENTATION_LAYER_ASSIGNMENT (  '', '', ( #142 ) ) ;
#1001 = CARTESIAN_POINT ( 'NONE',  ( 0.3499999999999999223, 0.000000000000000000, 0.6500000000000007994 ) ) ;
#1002 = COLOUR_RGB ( '',0.1098039215686274495, 0.1098039215686274495, 0.1098039215686274495 ) ;
#1003 = SURFACE_STYLE_USAGE ( .BOTH. , #1688 ) ;
#1004 = COLOUR_RGB ( '',0.7921568627450980005, 0.8196078431372548767, 0.9333333333333333481 ) ;
#1005 = CARTESIAN_POINT ( 'NONE',  ( 0.5199353461137072863, 0.2550000000000000044, 0.09930874927267417662 ) ) ;
#1006 = CARTESIAN_POINT ( 'NONE',  ( 0.2979735486261178568, 0.2550000000000000044, -0.03440084372244785887 ) ) ;
#1007 = CARTESIAN_POINT ( 'NONE',  ( 0.5293173541190846487, 0.2550000000000000044, 0.05878637123060716924 ) ) ;
#1008 = CARTESIAN_POINT ( 'NONE',  ( 0.2903181480695645189, 0.2550000000000000044, 0.2277402024876576114 ) ) ;
#1009 = ORIENTED_EDGE ( 'NONE', *, *, #1291, .T. ) ;
#1010 = CARTESIAN_POINT ( 'NONE',  ( 0.3499999999999999223, 0.000000000000000000, 0.6500000000000007994 ) ) ;
#1011 = CARTESIAN_POINT ( 'NONE',  ( 0.4980260946465296934, 0.2550000000000000044, 0.3002986546214612695 ) ) ;
#1012 = CARTESIAN_POINT ( 'NONE',  ( 0.2845240670205327338, 0.2550000000000000044, -0.0003110387559787204052 ) ) ;
#1013 = B_SPLINE_SURFACE_WITH_KNOTS ( 'NONE', 3, 1, ( 
 ( #3833, #2187 ),
 ( #476, #2440 ),
 ( #3877, #3177 ),
 ( #765, #1828 ),
 ( #387, #1744 ),
 ( #2864, #89 ),
 ( #3114, #3813 ),
 ( #2126, #789 ),
 ( #3521, #3475 ),
 ( #134, #1121 ),
 ( #2773, #744 ),
 ( #4227, #2104 ),
 ( #2839, #3854 ),
 ( #1762, #1459 ),
 ( #44, #1421 ),
 ( #458, #3133 ),
 ( #3540, #1807 ),
 ( #2816, #66 ),
 ( #3493, #112 ),
 ( #4181, #1785 ),
 ( #1481, #2166 ),
 ( #4202, #2503 ),
 ( #812, #1181 ) ),
 .UNSPECIFIED., .F., .F., .F.,
 ( 4, 1, 1, 1, 1, 1, 1, 1, 1, 1, 1, 1, 1, 1, 1, 1, 1, 1, 1, 1, 4 ),
 ( 2, 2 ),
 ( 0.000000000000000000, 0.07295580388491695878, 0.1415928897317563495, 0.2059398346352473985, 0.2653185879161433780, 0.3206180547892741872, 0.3718406517515509546, 0.4188169691711107756, 0.4617287149186187212, 0.5021661945599859012, 0.5408394393269549960, 0.5782180768637673607, 0.6143367624190528842, 0.6497204384179314784, 0.6845870665938523780, 0.7186487713646741993, 0.7523728734028879428, 0.8176405955349004273, 0.8797142646225145635, 0.9399616606279663777, 1.000000000000000000 ),
 ( 0.000000000000000000, 1.000000000000000000 ),
 .UNSPECIFIED. ) ;
#1014 = CARTESIAN_POINT ( 'NONE',  ( 0.5164853700966769434, 0.2499999999999999445, 0.01285661629490546763 ) ) ;
#1015 = CARTESIAN_POINT ( 'NONE',  ( 0.3579780709994243026, 0.2500000000000001110, 0.3929363997975052758 ) ) ;
#1016 = CARTESIAN_POINT ( 'NONE',  ( 0.4983742392490947970, 0.2550000000000000044, 0.06296598492727233098 ) ) ;
#1017 = CARTESIAN_POINT ( 'NONE',  ( 0.2647547241009812757, 0.2550000000000000044, 0.3365394900749550389 ) ) ;
#1018 = AXIS2_PLACEMENT_3D ( 'NONE', #520, #1548, #3289 ) ;
#1019 = CARTESIAN_POINT ( 'NONE',  ( 0.2478055244684747027, 0.2500000000000000555, 0.04003296568510476133 ) ) ;
#1020 = DIRECTION ( 'NONE',  ( 1.000000000000000000, 0.000000000000000000, 0.000000000000000000 ) ) ;
#1021 = CARTESIAN_POINT ( 'NONE',  ( 0.5126136477912353051, 0.2549999999999999489, 0.2377175155634844717 ) ) ;
#1022 = CARTESIAN_POINT ( 'NONE',  ( 0.2690366555843884955, 0.2500000000000000000, 0.3402305227978051350 ) ) ;
#1023 = EDGE_LOOP ( 'NONE', ( #2041, #3696, #714, #1708 ) ) ;
#1024 = ADVANCED_FACE ( 'NONE', ( #2902 ), #2405, .T. ) ;
#1025 = CARTESIAN_POINT ( 'NONE',  ( -0.7500000000000002220, -0.2500000000000000000, 1.500000000000000222 ) ) ;
#1026 = FILL_AREA_STYLE_COLOUR ( '', #2559 ) ;
#1027 = FILL_AREA_STYLE ('',( #3377 ) ) ;
#1028 = CARTESIAN_POINT ( 'NONE',  ( 0.000000000000000000, 0.000000000000000000, 0.000000000000000000 ) ) ;
#1029 = CARTESIAN_POINT ( 'NONE',  ( 0.2815637261155051752, 0.2550000000000000044, 0.1490257754766321774 ) ) ;
#1030 = FACE_OUTER_BOUND ( 'NONE', #3173, .T. ) ;
#1031 = ORIENTED_EDGE ( 'NONE', *, *, #253, .F. ) ;
#1032 = CARTESIAN_POINT ( 'NONE',  ( 0.2181160411711690339, 0.2499999999999999445, 0.08653694054089176857 ) ) ;
#1033 = CARTESIAN_POINT ( 'NONE',  ( 0.3926091995954577585, 0.2549999999999998379, 0.3655821531482645881 ) ) ;
#1034 = CARTESIAN_POINT ( 'NONE',  ( 0.5081691521253465238, 0.2549999999999999489, 0.001338859041856506078 ) ) ;
#1035 = EDGE_CURVE ( 'NONE', #3483, #2074, #2720, .T. ) ;
#1036 = CARTESIAN_POINT ( 'NONE',  ( 0.3667365284075024268, 0.2500000000000000000, 0.1892830373201254968 ) ) ;
#1037 = CARTESIAN_POINT ( 'NONE',  ( 0.4332762827193807342, 0.2500000000000000000, 0.3878777183160686537 ) ) ;
#1038 = DIRECTION ( 'NONE',  ( -0.000000000000000000, -1.000000000000000000, -0.000000000000000000 ) ) ;
#1039 = CARTESIAN_POINT ( 'NONE',  ( 0.2740795347585978647, 0.2499999999999999445, 0.005878927304729142031 ) ) ;
#1040 = CARTESIAN_POINT ( 'NONE',  ( 0.4786180227454666647, 0.2549999999999999489, 0.2087645651065107022 ) ) ;
#1041 = FACE_OUTER_BOUND ( 'NONE', #3214, .T. ) ;
#1042 = VERTEX_POINT ( 'NONE', #3740 ) ;
#1043 = COLOUR_RGB ( '',0.1098039215686274495, 0.1098039215686274495, 0.1098039215686274495 ) ;
#1044 = ORIENTED_EDGE ( 'NONE', *, *, #3061, .F. ) ;
#1045 = B_SPLINE_SURFACE_WITH_KNOTS ( 'NONE', 3, 1, ( 
 ( #4027, #1394 ),
 ( #3190, #3129 ),
 ( #2832, #37 ),
 ( #1133, #4157 ),
 ( #4132, #1079 ),
 ( #107, #3152 ),
 ( #1096, #381 ),
 ( #472, #84 ),
 ( #3536, #2496 ),
 ( #2432, #3174 ),
 ( #3871, #3515 ),
 ( #807, #2473 ),
 ( #1437, #783 ),
 ( #426, #1051 ),
 ( #2411, #717 ),
 ( #1455, #3785 ),
 ( #3451, #3808 ),
 ( #1740, #2450 ),
 ( #3109, #3828 ),
 ( #3470, #1416 ),
 ( #404, #58 ),
 ( #2791, #3849 ),
 ( #759, #2120 ),
 ( #1779, #2810 ),
 ( #1114, #2142 ),
 ( #453, #1801 ),
 ( #589, #3581 ) ),
 .UNSPECIFIED., .F., .F., .F.,
 ( 4, 1, 1, 1, 1, 1, 1, 1, 1, 1, 1, 1, 1, 1, 1, 1, 1, 1, 1, 1, 1, 1, 1, 1, 4 ),
 ( 2, 2 ),
 ( 0.000000000000000000, 0.06505443418246398268, 0.1267559120129200800, 0.1854905136151528133, 0.2407319099066663470, 0.2929399200274550585, 0.3421407007848330517, 0.3888818632284785637, 0.4326355745586137891, 0.4744826467630680056, 0.5146234406660605831, 0.5535935061967397486, 0.5914088715710094091, 0.6280056034120587993, 0.6635828890423903781, 0.6987588027965658810, 0.7333612457672681328, 0.7673935930107674830, 0.8009689012590152091, 0.8340198941834591206, 0.8669987993126963000, 0.8997333901562397651, 0.9327110721003746274, 0.9661804870619420393, 1.000000000000000000 ),
 ( 0.000000000000000000, 1.000000000000000000 ),
 .UNSPECIFIED. ) ;
#1046 = CARTESIAN_POINT ( 'NONE',  ( 0.3850919597461412991, 0.2500000000000000000, 0.3929382807792374255 ) ) ;
#1047 = FILL_AREA_STYLE ('',( #1712 ) ) ;
#1048 = EDGE_LOOP ( 'NONE', ( #2825, #2763, #669, #2829 ) ) ;
#1049 = DIRECTION ( 'NONE',  ( -1.000000000000000000, 0.000000000000000000, 0.000000000000000000 ) ) ;
#1050 = ORIENTED_EDGE ( 'NONE', *, *, #3211, .F. ) ;
#1051 = CARTESIAN_POINT ( 'NONE',  ( 0.2521063102726365801, 0.2499999999999998335, 0.1328937672189482166 ) ) ;
#1052 = CARTESIAN_POINT ( 'NONE',  ( 0.3504766980390017217, 0.2550000000000000044, 0.1347648905958748755 ) ) ;
#1053 = CARTESIAN_POINT ( 'NONE',  ( 0.5199740492514313139, 0.2499999999999998890, 0.01888171941402110032 ) ) ;
#1054 = DIRECTION ( 'NONE',  ( -2.409338161078899674E-16, -0.000000000000000000, -1.000000000000000000 ) ) ;
#1055 = EDGE_CURVE ( 'NONE', #2472, #585, #690, .T. ) ;
#1056 = CARTESIAN_POINT ( 'NONE',  ( 0.3716250464267769060, 0.2500000000000000000, 0.3661781981536840758 ) ) ;
#1057 = MECHANICAL_DESIGN_GEOMETRIC_PRESENTATION_REPRESENTATION (  '', ( #3701 ), #3194 ) ;
#1058 = CARTESIAN_POINT ( 'NONE',  ( 0.2998289512875080831, 0.2549999999999999489, 0.3856870992497772876 ) ) ;
#1059 = CARTESIAN_POINT ( 'NONE',  ( 0.2690366555843884955, 0.2500000000000000000, 0.3402305227978051350 ) ) ;
#1060 = ADVANCED_FACE ( 'NONE', ( #288 ), #2994, .T. ) ;
#1061 = FILL_AREA_STYLE_COLOUR ( '', #756 ) ;
#1062 = EDGE_CURVE ( 'NONE', #2491, #542, #4023, .T. ) ;
#1063 = CARTESIAN_POINT ( 'NONE',  ( 0.5199740492514313139, 0.2550000000000000044, 0.01888171941402110032 ) ) ;
#1064 = CARTESIAN_POINT ( 'NONE',  ( 0.5291991250996400664, 0.2500000000000000000, 0.2825239968314393058 ) ) ;
#1065 = VERTEX_POINT ( 'NONE', #2316 ) ;
#1066 = DIRECTION ( 'NONE',  ( 1.000000000000000000, 0.000000000000000000, -0.000000000000000000 ) ) ;
#1067 = VECTOR ( 'NONE', #4244, 1000.000000000000000 ) ;
#1068 = CARTESIAN_POINT ( 'NONE',  ( 0.2962043733498538334, 0.2550000000000000044, 0.1240507943075302433 ) ) ;
#1069 = CARTESIAN_POINT ( 'NONE',  ( 0.3312143445168359568, 0.2500000000000000000, 0.1909380461154725483 ) ) ;
#1070 = COLOUR_RGB ( '',0.1098039215686274495, 0.1098039215686274495, 0.1098039215686274495 ) ;
#1071 = CARTESIAN_POINT ( 'NONE',  ( 0.4820830765531594619, 0.2500000000000000000, 0.01736579399005554192 ) ) ;
#1072 = UNCERTAINTY_MEASURE_WITH_UNIT (LENGTH_MEASURE( 1.000000000000000082E-05 ), #3312, 'distance_accuracy_value', 'NONE');
#1073 = COLOUR_RGB ( '',0.1098039215686274495, 0.1098039215686274495, 0.1098039215686274495 ) ;
#1074 = ORIENTED_EDGE ( 'NONE', *, *, #128, .T. ) ;
#1075 = CARTESIAN_POINT ( 'NONE',  ( 0.3379999892286716379, 0.2550000000000000600, 0.2174345726364922404 ) ) ;
#1076 = ORIENTED_EDGE ( 'NONE', *, *, #2804, .T. ) ;
#1077 = PRESENTATION_LAYER_ASSIGNMENT (  '', '', ( #3504 ) ) ;
#1078 =( GEOMETRIC_REPRESENTATION_CONTEXT ( 3 ) GLOBAL_UNCERTAINTY_ASSIGNED_CONTEXT ( ( #3979 ) ) GLOBAL_UNIT_ASSIGNED_CONTEXT ( ( #146, #1334, #276 ) ) REPRESENTATION_CONTEXT ( 'NONE', 'WORKASPACE' ) );
#1079 = CARTESIAN_POINT ( 'NONE',  ( 0.3325618936002194270, 0.2499999999999998890, 0.1604901432391893368 ) ) ;
#1080 = DIRECTION ( 'NONE',  ( 0.000000000000000000, 0.000000000000000000, -1.000000000000000000 ) ) ;
#1081 = VECTOR ( 'NONE', #2605, 1000.000000000000000 ) ;
#1082 = FILL_AREA_STYLE ('',( #4135 ) ) ;
#1083 = EDGE_CURVE ( 'NONE', #1449, #4065, #3397, .T. ) ;
#1084 = CARTESIAN_POINT ( 'NONE',  ( 0.7999999999999999334, 0.2500000000000000000, 1.550000000000000266 ) ) ;
#1085 = FACE_OUTER_BOUND ( 'NONE', #2097, .T. ) ;
#1086 =( LENGTH_UNIT ( ) NAMED_UNIT ( * ) SI_UNIT ( .MILLI., .METRE. ) );
#1087 = CARTESIAN_POINT ( 'NONE',  ( 0.2477524364455134798, 0.2550000000000000044, 0.3101136263062266862 ) ) ;
#1088 = CARTESIAN_POINT ( 'NONE',  ( 0.2269301059006315624, 0.2500000000000000000, 0.3364356296005851510 ) ) ;
#1089 = CARTESIAN_POINT ( 'NONE',  ( 0.3761127155309559322, 0.2500000000000000000, 0.1622767672562928920 ) ) ;
#1090 = EDGE_LOOP ( 'NONE', ( #1612, #1050, #1413, #4348, #418 ) ) ;
#1091 = SURFACE_STYLE_FILL_AREA ( #2485 ) ;
#1092 = SURFACE_SIDE_STYLE ('',( #4106 ) ) ;
#1093 = CARTESIAN_POINT ( 'NONE',  ( 0.4955632875088742950, 0.2500000000000001110, 0.03991948423567255599 ) ) ;
#1094 = FILL_AREA_STYLE ('',( #1776 ) ) ;
#1095 = ORIENTED_EDGE ( 'NONE', *, *, #1083, .F. ) ;
#1096 = CARTESIAN_POINT ( 'NONE',  ( 0.3100416389117918725, 0.2550000000000000044, 0.1571493129694797319 ) ) ;
#1097 = FACE_OUTER_BOUND ( 'NONE', #1364, .T. ) ;
#1098 = CARTESIAN_POINT ( 'NONE',  ( 0.3404390079890804444, 0.2550000000000000044, 0.1338436494573111146 ) ) ;
#1099 = EDGE_CURVE ( 'NONE', #2274, #281, #2111, .T. ) ;
#1100 = CARTESIAN_POINT ( 'NONE',  ( 0.3499999999999999223, -0.2550000000000000044, -1.505000000000000115 ) ) ;
#1101 = FILL_AREA_STYLE_COLOUR ( '', #3447 ) ;
#1102 = CARTESIAN_POINT ( 'NONE',  ( 0.3716250464267769060, 0.2550000000000000044, 0.1354089673844532937 ) ) ;
#1103 = CARTESIAN_POINT ( 'NONE',  ( 0.2233996090651760580, 0.2500000000000000000, 0.3302671099006652677 ) ) ;
#1104 = FACE_OUTER_BOUND ( 'NONE', #2367, .T. ) ;
#1105 = PLANE ( 'NONE',  #2279 ) ;
#1106 = FILL_AREA_STYLE_COLOUR ( '', #2850 ) ;
#1107 = ORIENTED_EDGE ( 'NONE', *, *, #1844, .F. ) ;
#1108 = SURFACE_SIDE_STYLE ('',( #3232 ) ) ;
#1109 = CARTESIAN_POINT ( 'NONE',  ( 0.2139327387344692466, 0.2550000000000000044, 0.2895556019998379305 ) ) ;
#1110 = AXIS2_PLACEMENT_3D ( 'NONE', #3120, #4149, #2875 ) ;
#1111 = ORIENTED_EDGE ( 'NONE', *, *, #377, .F. ) ;
#1112 = B_SPLINE_CURVE_WITH_KNOTS ( 'NONE', 3,
 ( #1749, #3707, #4102, #303, #3797, #3734, #639, #704, #325, #3373, #3074, #1040, #1335, #996, #4410, #3414, #2062, #1021, #2016, #2683, #2709, #1358, #4081, #3437, #343, #370, #4056 ),
 .UNSPECIFIED., .F., .F.,
 ( 4, 1, 1, 1, 1, 1, 1, 1, 1, 1, 1, 1, 1, 1, 1, 1, 1, 1, 1, 1, 1, 1, 1, 1, 4 ),
 ( 0.000000000000000000, 0.06859905185027570518, 0.1332546469887012364, 0.1943251344692437377, 0.2512954498164152173, 0.3045331036280988224, 0.3542577818568268810, 0.4005064503556531319, 0.4434393887943418600, 0.4840461245383606004, 0.5232860905060560119, 0.5610786028067862308, 0.5979388495899659040, 0.6335593991789295609, 0.6685506344687422997, 0.7027341618909609400, 0.7369260519635210116, 0.7705360380815172716, 0.8034336592223287887, 0.8361707333883960924, 0.8684517514297861451, 0.9008401352728003797, 0.9334622281405533517, 0.9662553963349062025, 1.000000000000000000 ),
 .UNSPECIFIED. ) ;
#1113 = VERTEX_POINT ( 'NONE', #4152 ) ;
#1114 = CARTESIAN_POINT ( 'NONE',  ( 0.2140364680349419735, 0.2550000000000000044, 0.06592183481160066028 ) ) ;
#1115 = EDGE_CURVE ( 'NONE', #2472, #2253, #1452, .T. ) ;
#1116 = CARTESIAN_POINT ( 'NONE',  ( 0.3215934521837010562, 0.2550000000000000044, 0.1310222418875869876 ) ) ;
#1117 = VECTOR ( 'NONE', #814, 1000.000000000000000 ) ;
#1118 = CARTESIAN_POINT ( 'NONE',  ( 0.2841510289005064194, 0.2500000000000000555, 0.1190925167335490364 ) ) ;
#1119 = CARTESIAN_POINT ( 'NONE',  ( 0.2962043733498538334, 0.2500000000000000000, 0.1240507943075302433 ) ) ;
#1120 = DIRECTION ( 'NONE',  ( -0.000000000000000000, -1.000000000000000000, -0.000000000000000000 ) ) ;
#1121 = CARTESIAN_POINT ( 'NONE',  ( 0.2965452994871731196, 0.2499999999999999445, 0.2252512355339210681 ) ) ;
#1122 = CARTESIAN_POINT ( 'NONE',  ( 0.2139327387344692466, 0.2550000000000000044, 0.05878637123060716924 ) ) ;
#1123 = CARTESIAN_POINT ( 'NONE',  ( 0.2815637261155051752, 0.2500000000000001110, 0.3797950062458630427 ) ) ;
#1124 = CARTESIAN_POINT ( 'NONE',  ( 0.4848161154588463972, 0.2500000000000000000, 0.1370760009266509816 ) ) ;
#1125 = CARTESIAN_POINT ( 'NONE',  ( 0.2900163870072657302, 0.2500000000000000555, 0.1217568036659914116 ) ) ;
#1126 =( LENGTH_UNIT ( ) NAMED_UNIT ( * ) SI_UNIT ( .MILLI., .METRE. ) );
#1127 = FILL_AREA_STYLE ('',( #1106 ) ) ;
#1128 = ORIENTED_EDGE ( 'NONE', *, *, #2668, .T. ) ;
#1129 = LINE ( 'NONE', #1170, #3122 ) ;
#1130 = ORIENTED_EDGE ( 'NONE', *, *, #2814, .T. ) ;
#1131 = DIRECTION ( 'NONE',  ( -5.354084802397549790E-16, 0.000000000000000000, 1.000000000000000000 ) ) ;
#1132 = VERTEX_POINT ( 'NONE', #1109 ) ;
#1133 = CARTESIAN_POINT ( 'NONE',  ( 0.3449037504082403394, 0.2549999999999999489, 0.1616042335444328737 ) ) ;
#1134 = CARTESIAN_POINT ( 'NONE',  ( 0.3308013193309962685, 0.2550000000000000044, 0.1326991018089665186 ) ) ;
#1135 = MECHANICAL_DESIGN_GEOMETRIC_PRESENTATION_REPRESENTATION (  '', ( #3567 ), #3640 ) ;
#1136 = CARTESIAN_POINT ( 'NONE',  ( 0.000000000000000000, -0.2550000000000000044, 0.000000000000000000 ) ) ;
#1137 = VECTOR ( 'NONE', #361, 1000.000000000000000 ) ;
#1138 = ORIENTED_EDGE ( 'NONE', *, *, #919, .T. ) ;
#1139 = CARTESIAN_POINT ( 'NONE',  ( 0.2162327779143364825, 0.2549999999999999489, 0.3105948427813340351 ) ) ;
#1140 = SURFACE_STYLE_USAGE ( .BOTH. , #4140 ) ;
#1141 = CARTESIAN_POINT ( 'NONE',  ( 0.3439268052813400089, 0.2499999999999999445, -0.04081902008653240377 ) ) ;
#1142 = SURFACE_STYLE_USAGE ( .BOTH. , #2841 ) ;
#1143 = PRESENTATION_LAYER_ASSIGNMENT (  '', '', ( #2786 ) ) ;
#1144 = VECTOR ( 'NONE', #2614, 1000.000000000000000 ) ;
#1145 = PLANE ( 'NONE',  #115 ) ;
#1146 = PRESENTATION_STYLE_ASSIGNMENT (( #4232 ) ) ;
#1147 = FACE_OUTER_BOUND ( 'NONE', #2805, .T. ) ;
#1148 = CARTESIAN_POINT ( 'NONE',  ( 0.5270670976866720370, 0.2500000000000000555, 0.3105540200861701128 ) ) ;
#1149 = CARTESIAN_POINT ( 'NONE',  ( 0.000000000000000000, 0.000000000000000000, 0.000000000000000000 ) ) ;
#1150 = ADVANCED_FACE ( 'NONE', ( #2469, #398 ), #2488, .T. ) ;
#1151 = LINE ( 'NONE', #483, #2753 ) ;
#1152 = LINE ( 'NONE', #549, #138 ) ;
#1153 = CARTESIAN_POINT ( 'NONE',  ( 0.2148647792478711183, 0.2550000000000001155, 0.04484116269144788197 ) ) ;
#1154 = PRESENTATION_LAYER_ASSIGNMENT (  '', '', ( #2293 ) ) ;
#1155 = SURFACE_STYLE_USAGE ( .BOTH. , #3123 ) ;
#1156 = UNCERTAINTY_MEASURE_WITH_UNIT (LENGTH_MEASURE( 1.000000000000000082E-05 ), #3066, 'distance_accuracy_value', 'NONE');
#1157 = VECTOR ( 'NONE', #1303, 1000.000000000000000 ) ;
#1158 = CARTESIAN_POINT ( 'NONE',  ( 0.4399940167706365979, 0.2550000000000000044, -0.007567105796904689992 ) ) ;
#1159 = EDGE_LOOP ( 'NONE', ( #4400, #2975, #3425, #3350 ) ) ;
#1160 =( NAMED_UNIT ( * ) PLANE_ANGLE_UNIT ( ) SI_UNIT ( $, .RADIAN. ) );
#1161 = CARTESIAN_POINT ( 'NONE',  ( 0.4399940167706367089, 0.2500000000000000000, 0.2232021249723261103 ) ) ;
#1162 = SURFACE_SIDE_STYLE ('',( #3516 ) ) ;
#1163 = ORIENTED_EDGE ( 'NONE', *, *, #4230, .F. ) ;
#1164 = EDGE_CURVE ( 'NONE', #2337, #51, #3187, .T. ) ;
#1165 =( LENGTH_UNIT ( ) NAMED_UNIT ( * ) SI_UNIT ( .MILLI., .METRE. ) );
#1166 = CARTESIAN_POINT ( 'NONE',  ( -0.6602579508131062314, 0.2550000000000000044, -1.359762003597620783 ) ) ;
#1167 = FILL_AREA_STYLE_COLOUR ( '', #2282 ) ;
#1168 = LINE ( 'NONE', #1552, #1433 ) ;
#1169 = FILL_AREA_STYLE_COLOUR ( '', #1043 ) ;
#1170 = CARTESIAN_POINT ( 'NONE',  ( 0.2962043733498538334, 0.2550000000000000044, 0.3548200250767610253 ) ) ;
#1171 = LINE ( 'NONE', #2238, #4275 ) ;
#1172 = EDGE_CURVE ( 'NONE', #3150, #3720, #3802, .T. ) ;
#1173 = CARTESIAN_POINT ( 'NONE',  ( 0.4865542860580310824, 0.2550000000000000600, 0.02308575601190687374 ) ) ;
#1174 = VERTEX_POINT ( 'NONE', #2807 ) ;
#1175 = CARTESIAN_POINT ( 'NONE',  ( 0.3716250464267769060, 0.2499999999999999445, 0.2161781981536840813 ) ) ;
#1176 = CARTESIAN_POINT ( 'NONE',  ( 0.4440743866994874001, 0.2549999999999999489, 0.1254223403873381271 ) ) ;
#1177 = CARTESIAN_POINT ( 'NONE',  ( 0.5291991250996400664, 0.2549999999999999489, 0.05175476606220862086 ) ) ;
#1178 = ORIENTED_EDGE ( 'NONE', *, *, #4356, .T. ) ;
#1179 =( GEOMETRIC_REPRESENTATION_CONTEXT ( 3 ) GLOBAL_UNCERTAINTY_ASSIGNED_CONTEXT ( ( #2665 ) ) GLOBAL_UNIT_ASSIGNED_CONTEXT ( ( #2848, #4236, #2465 ) ) REPRESENTATION_CONTEXT ( 'NONE', 'WORKASPACE' ) );
#1180 = CARTESIAN_POINT ( 'NONE',  ( -0.6602579508131062314, 0.2550000000000000044, 1.359762003597620783 ) ) ;
#1181 = CARTESIAN_POINT ( 'NONE',  ( 0.2447019695037000730, 0.2500000000000000555, 0.2904570443075302766 ) ) ;
#1182 = CARTESIAN_POINT ( 'NONE',  ( 0.4399940167706367089, 0.2500000000000000555, 0.2232021249723261103 ) ) ;
#1183 = EDGE_CURVE ( 'NONE', #3974, #3088, #2854, .T. ) ;
#1184 = ORIENTED_EDGE ( 'NONE', *, *, #466, .F. ) ;
#1185 = DIRECTION ( 'NONE',  ( 0.000000000000000000, 0.000000000000000000, 1.000000000000000000 ) ) ;
#1186 = CARTESIAN_POINT ( 'NONE',  ( -0.3499999999999998668, 0.000000000000000000, 0.6500000000000003553 ) ) ;
#1187 = CARTESIAN_POINT ( 'NONE',  ( 0.5270670976866720370, 0.2550000000000000044, 0.3105540200861701128 ) ) ;
#1188 = DIRECTION ( 'NONE',  ( -0.000000000000000000, 1.000000000000000000, -0.000000000000000000 ) ) ;
#1189 = EDGE_CURVE ( 'NONE', #55, #2500, #301, .T. ) ;
#1190 = VECTOR ( 'NONE', #2852, 1000.000000000000000 ) ;
#1191 = CARTESIAN_POINT ( 'NONE',  ( 0.3379999892286715268, 0.2549999999999999489, -0.01333465813273852080 ) ) ;
#1192 = B_SPLINE_CURVE_WITH_KNOTS ( 'NONE', 3,
 ( #4233, #2871, #94, #3860, #816, #504, #773, #1856, #3226, #463, #1466, #3501, #1125, #1509, #2460 ),
 .UNSPECIFIED., .F., .F.,
 ( 4, 1, 1, 1, 1, 1, 1, 1, 1, 1, 1, 1, 4 ),
 ( 0.000000000000000000, 0.1128134007444582809, 0.2253938839207291212, 0.3395948145627006864, 0.4596754102248637452, 0.5217351900879330096, 0.5839258387389159033, 0.6481741447653693866, 0.7138810381130663574, 0.7810044549073894560, 0.8514509275565551594, 0.9240506926641781638, 1.000000000000000000 ),
 .UNSPECIFIED. ) ;
#1193 =( LENGTH_UNIT ( ) NAMED_UNIT ( * ) SI_UNIT ( .MILLI., .METRE. ) );
#1194 = CARTESIAN_POINT ( 'NONE',  ( 0.3716250464267769615, 0.2500000000000000555, -0.01459103261554668164 ) ) ;
#1195 = CARTESIAN_POINT ( 'NONE',  ( 0.2885240136352337781, 0.2550000000000000044, 0.1990086413479025262 ) ) ;
#1196 = VERTEX_POINT ( 'NONE', #3210 ) ;
#1197 = FACE_OUTER_BOUND ( 'NONE', #3807, .T. ) ;
#1198 = CARTESIAN_POINT ( 'NONE',  ( 0.4983742236826438909, 0.2500000000000000000, 0.2871388542334406546 ) ) ;
#1199 = CARTESIAN_POINT ( 'NONE',  ( 0.000000000000000000, 0.2500000000000000000, 0.000000000000000000 ) ) ;
#1200 = CARTESIAN_POINT ( 'NONE',  ( 0.4980260946465296934, 0.2550000000000000044, 0.3002986546214612695 ) ) ;
#1201 = ORIENTED_EDGE ( 'NONE', *, *, #1336, .F. ) ;
#1202 = AXIS2_PLACEMENT_3D ( 'NONE', #1186, #231, #2214 ) ;
#1203 = DIRECTION ( 'NONE',  ( 0.000000000000000000, -0.000000000000000000, -1.000000000000000000 ) ) ;
#1204 = FILL_AREA_STYLE ('',( #2537 ) ) ;
#1205 = CARTESIAN_POINT ( 'NONE',  ( 0.3598411541138852865, 0.2500000000000000555, 0.2162083070380947103 ) ) ;
#1206 = STYLED_ITEM ( 'NONE', ( #1406 ), #1432 ) ;
#1207 = ADVANCED_FACE ( 'NONE', ( #2877 ), #880, .T. ) ;
#1208 = EDGE_LOOP ( 'NONE', ( #2809, #4245, #151, #1243, #149, #2642 ) ) ;
#1209 = MECHANICAL_DESIGN_GEOMETRIC_PRESENTATION_REPRESENTATION (  '', ( #1361 ), #3725 ) ;
#1210 = COLOUR_RGB ( '',0.1098039215686274495, 0.1098039215686274495, 0.1098039215686274495 ) ;
#1211 = CARTESIAN_POINT ( 'NONE',  ( 0.3499999999999999223, 0.000000000000000000, 1.505000000000000338 ) ) ;
#1212 =( NAMED_UNIT ( * ) PLANE_ANGLE_UNIT ( ) SI_UNIT ( $, .RADIAN. ) );
#1213 = VECTOR ( 'NONE', #140, 1000.000000000000000 ) ;
#1214 = CARTESIAN_POINT ( 'NONE',  ( 0.2962043733498538334, 0.2550000000000000044, 0.1240507943075302433 ) ) ;
#1215 = VECTOR ( 'NONE', #1080, 1000.000000000000000 ) ;
#1216 = FILL_AREA_STYLE_COLOUR ( '', #179 ) ;
#1217 = CARTESIAN_POINT ( 'NONE',  ( 0.5270670976866720370, 0.2550000000000000044, 0.3105540200861701128 ) ) ;
#1218 = CARTESIAN_POINT ( 'NONE',  ( 0.2574768967972126954, 0.2499999999999999445, -0.01766594510749141395 ) ) ;
#1219 = CARTESIAN_POINT ( 'NONE',  ( 0.4848161154588463972, 0.2500000000000000000, 0.1370760009266509816 ) ) ;
#1220 = ADVANCED_FACE ( 'NONE', ( #168 ), #2591, .F. ) ;
#1221 = EDGE_LOOP ( 'NONE', ( #1524, #862, #4131, #775, #860, #3360, #345, #3957 ) ) ;
#1222 = CARTESIAN_POINT ( 'NONE',  ( 0.3715048541190846265, 0.2500000000000000000, 0.1892551212306071706 ) ) ;
#1223 = VECTOR ( 'NONE', #1329, 1000.000000000000000 ) ;
#1224 = ORIENTED_EDGE ( 'NONE', *, *, #3993, .T. ) ;
#1225 = CARTESIAN_POINT ( 'NONE',  ( 0.4289025680023328957, 0.2499999999999999445, 0.3605651529518726917 ) ) ;
#1226 = CARTESIAN_POINT ( 'NONE',  ( 0.4820830765531594619, 0.2550000000000000044, 0.01736579399005554192 ) ) ;
#1227 = CARTESIAN_POINT ( 'NONE',  ( 0.4865542860580310824, 0.2499999999999999445, 0.2538549867811376037 ) ) ;
#1228 = PLANE ( 'NONE',  #4137 ) ;
#1229 = CARTESIAN_POINT ( 'NONE',  ( 0.5283809216234945927, 0.2500000000000000555, 0.04484226547479413377 ) ) ;
#1230 = STYLED_ITEM ( 'NONE', ( #2561 ), #2305 ) ;
#1231 = VERTEX_POINT ( 'NONE', #3970 ) ;
#1232 =( LENGTH_UNIT ( ) NAMED_UNIT ( * ) SI_UNIT ( .MILLI., .METRE. ) );
#1233 = EDGE_CURVE ( 'NONE', #585, #4192, #1171, .T. ) ;
#1234 = ORIENTED_EDGE ( 'NONE', *, *, #2461, .T. ) ;
#1235 = CARTESIAN_POINT ( 'NONE',  ( 0.2179895875073089573, 0.2550000000000000044, 0.2623334247527350782 ) ) ;
#1236 = CARTESIAN_POINT ( 'NONE',  ( 0.3282068291757979650, 0.2500000000000000555, -0.01242254670526895047 ) ) ;
#1237 = CARTESIAN_POINT ( 'NONE',  ( 0.2451125446705799127, 0.2549999999999999489, 0.06964721309605237387 ) ) ;
#1238 = LINE ( 'NONE', #573, #1964 ) ;
#1239 = FILL_AREA_STYLE_COLOUR ( '', #1004 ) ;
#1240 = CARTESIAN_POINT ( 'NONE',  ( 0.3574562401603848527, 0.2500000000000000555, -0.04143186214433881159 ) ) ;
#1241 =( NAMED_UNIT ( * ) PLANE_ANGLE_UNIT ( ) SI_UNIT ( $, .RADIAN. ) );
#1242 = CARTESIAN_POINT ( 'NONE',  ( 0.3822869060884304671, 0.2500000000000000000, 0.1352975113623516024 ) ) ;
#1243 = ORIENTED_EDGE ( 'NONE', *, *, #87, .F. ) ;
#1244 = DIRECTION ( 'NONE',  ( 1.000000000000000000, 0.000000000000000000, 0.000000000000000000 ) ) ;
#1245 = CARTESIAN_POINT ( 'NONE',  ( 0.5199740492514313139, 0.2500000000000000555, 0.2496509501832518130 ) ) ;
#1246 = CARTESIAN_POINT ( 'NONE',  ( 0.4912969234374189864, 0.2499999999999999445, 0.03052339789952335930 ) ) ;
#1247 = CARTESIAN_POINT ( 'NONE',  ( 0.4820830765531595730, 0.2499999999999999445, 0.2481350247592862823 ) ) ;
#1248 = CARTESIAN_POINT ( 'NONE',  ( 0.4865844590520803647, 0.2550000000000001155, 0.09606575918405915737 ) ) ;
#1249 = CARTESIAN_POINT ( 'NONE',  ( 0.4865844590520803647, 0.2550000000000001155, 0.3268349899532899672 ) ) ;
#1250 = ADVANCED_FACE ( 'NONE', ( #3618 ), #839, .F. ) ;
#1251 = ORIENTED_EDGE ( 'NONE', *, *, #1895, .T. ) ;
#1252 = CARTESIAN_POINT ( 'NONE',  ( -0.3499999999999999778, -0.2550000000000000044, 1.100000000000000311 ) ) ;
#1253 = CARTESIAN_POINT ( 'NONE',  ( 0.3499999999999999223, 0.000000000000000000, 1.100000000000000755 ) ) ;
#1254 = PRESENTATION_STYLE_ASSIGNMENT (( #4289 ) ) ;
#1255 = VECTOR ( 'NONE', #1443, 1000.000000000000000 ) ;
#1256 = CARTESIAN_POINT ( 'NONE',  ( 0.3379999892286715268, 0.2499999999999999445, -0.01333465813273852080 ) ) ;
#1257 = SURFACE_SIDE_STYLE ('',( #2565 ) ) ;
#1258 = SURFACE_SIDE_STYLE ('',( #3944 ) ) ;
#1259 = CARTESIAN_POINT ( 'NONE',  ( 0.3992635981670665246, 0.2499999999999999445, -0.04082379931561226638 ) ) ;
#1260 = PRESENTATION_STYLE_ASSIGNMENT (( #3146 ) ) ;
#1261 = DIRECTION ( 'NONE',  ( 0.000000000000000000, 0.000000000000000000, 1.000000000000000000 ) ) ;
#1262 = CARTESIAN_POINT ( 'NONE',  ( 0.3850919597461412991, 0.2549999999999999489, 0.1621690500100066712 ) ) ;
#1263 = DIRECTION ( 'NONE',  ( -0.000000000000000000, -1.000000000000000000, -0.000000000000000000 ) ) ;
#1264 = CARTESIAN_POINT ( 'NONE',  ( 0.2161899763799060292, 0.2549999999999999489, 0.2688845893342600157 ) ) ;
#1265 = ORIENTED_EDGE ( 'NONE', *, *, #1655, .F. ) ;
#1266 = CARTESIAN_POINT ( 'NONE',  ( 0.2718723217780564805, 0.2500000000000000000, 0.2054369774203609611 ) ) ;
#1267 = CARTESIAN_POINT ( 'NONE',  ( 0.5291991250996400664, 0.2550000000000000044, 0.2825239968314393058 ) ) ;
#1268 = DIRECTION ( 'NONE',  ( -1.000000000000000000, 0.000000000000000000, 9.637352644315596722E-16 ) ) ;
#1269 = CARTESIAN_POINT ( 'NONE',  ( 0.3716250464267769060, 0.2550000000000000044, 0.3661781981536840758 ) ) ;
#1270 = PRESENTATION_STYLE_ASSIGNMENT (( #2269 ) ) ;
#1271 = CARTESIAN_POINT ( 'NONE',  ( 0.4912568901640653185, 0.2550000000000000044, 0.3193371939639387258 ) ) ;
#1272 = ORIENTED_EDGE ( 'NONE', *, *, #3915, .T. ) ;
#1273 = LINE ( 'NONE', #1180, #598 ) ;
#1274 = FILL_AREA_STYLE_COLOUR ( '', #226 ) ;
#1275 = CARTESIAN_POINT ( 'NONE',  ( 0.2845240670205326783, 0.2500000000000000555, 0.2304581920132520445 ) ) ;
#1276 = ADVANCED_BREP_SHAPE_REPRESENTATION ( 'WFK0612R0100FE66', ( #412, #250, #3412, #3845 ), #193 ) ;
#1277 = PRESENTATION_LAYER_ASSIGNMENT (  '', '', ( #3204 ) ) ;
#1278 = CARTESIAN_POINT ( 'NONE',  ( 0.2798514466872804030, 0.2499999999999999445, 0.2020203723015626118 ) ) ;
#1279 = SURFACE_STYLE_FILL_AREA ( #4337 ) ;
#1280 = CARTESIAN_POINT ( 'NONE',  ( 0.2216250464267769393, 0.2500000000000000000, -0.1530525710770851977 ) ) ;
#1281 = LINE ( 'NONE', #2257, #4029 ) ;
#1282 = MECHANICAL_DESIGN_GEOMETRIC_PRESENTATION_REPRESENTATION (  '', ( #3569 ), #2853 ) ;
#1283 = VECTOR ( 'NONE', #2078, 1000.000000000000000 ) ;
#1284 = CARTESIAN_POINT ( 'NONE',  ( 0.3716250464267769615, 0.2500000000000000555, -0.01459103261554668164 ) ) ;
#1285 = CARTESIAN_POINT ( 'NONE',  ( 0.5032692303471847373, 0.2550000000000000044, 0.2267621198123118409 ) ) ;
#1286 = CARTESIAN_POINT ( 'NONE',  ( 0.2885240136352337781, 0.2550000000000000044, -0.03176058942132822804 ) ) ;
#1287 = CARTESIAN_POINT ( 'NONE',  ( 0.3850919597461412991, 0.2499999999999999445, 0.1621690500100066712 ) ) ;
#1288 = PRESENTATION_LAYER_ASSIGNMENT (  '', '', ( #2706 ) ) ;
#1289 = CARTESIAN_POINT ( 'NONE',  ( 0.2448389221446900244, 0.2500000000000000000, 0.2937791304494513089 ) ) ;
#1290 = VECTOR ( 'NONE', #85, 1000.000000000000000 ) ;
#1291 = EDGE_CURVE ( 'NONE', #1663, #563, #355, .T. ) ;
#1292 = MECHANICAL_DESIGN_GEOMETRIC_PRESENTATION_REPRESENTATION (  '', ( #794 ), #3508 ) ;
#1293 = ORIENTED_EDGE ( 'NONE', *, *, #702, .T. ) ;
#1294 = CARTESIAN_POINT ( 'NONE',  ( 0.2643953523856992227, 0.2550000000000000600, 0.2090674429581636795 ) ) ;
#1295 = ORIENTED_EDGE ( 'NONE', *, *, #2692, .F. ) ;
#1296 = CARTESIAN_POINT ( 'NONE',  ( 0.3752313441487289958, 0.2500000000000000000, 0.3661404989519164710 ) ) ;
#1297 = CARTESIAN_POINT ( 'NONE',  ( 0.2988812081612536309, 0.2500000000000000000, 0.1249552315469958791 ) ) ;
#1298 = CARTESIAN_POINT ( 'NONE',  ( 0.3215934521837011117, 0.2549999999999999489, 0.3617914726568177142 ) ) ;
#1299 = SURFACE_STYLE_FILL_AREA ( #1047 ) ;
#1300 = UNCERTAINTY_MEASURE_WITH_UNIT (LENGTH_MEASURE( 1.000000000000000082E-05 ), #1972, 'distance_accuracy_value', 'NONE');
#1301 = CARTESIAN_POINT ( 'NONE',  ( 0.5032692303471846262, 0.2500000000000000000, -0.004007110956918948953 ) ) ;
#1302 = ORIENTED_EDGE ( 'NONE', *, *, #603, .F. ) ;
#1303 = DIRECTION ( 'NONE',  ( 1.000000000000000000, 0.000000000000000000, 0.000000000000000000 ) ) ;
#1304 = VECTOR ( 'NONE', #3629, 1000.000000000000000 ) ;
#1305 = SURFACE_SIDE_STYLE ('',( #1985 ) ) ;
#1306 = B_SPLINE_CURVE_WITH_KNOTS ( 'NONE', 3,
 ( #1738, #3468, #2764, #3087, #1075, #738, #3399, #3719, #2096, #1715, #1008, #15, #4155, #1668, #1392, #2409, #2744, #3783, #2075, #2003, #3380, #311, #3038 ),
 .UNSPECIFIED., .F., .F.,
 ( 4, 1, 1, 1, 1, 1, 1, 1, 1, 1, 1, 1, 1, 1, 1, 1, 1, 1, 1, 1, 4 ),
 ( 0.000000000000000000, 0.07295580388491695878, 0.1415928897317563495, 0.2059398346352473985, 0.2653185879161433780, 0.3206180547892741872, 0.3718406517515509546, 0.4188169691711107756, 0.4617287149186187212, 0.5021661945599859012, 0.5408394393269549960, 0.5782180768637673607, 0.6143367624190528842, 0.6497204384179314784, 0.6845870665938523780, 0.7186487713646741993, 0.7523728734028879428, 0.8176405955349004273, 0.8797142646225145635, 0.9399616606279663777, 1.000000000000000000 ),
 .UNSPECIFIED. ) ;
#1307 = SURFACE_SIDE_STYLE ('',( #274 ) ) ;
#1308 = EDGE_CURVE ( 'NONE', #3108, #1065, #1641, .T. ) ;
#1309 = PLANE ( 'NONE',  #2007 ) ;
#1310 = CARTESIAN_POINT ( 'NONE',  ( 0.3822869060884304671, 0.2499999999999998335, 0.1352975113623516024 ) ) ;
#1311 =( LENGTH_UNIT ( ) NAMED_UNIT ( * ) SI_UNIT ( .MILLI., .METRE. ) );
#1312 = CARTESIAN_POINT ( 'NONE',  ( 0.2613068582814645491, 0.2549999999999999489, 0.01738002170743919647 ) ) ;
#1313 = CARTESIAN_POINT ( 'NONE',  ( 0.4120316229970328870, 0.2549999999999999489, 0.1909547464445738030 ) ) ;
#1314 = CARTESIAN_POINT ( 'NONE',  ( 0.4700291176353074696, 0.2550000000000000044, 0.1451284696241161853 ) ) ;
#1315 = CARTESIAN_POINT ( 'NONE',  ( 0.4350463232315916473, 0.2499999999999999445, 0.1940212047627142278 ) ) ;
#1316 = COLOUR_RGB ( '',0.1098039215686274495, 0.1098039215686274495, 0.1098039215686274495 ) ;
#1317 = EDGE_LOOP ( 'NONE', ( #3605, #2745, #1095, #3981 ) ) ;
#1318 = PLANE ( 'NONE',  #3766 ) ;
#1319 = VERTEX_POINT ( 'NONE', #3349 ) ;
#1320 = DIRECTION ( 'NONE',  ( -1.000000000000000000, -0.000000000000000000, -0.000000000000000000 ) ) ;
#1321 = DIRECTION ( 'NONE',  ( 0.000000000000000000, -1.000000000000000000, 0.000000000000000000 ) ) ;
#1322 =( NAMED_UNIT ( * ) SI_UNIT ( $, .STERADIAN. ) SOLID_ANGLE_UNIT ( ) );
#1323 = LINE ( 'NONE', #2002, #917 ) ;
#1324 = ORIENTED_EDGE ( 'NONE', *, *, #3270, .F. ) ;
#1325 = CARTESIAN_POINT ( 'NONE',  ( 0.2404448837047402643, 0.2499999999999999445, 0.1229394759881276278 ) ) ;
#1326 = CARTESIAN_POINT ( 'NONE',  ( 0.4289025680023328957, 0.2549999999999999489, 0.3605651529518726917 ) ) ;
#1327 = CARTESIAN_POINT ( 'NONE',  ( 0.2519284730706104480, 0.2550000000000000044, 0.03055752267852051424 ) ) ;
#1328 = CARTESIAN_POINT ( 'NONE',  ( 0.3209181455429897523, 0.2500000000000001665, 0.3898814200960103449 ) ) ;
#1329 = DIRECTION ( 'NONE',  ( -0.000000000000000000, -1.000000000000000000, -0.000000000000000000 ) ) ;
#1330 = CARTESIAN_POINT ( 'NONE',  ( 0.2149433202734679083, 0.2550000000000000600, 0.3037156311528172448 ) ) ;
#1331 = PRESENTATION_LAYER_ASSIGNMENT (  '', '', ( #3255 ) ) ;
#1332 = B_SPLINE_SURFACE_WITH_KNOTS ( 'NONE', 3, 1, ( 
 ( #885, #3931 ),
 ( #3906, #2203 ),
 ( #2858, #515 ),
 ( #1540, #3282 ),
 ( #4302, #1246 ),
 ( #2595, #1866 ),
 ( #1226, #1519 ),
 ( #2243, #3624 ),
 ( #1905, #2880 ),
 ( #3888, #557 ),
 ( #3977, #2517 ),
 ( #3259, #909 ),
 ( #2267, #3237 ),
 ( #3601, #2575 ),
 ( #1932, #863 ),
 ( #127, #842 ),
 ( #1498, #4258 ),
 ( #534, #4218 ),
 ( #1883, #195 ),
 ( #1558, #4282 ),
 ( #3016, #671 ),
 ( #2992, #4375 ),
 ( #245, #2383 ) ),
 .UNSPECIFIED., .F., .F., .F.,
 ( 4, 1, 1, 1, 1, 1, 1, 1, 1, 1, 1, 1, 1, 1, 1, 1, 1, 1, 1, 1, 4 ),
 ( 2, 2 ),
 ( 0.000000000000000000, 0.06039823059658778331, 0.1209064923100298117, 0.1827897591261674892, 0.2475502480834729235, 0.2810447575356931904, 0.3148397785824127437, 0.3494612057941747230, 0.3848427988577222680, 0.4209593582097763687, 0.4583357953736048040, 0.4970067635577820608, 0.5374418627609196530, 0.5803510824172625204, 0.6274137617198365380, 0.6782749550092947999, 0.7339320702414471320, 0.7937070456672714602, 0.8576863130007430502, 0.9266837696490763943, 1.000000000000000000 ),
 ( 0.000000000000000000, 1.000000000000000000 ),
 .UNSPECIFIED. ) ;
#1333 = CARTESIAN_POINT ( 'NONE',  ( 0.2965452994871731751, 0.2550000000000000044, -0.005517995235309650602 ) ) ;
#1334 =( NAMED_UNIT ( * ) PLANE_ANGLE_UNIT ( ) SI_UNIT ( $, .RADIAN. ) );
#1335 = CARTESIAN_POINT ( 'NONE',  ( 0.4854884286703767260, 0.2549999999999999489, 0.2128403475062096428 ) ) ;
#1336 = EDGE_CURVE ( 'NONE', #2066, #1539, #620, .T. ) ;
#1337 = CARTESIAN_POINT ( 'NONE',  ( -0.8000000000000001554, 0.2500000000000000000, -1.549999999999999822 ) ) ;
#1338 = ORIENTED_EDGE ( 'NONE', *, *, #3211, .T. ) ;
#1339 =( NAMED_UNIT ( * ) SI_UNIT ( $, .STERADIAN. ) SOLID_ANGLE_UNIT ( ) );
#1340 = DIRECTION ( 'NONE',  ( -0.000000000000000000, 1.000000000000000000, -0.000000000000000000 ) ) ;
#1341 = FILL_AREA_STYLE_COLOUR ( '', #2783 ) ;
#1342 = CARTESIAN_POINT ( 'NONE',  ( 0.5292755413897418659, 0.2550000000000000600, 0.2919415001556385780 ) ) ;
#1343 = CARTESIAN_POINT ( 'NONE',  ( 0.2718723217780564805, 0.2550000000000000044, -0.02533225334886974808 ) ) ;
#1344 = CARTESIAN_POINT ( 'NONE',  ( 0.2353964195976299134, 0.2550000000000000600, 0.1174767586305768552 ) ) ;
#1345 = PLANE ( 'NONE',  #3288 ) ;
#1346 = ORIENTED_EDGE ( 'NONE', *, *, #749, .T. ) ;
#1347 = FILL_AREA_STYLE_COLOUR ( '', #1792 ) ;
#1348 = CARTESIAN_POINT ( 'NONE',  ( 0.4440743866994875666, 0.2549999999999999489, 0.3561915711565689646 ) ) ;
#1349 = CARTESIAN_POINT ( 'NONE',  ( 0.2564453260069082807, 0.2549999999999999489, 0.09613601356795135888 ) ) ;
#1350 = CARTESIAN_POINT ( 'NONE',  ( 0.4919248874227036272, 0.2550000000000000044, -0.01364085800772288359 ) ) ;
#1351 = CARTESIAN_POINT ( 'NONE',  ( 0.3312143445168359568, 0.2499999999999999445, 0.1909380461154725483 ) ) ;
#1352 = SURFACE_STYLE_USAGE ( .BOTH. , #635 ) ;
#1353 = CARTESIAN_POINT ( 'NONE',  ( 0.4983742392490947970, 0.2499999999999998335, 0.06296598492727233098 ) ) ;
#1354 = CARTESIAN_POINT ( 'NONE',  ( 0.2564453260069082807, 0.2550000000000000044, 0.3269052443371821548 ) ) ;
#1355 = EDGE_CURVE ( 'NONE', #2265, #2335, #3076, .T. ) ;
#1356 = CARTESIAN_POINT ( 'NONE',  ( 0.2567221737742453880, 0.2500000000000000000, 0.02307548248533856580 ) ) ;
#1357 = CARTESIAN_POINT ( 'NONE',  ( 0.3763132016404040492, 0.2500000000000000000, 0.1892832370713185830 ) ) ;
#1358 = CARTESIAN_POINT ( 'NONE',  ( 0.5251901946821933009, 0.2550000000000000044, 0.2623134392057472897 ) ) ;
#1359 = PRESENTATION_LAYER_ASSIGNMENT (  '', '', ( #3497 ) ) ;
#1360 = CARTESIAN_POINT ( 'NONE',  ( 0.4632751383998677253, 0.2500000000000000000, 0.2017852898145152674 ) ) ;
#1361 = STYLED_ITEM ( 'NONE', ( #779 ), #1150 ) ;
#1362 = PRODUCT_RELATED_PRODUCT_CATEGORY ( 'part', '', ( #3043 ) ) ;
#1363 = VERTEX_POINT ( 'NONE', #3051 ) ;
#1364 = EDGE_LOOP ( 'NONE', ( #3916, #4346, #2781, #1564 ) ) ;
#1365 = FACE_OUTER_BOUND ( 'NONE', #688, .T. ) ;
#1366 = EDGE_CURVE ( 'NONE', #3381, #2922, #2323, .T. ) ;
#1367 = AXIS2_PLACEMENT_3D ( 'NONE', #1861, #2966, #190 ) ;
#1368 = STYLED_ITEM ( 'NONE', ( #820 ), #250 ) ;
#1369 = CARTESIAN_POINT ( 'NONE',  ( 0.4530196210655035305, 0.2549999999999999489, 0.1519531835027881361 ) ) ;
#1370 = CARTESIAN_POINT ( 'NONE',  ( 0.3193298258350099617, 0.2550000000000000044, -0.03837193776155066460 ) ) ;
#1371 = CARTESIAN_POINT ( 'NONE',  ( 0.4820830765531595730, 0.2550000000000000044, 0.2481350247592862823 ) ) ;
#1372 = ORIENTED_EDGE ( 'NONE', *, *, #2915, .T. ) ;
#1373 = CARTESIAN_POINT ( 'NONE',  ( 0.2658206407734284293, 0.2499999999999998890, 0.1416053545387237489 ) ) ;
#1374 = CARTESIAN_POINT ( 'NONE',  ( 0.4440743866994875666, 0.2499999999999999445, 0.3561915711565689646 ) ) ;
#1375 = CARTESIAN_POINT ( 'NONE',  ( 0.2447019695037000453, 0.2550000000000000044, 0.05968781353829947373 ) ) ;
#1376 = CARTESIAN_POINT ( 'NONE',  ( 0.4632751383998678363, 0.2499999999999999445, -0.02898394095471546958 ) ) ;
#1377 = CARTESIAN_POINT ( 'NONE',  ( 0.4530196210655036970, 0.2500000000000000000, 0.3827224142720188627 ) ) ;
#1378 = CARTESIAN_POINT ( 'NONE',  ( 0.2521063102726366356, 0.2549999999999999489, 0.3636629979881789709 ) ) ;
#1379 = CARTESIAN_POINT ( 'NONE',  ( 0.2647547241009812757, 0.2500000000000000000, 0.3365394900749550389 ) ) ;
#1380 =( GEOMETRIC_REPRESENTATION_CONTEXT ( 3 ) GLOBAL_UNCERTAINTY_ASSIGNED_CONTEXT ( ( #1072 ) ) GLOBAL_UNIT_ASSIGNED_CONTEXT ( ( #3312, #495, #1851 ) ) REPRESENTATION_CONTEXT ( 'NONE', 'WORKASPACE' ) );
#1381 = CARTESIAN_POINT ( 'NONE',  ( 0.4978555650724056925, 0.2550000000000000600, -0.008983894065112451102 ) ) ;
#1382 =( NAMED_UNIT ( * ) SI_UNIT ( $, .STERADIAN. ) SOLID_ANGLE_UNIT ( ) );
#1383 = ORIENTED_EDGE ( 'NONE', *, *, #1172, .T. ) ;
#1384 = CARTESIAN_POINT ( 'NONE',  ( 0.3499999999999998113, 0.000000000000000000, -1.549999999999999822 ) ) ;
#1385 = CARTESIAN_POINT ( 'NONE',  ( 0.5293173541190847597, 0.2550000000000000600, 0.2895556019998379860 ) ) ;
#1386 = PRESENTATION_STYLE_ASSIGNMENT (( #4127 ) ) ;
#1387 = CARTESIAN_POINT ( 'NONE',  ( 0.4223257474083714769, 0.2500000000000000555, 0.3897967988021947550 ) ) ;
#1388 = DIRECTION ( 'NONE',  ( 0.000000000000000000, -1.000000000000000000, 0.000000000000000000 ) ) ;
#1389 = CARTESIAN_POINT ( 'NONE',  ( 0.2139327387344692466, 0.2550000000000000044, 0.05878637123060716924 ) ) ;
#1390 = ADVANCED_FACE ( 'NONE', ( #1041 ), #2088, .F. ) ;
#1391 = ORIENTED_EDGE ( 'NONE', *, *, #1815, .F. ) ;
#1392 = CARTESIAN_POINT ( 'NONE',  ( 0.2694343435391757802, 0.2550000000000000600, 0.2401990627360203745 ) ) ;
#1393 = ORIENTED_EDGE ( 'NONE', *, *, #4230, .T. ) ;
#1394 = CARTESIAN_POINT ( 'NONE',  ( 0.3715048541190846265, 0.2499999999999998890, 0.1623320443075302599 ) ) ;
#1395 = CARTESIAN_POINT ( 'NONE',  ( 0.4955568124165436461, 0.2500000000000000000, 0.3100075669647259780 ) ) ;
#1396 = CARTESIAN_POINT ( 'NONE',  ( 0.2567221737742453880, 0.2550000000000000044, 0.02307548248533856580 ) ) ;
#1397 = EDGE_CURVE ( 'NONE', #2686, #192, #3798, .T. ) ;
#1398 = CARTESIAN_POINT ( 'NONE',  ( 0.3856534860068834836, 0.2550000000000000044, -0.04143137827207549195 ) ) ;
#1399 = EDGE_CURVE ( 'NONE', #4167, #611, #799, .T. ) ;
#1400 = CARTESIAN_POINT ( 'NONE',  ( 0.2734453708186651011, 0.2500000000000001110, 0.3762115169523667646 ) ) ;
#1401 = CARTESIAN_POINT ( 'NONE',  ( 0.2216250464267769393, 0.2550000000000000044, -0.1530525710770851977 ) ) ;
#1402 = CARTESIAN_POINT ( 'NONE',  ( 0.4367276495857305152, 0.2499999999999998335, 0.1277588839568168377 ) ) ;
#1403 = CARTESIAN_POINT ( 'NONE',  ( 0.2962043733498538334, 0.2500000000000000000, 0.3548200250767610253 ) ) ;
#1404 = CARTESIAN_POINT ( 'NONE',  ( 0.2519284730706104480, 0.2500000000000000000, 0.03055752267852051424 ) ) ;
#1405 = CARTESIAN_POINT ( 'NONE',  ( 0.4546658454436268704, 0.2549999999999998934, -0.03194560703279335223 ) ) ;
#1406 = PRESENTATION_STYLE_ASSIGNMENT (( #2736 ) ) ;
#1407 = ORIENTED_EDGE ( 'NONE', *, *, #3674, .T. ) ;
#1408 = CARTESIAN_POINT ( 'NONE',  ( -0.7500000000000002220, -0.2500000000000000000, -1.500000000000000000 ) ) ;
#1409 = PRESENTATION_LAYER_ASSIGNMENT (  '', '', ( #3897 ) ) ;
#1410 = CARTESIAN_POINT ( 'NONE',  ( 0.4985481233498538778, 0.2500000000000000000, 0.05968781353829947373 ) ) ;
#1411 = CARTESIAN_POINT ( 'NONE',  ( 0.4692927124641247949, 0.2499999999999999445, 0.005996708984112694880 ) ) ;
#1412 = EDGE_CURVE ( 'NONE', #3587, #3627, #49, .T. ) ;
#1413 = ORIENTED_EDGE ( 'NONE', *, *, #859, .F. ) ;
#1414 = CARTESIAN_POINT ( 'NONE',  ( 0.4642769106751516439, 0.2550000000000000044, 0.2334973959685482103 ) ) ;
#1415 = ORIENTED_EDGE ( 'NONE', *, *, #2988, .F. ) ;
#1416 = CARTESIAN_POINT ( 'NONE',  ( 0.2233996090651760025, 0.2499999999999998335, 0.09949787913143455509 ) ) ;
#1417 = LINE ( 'NONE', #2768, #1215 ) ;
#1418 = FACE_OUTER_BOUND ( 'NONE', #739, .T. ) ;
#1419 = CARTESIAN_POINT ( 'NONE',  ( 0.3856534860068834836, 0.2499999999999998890, -0.04143137827207549195 ) ) ;
#1420 = LINE ( 'NONE', #3113, #2824 ) ;
#1421 = CARTESIAN_POINT ( 'NONE',  ( 0.2694343435391757802, 0.2500000000000000555, 0.2401990627360203745 ) ) ;
#1422 = COLOUR_RGB ( '',0.1098039215686274495, 0.1098039215686274495, 0.1098039215686274495 ) ;
#1423 = CARTESIAN_POINT ( 'NONE',  ( 0.4980260946465298044, 0.2499999999999998890, 0.06952942385223048749 ) ) ;
#1424 = CARTESIAN_POINT ( 'NONE',  ( -0.7500000000000002220, 0.000000000000000000, 1.500000000000000222 ) ) ;
#1425 = CARTESIAN_POINT ( 'NONE',  ( 0.3579780709994243026, 0.2500000000000000000, 0.3929363997975052758 ) ) ;
#1426 = CARTESIAN_POINT ( 'NONE',  ( 0.5032692303471846262, 0.2550000000000000044, -0.004007110956918948953 ) ) ;
#1427 = ORIENTED_EDGE ( 'NONE', *, *, #695, .T. ) ;
#1428 = CARTESIAN_POINT ( 'NONE',  ( -0.7500000000000002220, -0.2500000000000000000, -1.500000000000000000 ) ) ;
#1429 = LINE ( 'NONE', #1068, #3863 ) ;
#1430 = SURFACE_STYLE_USAGE ( .BOTH. , #733 ) ;
#1431 = SURFACE_STYLE_FILL_AREA ( #3846 ) ;
#1432 = ADVANCED_FACE ( 'NONE', ( #4166 ), #2756, .T. ) ;
#1433 = VECTOR ( 'NONE', #899, 1000.000000000000000 ) ;
#1434 = CARTESIAN_POINT ( 'NONE',  ( 0.4985481233498538778, 0.2550000000000000044, 0.05968781353829947373 ) ) ;
#1435 = ORIENTED_EDGE ( 'NONE', *, *, #2828, .T. ) ;
#1436 = STYLED_ITEM ( 'NONE', ( #3902 ), #1220 ) ;
#1437 = CARTESIAN_POINT ( 'NONE',  ( 0.2587306498150886980, 0.2550000000000000600, 0.1373822853674485089 ) ) ;
#1438 = VECTOR ( 'NONE', #3590, 1000.000000000000000 ) ;
#1439 = CARTESIAN_POINT ( 'NONE',  ( 0.3499999999999999223, 0.000000000000000000, 0.6500000000000007994 ) ) ;
#1440 = CARTESIAN_POINT ( 'NONE',  ( 0.2233996090651760580, 0.2550000000000000044, 0.3302671099006652677 ) ) ;
#1441 = CARTESIAN_POINT ( 'NONE',  ( 0.2139327387344692466, 0.2500000000000000000, 0.05878637123060716924 ) ) ;
#1442 = CARTESIAN_POINT ( 'NONE',  ( 0.3404390079890803333, 0.2549999999999998934, 0.3646128802265417579 ) ) ;
#1443 = DIRECTION ( 'NONE',  ( 1.000000000000000000, 0.000000000000000000, -9.637352644315594750E-16 ) ) ;
#1444 = CARTESIAN_POINT ( 'NONE',  ( -0.7999999999999999334, -0.005000000000000000104, 1.100000000000000311 ) ) ;
#1445 = DIRECTION ( 'NONE',  ( 1.000000000000000000, -0.000000000000000000, 0.000000000000000000 ) ) ;
#1446 = VECTOR ( 'NONE', #874, 1000.000000000000000 ) ;
#1447 = CARTESIAN_POINT ( 'NONE',  ( 0.2216250464267769393, 0.2550000000000000044, -0.1799756480001621362 ) ) ;
#1448 = ADVANCED_FACE ( 'NONE', ( #3482 ), #417, .T. ) ;
#1449 = VERTEX_POINT ( 'NONE', #4294 ) ;
#1450 =( NAMED_UNIT ( * ) PLANE_ANGLE_UNIT ( ) SI_UNIT ( $, .RADIAN. ) );
#1451 = CARTESIAN_POINT ( 'NONE',  ( 0.2139729051418194083, 0.2550000000000000044, 0.05642036136487479925 ) ) ;
#1452 = LINE ( 'NONE', #3445, #1568 ) ;
#1453 = CARTESIAN_POINT ( 'NONE',  ( 0.4588464415272903163, 0.2550000000000000044, -0.0001913018838922150660 ) ) ;
#1454 = ORIENTED_EDGE ( 'NONE', *, *, #2281, .F. ) ;
#1455 = CARTESIAN_POINT ( 'NONE',  ( 0.2404448837047402643, 0.2549999999999999489, 0.1229394759881276278 ) ) ;
#1456 = FACE_OUTER_BOUND ( 'NONE', #3441, .T. ) ;
#1457 = CARTESIAN_POINT ( 'NONE',  ( 0.5292775705441344902, 0.2499999999999998890, 0.05642026523944056876 ) ) ;
#1458 = CARTESIAN_POINT ( 'NONE',  ( 0.2903682165199150123, 0.2550000000000000044, 0.3829136533001883391 ) ) ;
#1459 = CARTESIAN_POINT ( 'NONE',  ( 0.2740795347585978092, 0.2499999999999998890, 0.2366481580739598356 ) ) ;
#1460 = DIRECTION ( 'NONE',  ( 7.796643232561547150E-14, 1.000000000000000000, 1.323591894431483852E-15 ) ) ;
#1461 = DIRECTION ( 'NONE',  ( -0.000000000000000000, -1.000000000000000000, -0.000000000000000000 ) ) ;
#1462 = MECHANICAL_DESIGN_GEOMETRIC_PRESENTATION_REPRESENTATION (  '', ( #4170 ), #2235 ) ;
#1463 = B_SPLINE_CURVE_WITH_KNOTS ( 'NONE', 3,
 ( #887, #1884, #2554, #3602, #4327, #2926, #4000, #153, #3284, #1176, #247, #174, #938, #1586, #3933, #3671, #2950, #1248, #1847, #1867, #865, #2971, #3217 ),
 .UNSPECIFIED., .F., .F.,
 ( 4, 1, 1, 1, 1, 1, 1, 1, 1, 1, 1, 1, 1, 1, 1, 1, 1, 1, 1, 1, 4 ),
 ( 0.000000000000000000, 0.06568343212078686655, 0.1285067289146421265, 0.1881673103733746133, 0.2451002472096336371, 0.2994443895091744023, 0.3508944417317638176, 0.3999212696944038359, 0.4466529223048520958, 0.4912372285188454368, 0.5333604721790476955, 0.5738382596722070295, 0.6125131318951647641, 0.6495852175762254488, 0.6855213450018985410, 0.7200962655338508656, 0.7538292898209778548, 0.8189192568383036885, 0.8804893966640126024, 0.9403093035504377362, 0.9999999999999998890 ),
 .UNSPECIFIED. ) ;
#1464 = SURFACE_STYLE_FILL_AREA ( #92 ) ;
#1465 = FACE_BOUND ( 'NONE', #3126, .T. ) ;
#1466 = CARTESIAN_POINT ( 'NONE',  ( 0.2787028081634198018, 0.2500000000000001110, 0.1161728192168171026 ) ) ;
#1467 = CARTESIAN_POINT ( 'NONE',  ( 0.5283931939521229193, 0.2499999999999999445, 0.3037011902249185380 ) ) ;
#1468 =( LENGTH_UNIT ( ) NAMED_UNIT ( * ) SI_UNIT ( .MILLI., .METRE. ) );
#1469 = LINE ( 'NONE', #2826, #633 ) ;
#1470 = CARTESIAN_POINT ( 'NONE',  ( 0.4912969234374189864, 0.2499999999999999445, 0.03052339789952335930 ) ) ;
#1471 = PRESENTATION_LAYER_ASSIGNMENT (  '', '', ( #328 ) ) ;
#1472 = ORIENTED_EDGE ( 'NONE', *, *, #1496, .T. ) ;
#1473 = CARTESIAN_POINT ( 'NONE',  ( 0.4955632875088742950, 0.2550000000000001155, 0.03991948423567255599 ) ) ;
#1474 = EDGE_LOOP ( 'NONE', ( #913, #1265, #1163, #2743 ) ) ;
#1475 = CARTESIAN_POINT ( 'NONE',  ( -0.3499999999999999778, 0.000000000000000000, 1.100000000000000311 ) ) ;
#1476 = VECTOR ( 'NONE', #3459, 1000.000000000000000 ) ;
#1477 = CARTESIAN_POINT ( 'NONE',  ( 0.2609306113884458656, 0.2550000000000000044, 0.1017488030109317820 ) ) ;
#1478 = CARTESIAN_POINT ( 'NONE',  ( 0.3499999999999999223, 0.000000000000000000, -1.505000000000000115 ) ) ;
#1479 = ORIENTED_EDGE ( 'NONE', *, *, #1805, .T. ) ;
#1480 = CARTESIAN_POINT ( 'NONE',  ( 0.2181160411711690061, 0.2550000000000000044, 0.3173061713101225645 ) ) ;
#1481 = CARTESIAN_POINT ( 'NONE',  ( 0.2451977462291358989, 0.2550000000000000600, 0.2805428867020681727 ) ) ;
#1482 = CARTESIAN_POINT ( 'NONE',  ( 0.3193298258350099617, 0.2500000000000000000, -0.03837193776155066460 ) ) ;
#1483 = CARTESIAN_POINT ( 'NONE',  ( 0.2564453260069082807, 0.2550000000000000044, 0.3269052443371821548 ) ) ;
#1484 = DIRECTION ( 'NONE',  ( -2.409338161078901646E-16, -0.000000000000000000, 1.000000000000000000 ) ) ;
#1485 = VECTOR ( 'NONE', #3823, 1000.000000000000000 ) ;
#1486 = FACE_BOUND ( 'NONE', #3305, .T. ) ;
#1487 = CARTESIAN_POINT ( 'NONE',  ( -0.3499999999999998668, 0.000000000000000000, 0.6500000000000003553 ) ) ;
#1488 = CARTESIAN_POINT ( 'NONE',  ( 0.4700291176353074696, 0.2549999999999999489, 0.3758977003933468009 ) ) ;
#1489 = EDGE_CURVE ( 'NONE', #2049, #1863, #835, .T. ) ;
#1490 = PLANE ( 'NONE',  #4247 ) ;
#1491 = CARTESIAN_POINT ( 'NONE',  ( 0.3850919597461412991, 0.2549999999999999489, 0.3929382807792374255 ) ) ;
#1492 = LINE ( 'NONE', #509, #1485 ) ;
#1493 = DIRECTION ( 'NONE',  ( -0.000000000000000000, -1.000000000000000000, -0.000000000000000000 ) ) ;
#1494 = VECTOR ( 'NONE', #2443, 1000.000000000000000 ) ;
#1495 = SURFACE_STYLE_USAGE ( .BOTH. , #125 ) ;
#1496 = EDGE_CURVE ( 'NONE', #3627, #4421, #2173, .T. ) ;
#1497 = VERTEX_POINT ( 'NONE', #2258 ) ;
#1498 = CARTESIAN_POINT ( 'NONE',  ( 0.4241973999450051602, 0.2550000000000000600, -0.01101908015182492991 ) ) ;
#1499 = CARTESIAN_POINT ( 'NONE',  ( 0.3680186711902042607, 0.2500000000000000555, 0.1353747852824968012 ) ) ;
#1500 =( GEOMETRIC_REPRESENTATION_CONTEXT ( 3 ) GLOBAL_UNCERTAINTY_ASSIGNED_CONTEXT ( ( #2225 ) ) GLOBAL_UNIT_ASSIGNED_CONTEXT ( ( #876, #2234, #1511 ) ) REPRESENTATION_CONTEXT ( 'NONE', 'WORKASPACE' ) );
#1501 = CARTESIAN_POINT ( 'NONE',  ( 0.7500000000000001110, -0.2500000000000000000, 1.500000000000000222 ) ) ;
#1502 = VECTOR ( 'NONE', #673, 1000.000000000000000 ) ;
#1503 = VERTEX_POINT ( 'NONE', #3568 ) ;
#1504 = CARTESIAN_POINT ( 'NONE',  ( 0.2139327387344692466, 0.2500000000000000000, 0.2895556019998379305 ) ) ;
#1505 = CARTESIAN_POINT ( 'NONE',  ( 0.4980261075446618113, 0.2500000000000000555, 0.2804964291373187590 ) ) ;
#1506 = AXIS2_PLACEMENT_3D ( 'NONE', #1821, #1864, #805 ) ;
#1507 = CARTESIAN_POINT ( 'NONE',  ( 0.3100416389117918170, 0.2499999999999999445, 0.3879185437387104862 ) ) ;
#1508 = SURFACE_SIDE_STYLE ('',( #4208 ) ) ;
#1509 = CARTESIAN_POINT ( 'NONE',  ( 0.2941109360743369150, 0.2500000000000000000, 0.1232747218902992825 ) ) ;
#1510 = CARTESIAN_POINT ( 'NONE',  ( 0.3982251360867786194, 0.2550000000000001155, 0.3923663020614087671 ) ) ;
#1511 =( NAMED_UNIT ( * ) SI_UNIT ( $, .STERADIAN. ) SOLID_ANGLE_UNIT ( ) );
#1512 = DIRECTION ( 'NONE',  ( 0.000000000000000000, -0.000000000000000000, -1.000000000000000000 ) ) ;
#1513 = CARTESIAN_POINT ( 'NONE',  ( 0.3761127155309559322, 0.2550000000000000044, 0.3930459980255236463 ) ) ;
#1514 = FACE_OUTER_BOUND ( 'NONE', #737, .T. ) ;
#1515 =( GEOMETRIC_REPRESENTATION_CONTEXT ( 3 ) GLOBAL_UNCERTAINTY_ASSIGNED_CONTEXT ( ( #3124 ) ) GLOBAL_UNIT_ASSIGNED_CONTEXT ( ( #2479, #2455, #3158 ) ) REPRESENTATION_CONTEXT ( 'NONE', 'WORKASPACE' ) );
#1516 =( GEOMETRIC_REPRESENTATION_CONTEXT ( 3 ) GLOBAL_UNCERTAINTY_ASSIGNED_CONTEXT ( ( #1649 ) ) GLOBAL_UNIT_ASSIGNED_CONTEXT ( ( #2389, #3401, #359 ) ) REPRESENTATION_CONTEXT ( 'NONE', 'WORKASPACE' ) );
#1517 = CARTESIAN_POINT ( 'NONE',  ( 0.4781948957862315885, 0.2550000000000000600, 0.01332670222425514847 ) ) ;
#1518 = EDGE_LOOP ( 'NONE', ( #2160, #3805, #1138, #3052 ) ) ;
#1519 = CARTESIAN_POINT ( 'NONE',  ( 0.4820830765531594619, 0.2500000000000000000, 0.01736579399005554192 ) ) ;
#1520 = CARTESIAN_POINT ( 'NONE',  ( 0.4781948957862314775, 0.2500000000000000000, 0.2440959329934860034 ) ) ;
#1521 = DIRECTION ( 'NONE',  ( 0.000000000000000000, -1.000000000000000000, 0.000000000000000000 ) ) ;
#1522 = EDGE_CURVE ( 'NONE', #1113, #2185, #1168, .T. ) ;
#1523 = CARTESIAN_POINT ( 'NONE',  ( 0.5293173541190846487, 0.2550000000000000044, 0.05878637123060716924 ) ) ;
#1524 = ORIENTED_EDGE ( 'NONE', *, *, #4330, .T. ) ;
#1525 = CARTESIAN_POINT ( 'NONE',  ( 0.3579780709994244137, 0.2500000000000000000, 0.1621671690282746603 ) ) ;
#1526 = EDGE_CURVE ( 'NONE', #4003, #1588, #3926, .T. ) ;
#1527 = PRESENTATION_STYLE_ASSIGNMENT (( #2977 ) ) ;
#1528 = EDGE_CURVE ( 'NONE', #1822, #3339, #185, .T. ) ;
#1529 = CARTESIAN_POINT ( 'NONE',  ( 0.2140521054570817538, 0.2550000000000000600, 0.2825242824974674161 ) ) ;
#1530 = DIRECTION ( 'NONE',  ( 0.000000000000000000, -0.000000000000000000, -1.000000000000000000 ) ) ;
#1531 = DIRECTION ( 'NONE',  ( 0.000000000000000000, 0.000000000000000000, -1.000000000000000000 ) ) ;
#1532 = CARTESIAN_POINT ( 'NONE',  ( 0.5165343003413241929, 0.2550000000000000600, 0.3362671584683661341 ) ) ;
#1533 = CARTESIAN_POINT ( 'NONE',  ( 0.2647547241009812757, 0.2550000000000000600, 0.1057702593057242568 ) ) ;
#1534 = CARTESIAN_POINT ( 'NONE',  ( -0.6602579508131062314, 0.2550000000000000044, 1.359762003597620783 ) ) ;
#1535 = SURFACE_STYLE_USAGE ( .BOTH. , #1108 ) ;
#1536 = SURFACE_STYLE_USAGE ( .BOTH. , #1557 ) ;
#1537 = EDGE_LOOP ( 'NONE', ( #523, #1644, #3784, #872 ) ) ;
#1538 = LINE ( 'NONE', #2878, #4004 ) ;
#1539 = VERTEX_POINT ( 'NONE', #3229 ) ;
#1540 = CARTESIAN_POINT ( 'NONE',  ( 0.4955632875088742950, 0.2550000000000001155, 0.03991948423567255599 ) ) ;
#1541 = CARTESIAN_POINT ( 'NONE',  ( 0.4955632875088740175, 0.2549999999999999489, 0.2706887150049032131 ) ) ;
#1542 =( NAMED_UNIT ( * ) PLANE_ANGLE_UNIT ( ) SI_UNIT ( $, .RADIAN. ) );
#1543 = EDGE_CURVE ( 'NONE', #4379, #1319, #2847, .T. ) ;
#1544 = CARTESIAN_POINT ( 'NONE',  ( 0.3822869060884305781, 0.2550000000000000600, 0.3660667421315824677 ) ) ;
#1545 = B_SPLINE_CURVE_WITH_KNOTS ( 'NONE', 3,
 ( #3564, #3480, #2459, #2819, #4185, #3838, #1766, #4147, #117, #161, #3543, #480, #1855, #441, #1124, #503, #3859, #2507, #1790, #833, #415, #2192, #796, #3881, #3201, #1089, #815 ),
 .UNSPECIFIED., .F., .F.,
 ( 4, 1, 1, 1, 1, 1, 1, 1, 1, 1, 1, 1, 1, 1, 1, 1, 1, 1, 1, 1, 1, 1, 1, 1, 4 ),
 ( 0.000000000000000000, 0.03378811616271036600, 0.06719393237388002205, 0.09986241085682509566, 0.1325666121262583930, 0.1651511732547863709, 0.1979131873557919419, 0.2313190035669618894, 0.2650832782673731569, 0.2992553087581145133, 0.3343985665049785116, 0.3699428235093078499, 0.4062835607000607197, 0.4440638196985083330, 0.4829977068727754341, 0.5233544466133044359, 0.5655365896041492091, 0.6096129240658194615, 0.6563908113764169716, 0.7058854949364574694, 0.7583245002617312602, 0.8138317829411503279, 0.8727945590393898501, 0.9347222295400738901, 1.000000000000000000 ),
 .UNSPECIFIED. ) ;
#1546 = VERTEX_POINT ( 'NONE', #2914 ) ;
#1547 = PRESENTATION_LAYER_ASSIGNMENT (  '', '', ( #2039 ) ) ;
#1548 = DIRECTION ( 'NONE',  ( 1.000000000000000000, 0.000000000000000000, 2.409338161078901646E-16 ) ) ;
#1549 = DIRECTION ( 'NONE',  ( 0.000000000000000000, 0.000000000000000000, 1.000000000000000000 ) ) ;
#1550 = CARTESIAN_POINT ( 'NONE',  ( 0.4781948957862314775, 0.2500000000000000555, 0.2440959329934860034 ) ) ;
#1551 = ORIENTED_EDGE ( 'NONE', *, *, #1560, .F. ) ;
#1552 = CARTESIAN_POINT ( 'NONE',  ( -0.7999999999999999334, 0.000000000000000000, 1.100000000000000311 ) ) ;
#1553 = VECTOR ( 'NONE', #3901, 1000.000000000000000 ) ;
#1554 = CARTESIAN_POINT ( 'NONE',  ( 0.5251881570081580186, 0.2550000000000000600, 0.3172155748321827118 ) ) ;
#1555 = CARTESIAN_POINT ( 'NONE',  ( 0.2202767865370283407, 0.2550000000000000600, 0.02517426183241617405 ) ) ;
#1556 = CARTESIAN_POINT ( 'NONE',  ( 0.5030455441436048059, 0.2500000000000000000, 0.1226401733423991419 ) ) ;
#1557 = SURFACE_SIDE_STYLE ('',( #4298 ) ) ;
#1558 = CARTESIAN_POINT ( 'NONE',  ( 0.3947895301926683254, 0.2550000000000000600, -0.01404000543975725962 ) ) ;
#1559 = FILL_AREA_STYLE_COLOUR ( '', #1642 ) ;
#1560 = EDGE_CURVE ( 'NONE', #3189, #51, #1835, .T. ) ;
#1561 = CARTESIAN_POINT ( 'NONE',  ( 0.3499999999999999223, 0.000000000000000000, 1.100000000000000755 ) ) ;
#1562 = UNCERTAINTY_MEASURE_WITH_UNIT (LENGTH_MEASURE( 1.000000000000000082E-05 ), #1165, 'distance_accuracy_value', 'NONE');
#1563 = CARTESIAN_POINT ( 'NONE',  ( 0.4983742392490947970, 0.2550000000000000044, 0.2937352156965030714 ) ) ;
#1564 = ORIENTED_EDGE ( 'NONE', *, *, #603, .T. ) ;
#1565 = PLANE ( 'NONE',  #1018 ) ;
#1566 = FILL_AREA_STYLE ('',( #1274 ) ) ;
#1567 = PLANE ( 'NONE',  #3138 ) ;
#1568 = VECTOR ( 'NONE', #33, 1000.000000000000000 ) ;
#1569 = PRESENTATION_LAYER_ASSIGNMENT (  '', '', ( #3006 ) ) ;
#1570 = ORIENTED_EDGE ( 'NONE', *, *, #3442, .F. ) ;
#1571 = CARTESIAN_POINT ( 'NONE',  ( 0.2179895875073089573, 0.2499999999999999445, 0.2623334247527350782 ) ) ;
#1572 = MECHANICAL_DESIGN_GEOMETRIC_PRESENTATION_REPRESENTATION (  '', ( #3504 ), #3365 ) ;
#1573 = CARTESIAN_POINT ( 'NONE',  ( 0.3485403031918936634, 0.2500000000000000555, -0.01404182080356756145 ) ) ;
#1574 = CARTESIAN_POINT ( 'NONE',  ( 0.3752313441487289958, 0.2499999999999998890, 0.1353712681826856334 ) ) ;
#1575 = AXIS2_PLACEMENT_3D ( 'NONE', #3755, #2336, #668 ) ;
#1576 = FILL_AREA_STYLE_COLOUR ( '', #2141 ) ;
#1577 = CARTESIAN_POINT ( 'NONE',  ( 0.2347983456523144719, 0.2500000000000000000, 0.001558246038440029048 ) ) ;
#1578 = CARTESIAN_POINT ( 'NONE',  ( 0.5080823443267479256, 0.2499999999999999445, 0.1172017765162192277 ) ) ;
#1579 = SURFACE_STYLE_USAGE ( .BOTH. , #3950 ) ;
#1580 = CARTESIAN_POINT ( 'NONE',  ( 0.2347983456523144441, 0.2550000000000000044, 0.2323274768076707963 ) ) ;
#1581 = ORIENTED_EDGE ( 'NONE', *, *, #2607, .F. ) ;
#1582 = FACE_OUTER_BOUND ( 'NONE', #444, .T. ) ;
#1583 =( GEOMETRIC_REPRESENTATION_CONTEXT ( 3 ) GLOBAL_UNCERTAINTY_ASSIGNED_CONTEXT ( ( #888 ) ) GLOBAL_UNIT_ASSIGNED_CONTEXT ( ( #2350, #993, #299 ) ) REPRESENTATION_CONTEXT ( 'NONE', 'WORKASPACE' ) );
#1584 = FILL_AREA_STYLE_COLOUR ( '', #945 ) ;
#1585 = CARTESIAN_POINT ( 'NONE',  ( 0.4912969234374190974, 0.2499999999999999445, 0.2612926286687541344 ) ) ;
#1586 = CARTESIAN_POINT ( 'NONE',  ( 0.4685873095345626238, 0.2549999999999999489, 0.1134035747727367566 ) ) ;
#1587 = CARTESIAN_POINT ( 'NONE',  ( 0.4955568124165436461, 0.2550000000000000044, 0.3100075669647259780 ) ) ;
#1588 = VERTEX_POINT ( 'NONE', #1214 ) ;
#1589 = CARTESIAN_POINT ( 'NONE',  ( -0.7999999999999999334, -0.005000000000000000104, 0.6500000000000003553 ) ) ;
#1590 =( NAMED_UNIT ( * ) PLANE_ANGLE_UNIT ( ) SI_UNIT ( $, .RADIAN. ) );
#1591 = CARTESIAN_POINT ( 'NONE',  ( 0.2651705834403098594, 0.2499999999999999445, 0.2440350096353815779 ) ) ;
#1592 = EDGE_LOOP ( 'NONE', ( #3151, #3324, #4335, #676 ) ) ;
#1593 =( NAMED_UNIT ( * ) PLANE_ANGLE_UNIT ( ) SI_UNIT ( $, .RADIAN. ) );
#1594 = DIRECTION ( 'NONE',  ( 0.000000000000000000, -1.000000000000000000, 0.000000000000000000 ) ) ;
#1595 = LINE ( 'NONE', #4312, #3245 ) ;
#1596 = LINE ( 'NONE', #3230, #687 ) ;
#1597 = CARTESIAN_POINT ( 'NONE',  ( 0.4546658454436269814, 0.2500000000000000000, 0.1988236237364373604 ) ) ;
#1598 = CARTESIAN_POINT ( 'NONE',  ( 0.5080823443267479256, 0.2549999999999999489, 0.1172017765162192277 ) ) ;
#1599 = CARTESIAN_POINT ( 'NONE',  ( 0.3715048541190846265, 0.2550000000000000044, 0.1892551212306071706 ) ) ;
#1600 = VERTEX_POINT ( 'NONE', #4211 ) ;
#1601 = DIRECTION ( 'NONE',  ( 0.000000000000000000, -0.000000000000000000, -1.000000000000000000 ) ) ;
#1602 = CARTESIAN_POINT ( 'NONE',  ( 0.5283809216234944817, 0.2550000000000000044, 0.2756114962440249228 ) ) ;
#1603 = CARTESIAN_POINT ( 'NONE',  ( 0.3499999999999999223, -0.005000000000000000104, 1.100000000000000755 ) ) ;
#1604 = CARTESIAN_POINT ( 'NONE',  ( 0.4980261075446618113, 0.2550000000000000600, 0.2804964291373187590 ) ) ;
#1605 = LINE ( 'NONE', #4284, #358 ) ;
#1606 = UNCERTAINTY_MEASURE_WITH_UNIT (LENGTH_MEASURE( 1.000000000000000082E-05 ), #123, 'distance_accuracy_value', 'NONE');
#1607 = CARTESIAN_POINT ( 'NONE',  ( -0.3462891350418384473, 0.2500000000000000000, 1.359762003597620783 ) ) ;
#1608 = VERTEX_POINT ( 'NONE', #571 ) ;
#1609 = PRESENTATION_STYLE_ASSIGNMENT (( #2276 ) ) ;
#1610 =( NAMED_UNIT ( * ) PLANE_ANGLE_UNIT ( ) SI_UNIT ( $, .RADIAN. ) );
#1611 = B_SPLINE_SURFACE_WITH_KNOTS ( 'NONE', 3, 1, ( 
 ( #3260, #2925 ),
 ( #173, #1198 ),
 ( #1604, #221 ),
 ( #1541, #196 ),
 ( #3215, #1585 ),
 ( #2901, #1227 ),
 ( #2183, #1247 ),
 ( #4283, #1520 ),
 ( #558, #2244 ),
 ( #2518, #2552 ),
 ( #3648, #3555 ),
 ( #3932, #4219 ),
 ( #864, #3625 ),
 ( #590, #535 ),
 ( #2576, #1161 ),
 ( #3954, #886 ),
 ( #2949, #246 ),
 ( #2268, #1906 ),
 ( #3283, #3889 ),
 ( #1933, #2596 ),
 ( #826, #3978 ),
 ( #910, #2881 ),
 ( #4241, #1175 ) ),
 .UNSPECIFIED., .F., .F., .F.,
 ( 4, 1, 1, 1, 1, 1, 1, 1, 1, 1, 1, 1, 1, 1, 1, 1, 1, 1, 1, 1, 4 ),
 ( 2, 2 ),
 ( 0.000000000000000000, 0.06039823059658791515, 0.1209064923100297562, 0.1827897591261674615, 0.2475502480834727848, 0.2810447575356930794, 0.3148397785824124662, 0.3494612057941746119, 0.3848427988577221015, 0.4209593582097762576, 0.4583357953736046375, 0.4970067635577820053, 0.5374418627609195420, 0.5803510824172624094, 0.6274137617198364270, 0.6782749550092947999, 0.7339320702414470210, 0.7937070456672714602, 0.8576863130007430502, 0.9266837696490762832, 1.000000000000000000 ),
 ( 0.000000000000000000, 1.000000000000000000 ),
 .UNSPECIFIED. ) ;
#1612 = ORIENTED_EDGE ( 'NONE', *, *, #734, .F. ) ;
#1613 = CARTESIAN_POINT ( 'NONE',  ( 0.2148647792478709240, 0.2549999999999999489, 0.2756103934606785044 ) ) ;
#1614 =( NAMED_UNIT ( * ) PLANE_ANGLE_UNIT ( ) SI_UNIT ( $, .RADIAN. ) );
#1615 = PRESENTATION_STYLE_ASSIGNMENT (( #182 ) ) ;
#1616 = ADVANCED_FACE ( 'NONE', ( #2566 ), #3945, .T. ) ;
#1617 = CARTESIAN_POINT ( 'NONE',  ( 0.3082523242278371045, 0.2549999999999999489, -0.03660186503082960702 ) ) ;
#1618 = CARTESIAN_POINT ( 'NONE',  ( 0.3982251360867783974, 0.2550000000000000600, 0.1615970712921778463 ) ) ;
#1619 = CARTESIAN_POINT ( 'NONE',  ( 0.7550000000000001155, 0.000000000000000000, 1.100000000000000311 ) ) ;
#1620 = ORIENTED_EDGE ( 'NONE', *, *, #2419, .F. ) ;
#1621 = CARTESIAN_POINT ( 'NONE',  ( 0.3574562401603848527, 0.2550000000000000600, 0.1893373686248920051 ) ) ;
#1622 = EDGE_LOOP ( 'NONE', ( #30, #2117, #2516, #694 ) ) ;
#1623 = CARTESIAN_POINT ( 'NONE',  ( 0.3193298258350099617, 0.2500000000000000000, 0.1923972930076801591 ) ) ;
#1624 = AXIS2_PLACEMENT_3D ( 'NONE', #2616, #2663, #1601 ) ;
#1625 = CARTESIAN_POINT ( 'NONE',  ( 0.4618707918203606155, 0.2550000000000000044, 0.1487914417822815694 ) ) ;
#1626 = CARTESIAN_POINT ( 'NONE',  ( 0.4509163732389733781, 0.2550000000000000044, 0.3535583188963304924 ) ) ;
#1627 = ADVANCED_FACE ( 'NONE', ( #4235 ), #3370, .T. ) ;
#1628 = ORIENTED_EDGE ( 'NONE', *, *, #2976, .T. ) ;
#1629 = CARTESIAN_POINT ( 'NONE',  ( 0.3716250464267769060, 0.2500000000000000000, 0.3661781981536840758 ) ) ;
#1630 = CARTESIAN_POINT ( 'NONE',  ( 0.2451977462291358989, 0.2500000000000000555, 0.2805428867020681727 ) ) ;
#1631 = VECTOR ( 'NONE', #86, 1000.000000000000000 ) ;
#1632 = CARTESIAN_POINT ( 'NONE',  ( 0.3449037504082403949, 0.2550000000000000044, 0.3923734643136637112 ) ) ;
#1633 = CARTESIAN_POINT ( 'NONE',  ( 0.2567221737742453880, 0.2500000000000000000, 0.02307548248533856580 ) ) ;
#1634 = SURFACE_STYLE_USAGE ( .BOTH. , #1257 ) ;
#1635 = PRESENTATION_LAYER_ASSIGNMENT (  '', '', ( #3569 ) ) ;
#1636 =( GEOMETRIC_REPRESENTATION_CONTEXT ( 3 ) GLOBAL_UNCERTAINTY_ASSIGNED_CONTEXT ( ( #3446 ) ) GLOBAL_UNIT_ASSIGNED_CONTEXT ( ( #2399, #1730, #3098 ) ) REPRESENTATION_CONTEXT ( 'NONE', 'WORKASPACE' ) );
#1637 =( LENGTH_UNIT ( ) NAMED_UNIT ( * ) SI_UNIT ( .MILLI., .METRE. ) );
#1638 = CARTESIAN_POINT ( 'NONE',  ( 0.3992635981670664691, 0.2500000000000000555, 0.1899454314536185018 ) ) ;
#1639 = CARTESIAN_POINT ( 'NONE',  ( 0.3715048541190846265, 0.2550000000000000044, -0.04151410953862359754 ) ) ;
#1640 = CARTESIAN_POINT ( 'NONE',  ( 0.4106336774163577008, 0.2550000000000000044, 0.1605142733997305116 ) ) ;
#1641 = LINE ( 'NONE', #1684, #3141 ) ;
#1642 = COLOUR_RGB ( '',0.1098039215686274495, 0.1098039215686274495, 0.1098039215686274495 ) ;
#1643 = CARTESIAN_POINT ( 'NONE',  ( 0.2718723217780564805, 0.2550000000000000044, 0.2054369774203609611 ) ) ;
#1644 = ORIENTED_EDGE ( 'NONE', *, *, #3811, .F. ) ;
#1645 = CARTESIAN_POINT ( 'NONE',  ( 0.4955568124165436461, 0.2500000000000000000, 0.3100075669647259780 ) ) ;
#1646 = LINE ( 'NONE', #4041, #1915 ) ;
#1647 = CARTESIAN_POINT ( 'NONE',  ( 0.3043163308106932585, 0.2550000000000000044, 0.3575608577875803440 ) ) ;
#1648 = DIRECTION ( 'NONE',  ( 0.000000000000000000, -1.000000000000000000, 0.000000000000000000 ) ) ;
#1649 = UNCERTAINTY_MEASURE_WITH_UNIT (LENGTH_MEASURE( 1.000000000000000082E-05 ), #2389, 'distance_accuracy_value', 'NONE');
#1650 = CARTESIAN_POINT ( 'NONE',  ( 0.2404448837047402643, 0.2549999999999999489, 0.1229394759881276278 ) ) ;
#1651 = ORIENTED_EDGE ( 'NONE', *, *, #3991, .T. ) ;
#1652 = LINE ( 'NONE', #1010, #2510 ) ;
#1653 = CARTESIAN_POINT ( 'NONE',  ( 0.4985481233498538778, 0.2500000000000000000, 0.2904570443075302211 ) ) ;
#1654 = CARTESIAN_POINT ( 'NONE',  ( 0.2448389221446900244, 0.2500000000000000555, 0.06300989968022051302 ) ) ;
#1655 = EDGE_CURVE ( 'NONE', #3150, #2920, #2534, .T. ) ;
#1656 = CARTESIAN_POINT ( 'NONE',  ( 0.3669171077351536803, 0.2500000000000000555, 0.3930453559451009271 ) ) ;
#1657 = CARTESIAN_POINT ( 'NONE',  ( 0.3850919597461412991, 0.2499999999999999445, 0.3929382807792374255 ) ) ;
#1658 = CARTESIAN_POINT ( 'NONE',  ( 0.4735615350573205151, 0.2549999999999999489, 0.1098039747066065080 ) ) ;
#1659 = CARTESIAN_POINT ( 'NONE',  ( 0.2787028081634196353, 0.2549999999999999489, 0.3469420499860477181 ) ) ;
#1660 =( NAMED_UNIT ( * ) SI_UNIT ( $, .STERADIAN. ) SOLID_ANGLE_UNIT ( ) );
#1661 = CARTESIAN_POINT ( 'NONE',  ( 0.3856534860068834836, 0.2550000000000000044, -0.04143137827207549195 ) ) ;
#1662 = SURFACE_STYLE_FILL_AREA ( #644 ) ;
#1663 = VERTEX_POINT ( 'NONE', #2835 ) ;
#1664 = CARTESIAN_POINT ( 'NONE',  ( 0.5283931939521229193, 0.2549999999999999489, 0.07293195945568789473 ) ) ;
#1665 =( NAMED_UNIT ( * ) PLANE_ANGLE_UNIT ( ) SI_UNIT ( $, .RADIAN. ) );
#1666 = FILL_AREA_STYLE_COLOUR ( '', #2919 ) ;
#1667 = PRESENTATION_LAYER_ASSIGNMENT (  '', '', ( #3392 ) ) ;
#1668 = CARTESIAN_POINT ( 'NONE',  ( 0.2740795347585978092, 0.2549999999999998934, 0.2366481580739598356 ) ) ;
#1669 = ORIENTED_EDGE ( 'NONE', *, *, #1355, .T. ) ;
#1670 = CARTESIAN_POINT ( 'NONE',  ( 0.3715048541190846265, 0.2550000000000000044, 0.1892551212306071706 ) ) ;
#1671 = ADVANCED_FACE ( 'NONE', ( #1804 ), #430, .F. ) ;
#1672 = CARTESIAN_POINT ( 'NONE',  ( 0.4955568124165436461, 0.2550000000000000044, 0.3100075669647259780 ) ) ;
#1673 = CARTESIAN_POINT ( 'NONE',  ( 0.5032692303471846262, 0.2550000000000000044, -0.004007110956918948953 ) ) ;
#1674 = CARTESIAN_POINT ( 'NONE',  ( 0.2798514466872804030, 0.2550000000000000044, 0.2020203723015626118 ) ) ;
#1675 = CARTESIAN_POINT ( 'NONE',  ( 0.2478055244684747027, 0.2500000000000000555, 0.04003296568510476133 ) ) ;
#1676 = CARTESIAN_POINT ( 'NONE',  ( 0.4572685055485782302, 0.2499999999999998335, 0.1198801339335745370 ) ) ;
#1677 = FACE_OUTER_BOUND ( 'NONE', #1951, .T. ) ;
#1678 = MECHANICAL_DESIGN_GEOMETRIC_PRESENTATION_REPRESENTATION (  '', ( #3897 ), #3969 ) ;
#1679 = PRODUCT_DEFINITION_SHAPE ( 'NONE', 'NONE',  #3874 ) ;
#1680 = EDGE_CURVE ( 'NONE', #1449, #1768, #1760, .T. ) ;
#1681 = PRESENTATION_STYLE_ASSIGNMENT (( #4387 ) ) ;
#1682 = CARTESIAN_POINT ( 'NONE',  ( 0.4632751383998678363, 0.2550000000000000600, -0.02898394095471546958 ) ) ;
#1683 = MECHANICAL_DESIGN_GEOMETRIC_PRESENTATION_REPRESENTATION (  '', ( #2675 ), #1888 ) ;
#1684 = CARTESIAN_POINT ( 'NONE',  ( 0.5293173541190846487, 0.2550000000000000044, 0.05878637123060716924 ) ) ;
#1685 = ORIENTED_EDGE ( 'NONE', *, *, #3359, .T. ) ;
#1686 = ORIENTED_EDGE ( 'NONE', *, *, #4194, .T. ) ;
#1687 = CARTESIAN_POINT ( 'NONE',  ( 0.3439268052813400089, 0.2499999999999999445, 0.1899502106826983505 ) ) ;
#1688 = SURFACE_SIDE_STYLE ('',( #4415 ) ) ;
#1689 = CARTESIAN_POINT ( 'NONE',  ( 0.3127475009890209878, 0.2550000000000000044, 0.3599275812965008203 ) ) ;
#1690 = CARTESIAN_POINT ( 'NONE',  ( 0.2396637531941709365, 0.2550000000000000600, -0.003764603968715165856 ) ) ;
#1691 = PRESENTATION_STYLE_ASSIGNMENT (( #2024 ) ) ;
#1692 = CARTESIAN_POINT ( 'NONE',  ( 0.3499999999999999223, 0.000000000000000000, 1.505000000000000338 ) ) ;
#1693 = ORIENTED_EDGE ( 'NONE', *, *, #3442, .T. ) ;
#1694 = LINE ( 'NONE', #1670, #156 ) ;
#1695 = CARTESIAN_POINT ( 'NONE',  ( 0.4631644588648077820, 0.2549999999999999489, 0.3475451164375318869 ) ) ;
#1696 = DIRECTION ( 'NONE',  ( 0.000000000000000000, 0.000000000000000000, 1.000000000000000000 ) ) ;
#1697 = CARTESIAN_POINT ( 'NONE',  ( 0.4546658454436268704, 0.2499999999999997780, -0.03194560703279335223 ) ) ;
#1698 = CARTESIAN_POINT ( 'NONE',  ( 0.4848161154588461752, 0.2499999999999998890, 0.3678452316958816248 ) ) ;
#1699 = CARTESIAN_POINT ( 'NONE',  ( 0.2404448837047403476, 0.2550000000000000044, 0.3537087067573583821 ) ) ;
#1700 = CARTESIAN_POINT ( 'NONE',  ( 0.3127475009890209878, 0.2550000000000000044, 0.3599275812965008203 ) ) ;
#1701 = VECTOR ( 'NONE', #562, 1000.000000000000000 ) ;
#1702 = DIRECTION ( 'NONE',  ( -0.000000000000000000, 1.000000000000000000, -0.000000000000000000 ) ) ;
#1703 = CARTESIAN_POINT ( 'NONE',  ( 0.3404390079890803333, 0.2499999999999998890, 0.3646128802265417579 ) ) ;
#1704 =( NAMED_UNIT ( * ) SI_UNIT ( $, .STERADIAN. ) SOLID_ANGLE_UNIT ( ) );
#1705 = COLOUR_RGB ( '',0.1098039215686274495, 0.1098039215686274495, 0.1098039215686274495 ) ;
#1706 = ORIENTED_EDGE ( 'NONE', *, *, #3604, .T. ) ;
#1707 = FILL_AREA_STYLE ('',( #346 ) ) ;
#1708 = ORIENTED_EDGE ( 'NONE', *, *, #4221, .T. ) ;
#1709 = DIRECTION ( 'NONE',  ( 1.000000000000000000, 0.000000000000000000, -2.409338161078899674E-16 ) ) ;
#1710 = EDGE_CURVE ( 'NONE', #4261, #4129, #4160, .T. ) ;
#1711 = CARTESIAN_POINT ( 'NONE',  ( 0.4618707918203605045, 0.2500000000000000000, 0.3795606725515123236 ) ) ;
#1712 = FILL_AREA_STYLE_COLOUR ( '', #431 ) ;
#1713 = CARTESIAN_POINT ( 'NONE',  ( 0.2205348298325186529, 0.2550000000000000600, 0.09307380305371665274 ) ) ;
#1714 = AXIS2_PLACEMENT_3D ( 'NONE', #3198, #3814, #3159 ) ;
#1715 = CARTESIAN_POINT ( 'NONE',  ( 0.2965452994871731196, 0.2549999999999999489, 0.2252512355339210681 ) ) ;
#1716 = VERTEX_POINT ( 'NONE', #1782 ) ;
#1717 = LINE ( 'NONE', #655, #1727 ) ;
#1718 = CARTESIAN_POINT ( 'NONE',  ( 0.3822869060884305781, 0.2500000000000000555, 0.3660667421315824677 ) ) ;
#1719 = CARTESIAN_POINT ( 'NONE',  ( -0.3499999999999998668, -0.005000000000000000104, -1.550000000000000266 ) ) ;
#1720 = CARTESIAN_POINT ( 'NONE',  ( 0.5270754121658554059, 0.2550000000000000044, 0.03810595539699544038 ) ) ;
#1721 = CARTESIAN_POINT ( 'NONE',  ( 0.3574562401603848527, 0.2550000000000000600, 0.1893373686248920051 ) ) ;
#1722 = VECTOR ( 'NONE', #2231, 1000.000000000000000 ) ;
#1723 = FILL_AREA_STYLE ('',( #2326 ) ) ;
#1724 = CARTESIAN_POINT ( 'NONE',  ( 0.3209181455429897523, 0.2550000000000000600, 0.3898814200960103449 ) ) ;
#1725 = B_SPLINE_CURVE_WITH_KNOTS ( 'NONE', 3,
 ( #3161, #3117, #1425, #439, #3180, #137, #1507, #2868, #4231, #1123, #73, #47, #461, #2420, #3796, #4146, #725, #1765, #1088, #1103, #2442, #3837, #747, #2107, #3479, #2842, #1810 ),
 .UNSPECIFIED., .F., .F.,
 ( 4, 1, 1, 1, 1, 1, 1, 1, 1, 1, 1, 1, 1, 1, 1, 1, 1, 1, 1, 1, 1, 1, 1, 1, 4 ),
 ( 0.000000000000000000, 0.06505443418246396881, 0.1267559120129200523, 0.1854905136151527856, 0.2407319099066662915, 0.2929399200274550030, 0.3421407007848329962, 0.3888818632284784527, 0.4326355745586135670, 0.4744826467630678390, 0.5146234406660603611, 0.5535935061967396376, 0.5914088715710092981, 0.6280056034120586883, 0.6635828890423903781, 0.6987588027965658810, 0.7333612457672682439, 0.7673935930107674830, 0.8009689012590153201, 0.8340198941834590096, 0.8669987993126963000, 0.8997333901562398761, 0.9327110721003745164, 0.9661804870619420393, 1.000000000000000000 ),
 .UNSPECIFIED. ) ;
#1726 = CARTESIAN_POINT ( 'NONE',  ( 0.2900163870072656747, 0.2499999999999999445, 0.3525260344352220132 ) ) ;
#1727 = VECTOR ( 'NONE', #3764, 1000.000000000000000 ) ;
#1728 = CARTESIAN_POINT ( 'NONE',  ( 0.2694343435391757247, 0.2550000000000000044, 0.009429831966789549089 ) ) ;
#1729 = CARTESIAN_POINT ( 'NONE',  ( 0.4712104578500319607, 0.2550000000000000044, -0.02564222643020427558 ) ) ;
#1730 =( NAMED_UNIT ( * ) PLANE_ANGLE_UNIT ( ) SI_UNIT ( $, .RADIAN. ) );
#1731 = VERTEX_POINT ( 'NONE', #1119 ) ;
#1732 = FILL_AREA_STYLE ('',( #2090 ) ) ;
#1733 = DIRECTION ( 'NONE',  ( 1.000000000000000000, 0.000000000000000000, 0.000000000000000000 ) ) ;
#1734 = CARTESIAN_POINT ( 'NONE',  ( 0.5080823443267480366, 0.2550000000000000600, 0.3479710072854499958 ) ) ;
#1735 = CARTESIAN_POINT ( 'NONE',  ( 0.4781948957862315885, 0.2500000000000000555, 0.01332670222425514847 ) ) ;
#1736 = UNCERTAINTY_MEASURE_WITH_UNIT (LENGTH_MEASURE( 1.000000000000000082E-05 ), #1840, 'distance_accuracy_value', 'NONE');
#1737 = ORIENTED_EDGE ( 'NONE', *, *, #270, .T. ) ;
#1738 = CARTESIAN_POINT ( 'NONE',  ( 0.3716250464267769060, 0.2550000000000000044, 0.2161781981536840813 ) ) ;
#1739 = EDGE_LOOP ( 'NONE', ( #4018, #3506, #4331, #705 ) ) ;
#1740 = CARTESIAN_POINT ( 'NONE',  ( 0.2308799181315059901, 0.2549999999999999489, 0.1117024803113806086 ) ) ;
#1741 = PRESENTATION_STYLE_ASSIGNMENT (( #2143 ) ) ;
#1742 = FACE_OUTER_BOUND ( 'NONE', #1048, .T. ) ;
#1743 = DIRECTION ( 'NONE',  ( -0.000000000000000000, -1.000000000000000000, -0.000000000000000000 ) ) ;
#1744 = CARTESIAN_POINT ( 'NONE',  ( 0.3379999892286716379, 0.2500000000000000555, 0.2174345726364922404 ) ) ;
#1745 = CARTESIAN_POINT ( 'NONE',  ( 0.4820019532783511584, 0.2549999999999999489, 0.1017929471378034301 ) ) ;
#1746 = CARTESIAN_POINT ( 'NONE',  ( 0.3308013193309962685, 0.2500000000000001110, 0.3634683325781973284 ) ) ;
#1747 = CARTESIAN_POINT ( 'NONE',  ( 0.2216250464267769393, 0.2550000000000000044, -0.1799756480001621362 ) ) ;
#1748 = ADVANCED_FACE ( 'NONE', ( #110 ), #3557, .T. ) ;
#1749 = CARTESIAN_POINT ( 'NONE',  ( 0.3715048541190846265, 0.2550000000000000044, 0.1892551212306071706 ) ) ;
#1750 = VECTOR ( 'NONE', #120, 1000.000000000000000 ) ;
#1751 = B_SPLINE_CURVE_WITH_KNOTS ( 'NONE', 3,
 ( #4044, #2386, #4090, #2048, #3058, #961, #2647, #3398, #650, #1029, #3358, #3037, #691, #2342, #289, #1650, #1344, #353, #3379, #332, #1713, #3085, #13, #4397, #984, #2742, #1389 ),
 .UNSPECIFIED., .F., .F.,
 ( 4, 1, 1, 1, 1, 1, 1, 1, 1, 1, 1, 1, 1, 1, 1, 1, 1, 1, 1, 1, 1, 1, 1, 1, 4 ),
 ( 0.000000000000000000, 0.06505443418246398268, 0.1267559120129200800, 0.1854905136151528133, 0.2407319099066663470, 0.2929399200274550585, 0.3421407007848330517, 0.3888818632284785637, 0.4326355745586137891, 0.4744826467630680056, 0.5146234406660605831, 0.5535935061967397486, 0.5914088715710094091, 0.6280056034120587993, 0.6635828890423903781, 0.6987588027965658810, 0.7333612457672681328, 0.7673935930107674830, 0.8009689012590152091, 0.8340198941834591206, 0.8669987993126963000, 0.8997333901562397651, 0.9327110721003746274, 0.9661804870619420393, 1.000000000000000000 ),
 .UNSPECIFIED. ) ;
#1752 = ORIENTED_EDGE ( 'NONE', *, *, #2599, .T. ) ;
#1753 = ORIENTED_EDGE ( 'NONE', *, *, #1412, .F. ) ;
#1754 = DIRECTION ( 'NONE',  ( 0.000000000000000000, -1.000000000000000000, 0.000000000000000000 ) ) ;
#1755 = CARTESIAN_POINT ( 'NONE',  ( 0.4530518220437342314, 0.2500000000000000000, -0.002907731225813562064 ) ) ;
#1756 = CARTESIAN_POINT ( 'NONE',  ( 0.7999999999999999334, -0.005000000000000000104, 1.100000000000000311 ) ) ;
#1757 = ORIENTED_EDGE ( 'NONE', *, *, #2800, .T. ) ;
#1758 = LINE ( 'NONE', #2474, #2071 ) ;
#1759 = CARTESIAN_POINT ( 'NONE',  ( 0.2841510289005064194, 0.2550000000000000044, 0.1190925167335490364 ) ) ;
#1760 = LINE ( 'NONE', #1478, #1631 ) ;
#1761 = DIRECTION ( 'NONE',  ( -0.000000000000000000, -1.000000000000000000, -0.000000000000000000 ) ) ;
#1762 = CARTESIAN_POINT ( 'NONE',  ( 0.2740795347585978092, 0.2549999999999998934, 0.2366481580739598356 ) ) ;
#1763 = CARTESIAN_POINT ( 'NONE',  ( 0.2396637531941709365, 0.2500000000000000555, -0.003764603968715165856 ) ) ;
#1764 = CARTESIAN_POINT ( 'NONE',  ( 0.3716250464267769060, 0.2500000000000000000, 0.3661781981536840758 ) ) ;
#1765 = CARTESIAN_POINT ( 'NONE',  ( 0.2308799181315061289, 0.2500000000000000555, 0.3424717110806114739 ) ) ;
#1766 = CARTESIAN_POINT ( 'NONE',  ( 0.5228570990087788584, 0.2500000000000000000, 0.09297134290304688575 ) ) ;
#1767 = DIRECTION ( 'NONE',  ( 1.000000000000000000, 0.000000000000000000, -1.070816960479510155E-15 ) ) ;
#1768 = VERTEX_POINT ( 'NONE', #3934 ) ;
#1769 = SURFACE_SIDE_STYLE ('',( #2511 ) ) ;
#1770 = PRESENTATION_LAYER_ASSIGNMENT (  '', '', ( #3567 ) ) ;
#1771 = CARTESIAN_POINT ( 'NONE',  ( -0.7500000000000002220, -0.2500000000000000000, 1.500000000000000222 ) ) ;
#1772 = MECHANICAL_DESIGN_GEOMETRIC_PRESENTATION_REPRESENTATION (  '', ( #2065 ), #280 ) ;
#1773 = CARTESIAN_POINT ( 'NONE',  ( 0.4053541445208640459, 0.2499999999999999445, -0.01335190231865579676 ) ) ;
#1774 =( GEOMETRIC_REPRESENTATION_CONTEXT ( 3 ) GLOBAL_UNCERTAINTY_ASSIGNED_CONTEXT ( ( #2094 ) ) GLOBAL_UNIT_ASSIGNED_CONTEXT ( ( #3657, #545, #4338 ) ) REPRESENTATION_CONTEXT ( 'NONE', 'WORKASPACE' ) );
#1775 = ORIENTED_EDGE ( 'NONE', *, *, #1336, .T. ) ;
#1776 = FILL_AREA_STYLE_COLOUR ( '', #4428 ) ;
#1777 = EDGE_LOOP ( 'NONE', ( #4112, #100, #3060, #4373 ) ) ;
#1778 = CLOSED_SHELL ( 'NONE', ( #4339, #3439, #3402, #4128, #3165, #4317 ) ) ;
#1779 = CARTESIAN_POINT ( 'NONE',  ( 0.2149433202734679083, 0.2550000000000000600, 0.07294640038358653211 ) ) ;
#1780 =( LENGTH_UNIT ( ) NAMED_UNIT ( * ) SI_UNIT ( .MILLI., .METRE. ) );
#1781 = SURFACE_STYLE_USAGE ( .BOTH. , #1162 ) ;
#1782 = CARTESIAN_POINT ( 'NONE',  ( 0.7999999999999999334, 0.000000000000000000, 0.6500000000000007994 ) ) ;
#1783 = PRESENTATION_LAYER_ASSIGNMENT (  '', '', ( #3147 ) ) ;
#1784 = CARTESIAN_POINT ( 'NONE',  ( 0.2181160411711690061, 0.2500000000000001110, 0.3173061713101225645 ) ) ;
#1785 = CARTESIAN_POINT ( 'NONE',  ( 0.2478055244684747027, 0.2500000000000000555, 0.2708021964543356197 ) ) ;
#1786 = PLANE ( 'NONE',  #1714 ) ;
#1787 = CARTESIAN_POINT ( 'NONE',  ( 0.3504766980390016662, 0.2500000000000000000, 0.3655341213651056020 ) ) ;
#1788 = COLOUR_RGB ( '',0.1098039215686274495, 0.1098039215686274495, 0.1098039215686274495 ) ;
#1789 = FILL_AREA_STYLE_COLOUR ( '', #2601 ) ;
#1790 = CARTESIAN_POINT ( 'NONE',  ( 0.4530196210655035305, 0.2499999999999999445, 0.1519531835027881361 ) ) ;
#1791 = DIRECTION ( 'NONE',  ( 1.070816960479510155E-15, 0.000000000000000000, 1.000000000000000000 ) ) ;
#1792 = COLOUR_RGB ( '',0.1098039215686274495, 0.1098039215686274495, 0.1098039215686274495 ) ;
#1793 = EDGE_LOOP ( 'NONE', ( #2831, #1916, #3621, #881 ) ) ;
#1794 = CARTESIAN_POINT ( 'NONE',  ( 0.3499999999999999223, -0.005000000000000000104, 0.6500000000000007994 ) ) ;
#1795 = ORIENTED_EDGE ( 'NONE', *, *, #304, .T. ) ;
#1796 = CARTESIAN_POINT ( 'NONE',  ( 0.2148647792478711183, 0.2500000000000001110, 0.04484116269144788197 ) ) ;
#1797 = DIRECTION ( 'NONE',  ( 0.000000000000000000, 0.000000000000000000, 1.000000000000000000 ) ) ;
#1798 = ORIENTED_EDGE ( 'NONE', *, *, #3613, .T. ) ;
#1799 = CARTESIAN_POINT ( 'NONE',  ( -0.6602579508131062314, 0.2500000000000000000, -1.359762003597620783 ) ) ;
#1800 = EDGE_LOOP ( 'NONE', ( #2134, #1982, #1651, #3554, #3994, #176, #1472, #566, #1130, #1693, #1479, #1941 ) ) ;
#1801 = CARTESIAN_POINT ( 'NONE',  ( 0.2139674348922808722, 0.2499999999999998335, 0.06117309484039811646 ) ) ;
#1802 = CARTESIAN_POINT ( 'NONE',  ( 0.5293173541190847597, 0.2500000000000001110, 0.2895556019998379860 ) ) ;
#1803 = PRESENTATION_STYLE_ASSIGNMENT (( #1781 ) ) ;
#1804 = FACE_OUTER_BOUND ( 'NONE', #1800, .T. ) ;
#1805 = EDGE_CURVE ( 'NONE', #2400, #593, #2206, .T. ) ;
#1806 = CARTESIAN_POINT ( 'NONE',  ( 0.2205348298325185974, 0.2500000000000001110, 0.3238430338229474348 ) ) ;
#1807 = CARTESIAN_POINT ( 'NONE',  ( 0.2613068582814646046, 0.2500000000000000000, 0.2481492524766699681 ) ) ;
#1808 = CARTESIAN_POINT ( 'NONE',  ( 0.2451173818072016897, 0.2500000000000000555, -0.008703528583049190831 ) ) ;
#1809 = CARTESIAN_POINT ( 'NONE',  ( 0.3404390079890803333, 0.2499999999999998890, 0.3646128802265417579 ) ) ;
#1810 = CARTESIAN_POINT ( 'NONE',  ( 0.2139327387344692466, 0.2500000000000000000, 0.2895556019998379305 ) ) ;
#1811 = CARTESIAN_POINT ( 'NONE',  ( 0.3716250464267769060, 0.2500000000000000000, 0.3661781981536840758 ) ) ;
#1812 = LINE ( 'NONE', #2820, #2352 ) ;
#1813 = CARTESIAN_POINT ( 'NONE',  ( 0.3761127155309559322, 0.2500000000000000555, 0.3930459980255236463 ) ) ;
#1814 = FILL_AREA_STYLE_COLOUR ( '', #1073 ) ;
#1815 = EDGE_CURVE ( 'NONE', #3940, #1843, #248, .T. ) ;
#1816 =( NAMED_UNIT ( * ) PLANE_ANGLE_UNIT ( ) SI_UNIT ( $, .RADIAN. ) );
#1817 = CARTESIAN_POINT ( 'NONE',  ( 0.5199353461137071752, 0.2549999999999999489, 0.3300779800419048615 ) ) ;
#1818 = LINE ( 'NONE', #3186, #3268 ) ;
#1819 =( NAMED_UNIT ( * ) PLANE_ANGLE_UNIT ( ) SI_UNIT ( $, .RADIAN. ) );
#1820 =( GEOMETRIC_REPRESENTATION_CONTEXT ( 3 ) GLOBAL_UNCERTAINTY_ASSIGNED_CONTEXT ( ( #591 ) ) GLOBAL_UNIT_ASSIGNED_CONTEXT ( ( #2019, #395, #1339 ) ) REPRESENTATION_CONTEXT ( 'NONE', 'WORKASPACE' ) );
#1821 = CARTESIAN_POINT ( 'NONE',  ( -0.8000000000000001554, 0.2500000000000000000, -1.549999999999999822 ) ) ;
#1822 = VERTEX_POINT ( 'NONE', #592 ) ;
#1823 = CARTESIAN_POINT ( 'NONE',  ( 0.3609219576591826684, 0.2549999999999999489, 0.1353075209049540151 ) ) ;
#1824 = DIRECTION ( 'NONE',  ( 0.000000000000000000, 0.000000000000000000, -1.000000000000000000 ) ) ;
#1825 =( NAMED_UNIT ( * ) PLANE_ANGLE_UNIT ( ) SI_UNIT ( $, .RADIAN. ) );
#1826 = EDGE_CURVE ( 'NONE', #3376, #1042, #957, .T. ) ;
#1827 = LINE ( 'NONE', #1953, #908 ) ;
#1828 = CARTESIAN_POINT ( 'NONE',  ( 0.3485403031918935524, 0.2499999999999999445, 0.2167274099656631980 ) ) ;
#1829 = CARTESIAN_POINT ( 'NONE',  ( -0.7500000000000002220, 0.000000000000000000, -1.500000000000000000 ) ) ;
#1830 = CARTESIAN_POINT ( 'NONE',  ( 0.2477524364455134798, 0.2550000000000000044, 0.3101136263062266862 ) ) ;
#1831 = CARTESIAN_POINT ( 'NONE',  ( 0.7550000000000001155, 0.000000000000000000, 1.100000000000000311 ) ) ;
#1832 = AXIS2_PLACEMENT_3D ( 'NONE', #4349, #3015, #1244 ) ;
#1833 = CARTESIAN_POINT ( 'NONE',  ( -0.7550000000000002265, -0.2550000000000000044, 1.100000000000000089 ) ) ;
#1834 = CARTESIAN_POINT ( 'NONE',  ( 0.4777203346176339127, 0.2500000000000001665, 0.3720943830303474198 ) ) ;
#1835 = LINE ( 'NONE', #4269, #2620 ) ;
#1836 = DIRECTION ( 'NONE',  ( -0.000000000000000000, 1.000000000000000000, -0.000000000000000000 ) ) ;
#1837 = CARTESIAN_POINT ( 'NONE',  ( 0.4974784253491482677, 0.2550000000000000044, 0.3585254400456976409 ) ) ;
#1838 = PLANE ( 'NONE',  #2333 ) ;
#1839 = EDGE_CURVE ( 'NONE', #3257, #4421, #1958, .T. ) ;
#1840 =( LENGTH_UNIT ( ) NAMED_UNIT ( * ) SI_UNIT ( .MILLI., .METRE. ) );
#1841 = EDGE_CURVE ( 'NONE', #979, #1065, #529, .T. ) ;
#1842 = CARTESIAN_POINT ( 'NONE',  ( 0.4983742236826438909, 0.2549999999999999489, 0.05636962346420985176 ) ) ;
#1843 = VERTEX_POINT ( 'NONE', #3422 ) ;
#1844 = EDGE_CURVE ( 'NONE', #1843, #3189, #1980, .T. ) ;
#1845 = SURFACE_STYLE_USAGE ( .BOTH. , #4303 ) ;
#1846 = AXIS2_PLACEMENT_3D ( 'NONE', #774, #2803, #2064 ) ;
#1847 = CARTESIAN_POINT ( 'NONE',  ( 0.4912568901640653185, 0.2549999999999999489, 0.08856796319470792989 ) ) ;
#1848 =( NAMED_UNIT ( * ) SI_UNIT ( $, .STERADIAN. ) SOLID_ANGLE_UNIT ( ) );
#1849 = PRESENTATION_LAYER_ASSIGNMENT (  '', '', ( #2065 ) ) ;
#1850 = ORIENTED_EDGE ( 'NONE', *, *, #2471, .F. ) ;
#1851 =( NAMED_UNIT ( * ) SI_UNIT ( $, .STERADIAN. ) SOLID_ANGLE_UNIT ( ) );
#1852 = CARTESIAN_POINT ( 'NONE',  ( 0.3716250464267769060, 0.2550000000000000044, 0.3661781981536840758 ) ) ;
#1853 = CARTESIAN_POINT ( 'NONE',  ( 0.2736565952342382424, 0.2550000000000000044, 0.3437312720710575253 ) ) ;
#1854 =( NAMED_UNIT ( * ) PLANE_ANGLE_UNIT ( ) SI_UNIT ( $, .RADIAN. ) );
#1855 = CARTESIAN_POINT ( 'NONE',  ( 0.4974784253491483788, 0.2500000000000000555, 0.1277562092764668589 ) ) ;
#1856 = CARTESIAN_POINT ( 'NONE',  ( 0.2647547241009812757, 0.2500000000000000555, 0.1057702593057242568 ) ) ;
#1857 = CARTESIAN_POINT ( 'NONE',  ( 0.5291923890265178843, 0.2500000000000000555, 0.2966863009181258115 ) ) ;
#1858 = CARTESIAN_POINT ( 'NONE',  ( 0.2216250464267769393, 0.2550000000000000044, -0.1799756480001621362 ) ) ;
#1859 = CARTESIAN_POINT ( 'NONE',  ( 0.7500000000000001110, 0.000000000000000000, -1.500000000000000000 ) ) ;
#1860 = EDGE_CURVE ( 'NONE', #1881, #2274, #1751, .T. ) ;
#1861 = CARTESIAN_POINT ( 'NONE',  ( -0.7550000000000002265, 0.000000000000000000, 0.6500000000000007994 ) ) ;
#1862 = UNCERTAINTY_MEASURE_WITH_UNIT (LENGTH_MEASURE( 1.000000000000000082E-05 ), #397, 'distance_accuracy_value', 'NONE');
#1863 = VERTEX_POINT ( 'NONE', #4109 ) ;
#1864 = DIRECTION ( 'NONE',  ( 0.000000000000000000, 0.000000000000000000, 1.000000000000000000 ) ) ;
#1865 = VERTEX_POINT ( 'NONE', #2318 ) ;
#1866 = CARTESIAN_POINT ( 'NONE',  ( 0.4865542860580310824, 0.2500000000000000555, 0.02308575601190687374 ) ) ;
#1867 = CARTESIAN_POINT ( 'NONE',  ( 0.4955568124165435351, 0.2549999999999999489, 0.07923833619549520979 ) ) ;
#1868 = CARTESIAN_POINT ( 'NONE',  ( 0.4632751383998678363, 0.2500000000000000555, -0.02898394095471546958 ) ) ;
#1869 = ORIENTED_EDGE ( 'NONE', *, *, #3303, .T. ) ;
#1870 = FACE_OUTER_BOUND ( 'NONE', #3645, .T. ) ;
#1871 = CARTESIAN_POINT ( 'NONE',  ( 0.3947895301926684364, 0.2500000000000000555, 0.2167292253294735849 ) ) ;
#1872 = ORIENTED_EDGE ( 'NONE', *, *, #4362, .T. ) ;
#1873 = SURFACE_STYLE_USAGE ( .BOTH. , #3315 ) ;
#1874 = LINE ( 'NONE', #4366, #2101 ) ;
#1875 = CARTESIAN_POINT ( 'NONE',  ( 0.2564453260069082807, 0.2549999999999999489, 0.09613601356795135888 ) ) ;
#1876 = EDGE_CURVE ( 'NONE', #423, #3627, #4025, .T. ) ;
#1877 = CARTESIAN_POINT ( 'NONE',  ( 0.4530196210655036970, 0.2550000000000000044, 0.3827224142720188627 ) ) ;
#1878 = CARTESIAN_POINT ( 'NONE',  ( 0.2451173818072016897, 0.2500000000000000555, -0.008703528583049190831 ) ) ;
#1879 = CARTESIAN_POINT ( 'NONE',  ( 0.5199353461137072863, 0.2550000000000000044, 0.09930874927267417662 ) ) ;
#1880 = CARTESIAN_POINT ( 'NONE',  ( 0.5216250464267768727, 0.2550000000000000044, -0.1530525710770851977 ) ) ;
#1881 = VERTEX_POINT ( 'NONE', #627 ) ;
#1882 = CARTESIAN_POINT ( 'NONE',  ( 0.5251901946821933009, 0.2550000000000000044, 0.2623134392057472897 ) ) ;
#1883 = CARTESIAN_POINT ( 'NONE',  ( 0.4053541445208640459, 0.2549999999999999489, -0.01335190231865579676 ) ) ;
#1884 = CARTESIAN_POINT ( 'NONE',  ( 0.3752313441487289958, 0.2550000000000000600, 0.1353712681826856334 ) ) ;
#1885 = CARTESIAN_POINT ( 'NONE',  ( 0.4854884286703768370, 0.2500000000000000000, -0.01792888326302108370 ) ) ;
#1886 = STYLED_ITEM ( 'NONE', ( #776 ), #3461 ) ;
#1887 = ORIENTED_EDGE ( 'NONE', *, *, #4221, .F. ) ;
#1888 =( GEOMETRIC_REPRESENTATION_CONTEXT ( 3 ) GLOBAL_UNCERTAINTY_ASSIGNED_CONTEXT ( ( #1156 ) ) GLOBAL_UNIT_ASSIGNED_CONTEXT ( ( #3066, #660, #3699 ) ) REPRESENTATION_CONTEXT ( 'NONE', 'WORKASPACE' ) );
#1889 = DIRECTION ( 'NONE',  ( 0.000000000000000000, 0.000000000000000000, 1.000000000000000000 ) ) ;
#1890 = CARTESIAN_POINT ( 'NONE',  ( 0.2448670368211717796, 0.2500000000000000555, 0.2871561563937485295 ) ) ;
#1891 = ORIENTED_EDGE ( 'NONE', *, *, #253, .T. ) ;
#1892 = DIRECTION ( 'NONE',  ( 1.000000000000000000, 0.000000000000000000, 0.000000000000000000 ) ) ;
#1893 = FILL_AREA_STYLE_COLOUR ( '', #433 ) ;
#1894 = FILL_AREA_STYLE ('',( #3658 ) ) ;
#1895 = EDGE_CURVE ( 'NONE', #2808, #3339, #3019, .T. ) ;
#1896 = CARTESIAN_POINT ( 'NONE',  ( 0.2517355398281143630, 0.2550000000000000044, 0.08875841868690412251 ) ) ;
#1897 = DIRECTION ( 'NONE',  ( 0.000000000000000000, 0.000000000000000000, 1.000000000000000000 ) ) ;
#1898 = CARTESIAN_POINT ( 'NONE',  ( 0.5293173541190847597, 0.2550000000000000600, 0.2895556019998379860 ) ) ;
#1899 = CARTESIAN_POINT ( 'NONE',  ( 0.2798514466872804030, 0.2550000000000000044, -0.02874885846766815634 ) ) ;
#1900 = CARTESIAN_POINT ( 'NONE',  ( 0.4332762827193807897, 0.2499999999999999445, 0.1571084875468378717 ) ) ;
#1901 = FILL_AREA_STYLE ('',( #578 ) ) ;
#1902 = CARTESIAN_POINT ( 'NONE',  ( 0.2179895875073089573, 0.2550000000000000044, 0.2623334247527350782 ) ) ;
#1903 = ORIENTED_EDGE ( 'NONE', *, *, #1189, .F. ) ;
#1904 = CARTESIAN_POINT ( 'NONE',  ( 0.4735615350573204596, 0.2499999999999999445, 0.3405732054758373040 ) ) ;
#1905 = CARTESIAN_POINT ( 'NONE',  ( 0.4739182371157081852, 0.2550000000000000600, 0.009550571979270752049 ) ) ;
#1906 = CARTESIAN_POINT ( 'NONE',  ( 0.4151593434850236464, 0.2500000000000000000, 0.2184265209785842821 ) ) ;
#1907 = SURFACE_SIDE_STYLE ('',( #2434 ) ) ;
#1908 = UNCERTAINTY_MEASURE_WITH_UNIT (LENGTH_MEASURE( 1.000000000000000082E-05 ), #1086, 'distance_accuracy_value', 'NONE');
#1909 = CARTESIAN_POINT ( 'NONE',  ( 0.3926091995954577585, 0.2549999999999998379, 0.3655821531482645881 ) ) ;
#1910 = ORIENTED_EDGE ( 'NONE', *, *, #2281, .T. ) ;
#1911 = VECTOR ( 'NONE', #3694, 1000.000000000000000 ) ;
#1912 = LINE ( 'NONE', #3290, #6 ) ;
#1913 = CARTESIAN_POINT ( 'NONE',  ( 0.3485403031918935524, 0.2499999999999999445, 0.2167274099656631980 ) ) ;
#1914 = STYLED_ITEM ( 'NONE', ( #3746 ), #736 ) ;
#1915 = VECTOR ( 'NONE', #1321, 1000.000000000000000 ) ;
#1916 = ORIENTED_EDGE ( 'NONE', *, *, #3534, .F. ) ;
#1917 = PRESENTATION_LAYER_ASSIGNMENT (  '', '', ( #1436 ) ) ;
#1918 =( GEOMETRIC_REPRESENTATION_CONTEXT ( 3 ) GLOBAL_UNCERTAINTY_ASSIGNED_CONTEXT ( ( #4328 ) ) GLOBAL_UNIT_ASSIGNED_CONTEXT ( ( #4315, #3637, #2260 ) ) REPRESENTATION_CONTEXT ( 'NONE', 'WORKASPACE' ) );
#1919 = CARTESIAN_POINT ( 'NONE',  ( 0.2694343435391757247, 0.2500000000000000000, 0.009429831966789549089 ) ) ;
#1920 = DIRECTION ( 'NONE',  ( 0.000000000000000000, 0.000000000000000000, 1.000000000000000000 ) ) ;
#1921 = DIRECTION ( 'NONE',  ( -1.000000000000000000, 0.000000000000000000, -0.000000000000000000 ) ) ;
#1922 =( GEOMETRIC_REPRESENTATION_CONTEXT ( 3 ) GLOBAL_UNCERTAINTY_ASSIGNED_CONTEXT ( ( #1908 ) ) GLOBAL_UNIT_ASSIGNED_CONTEXT ( ( #1086, #2865, #790 ) ) REPRESENTATION_CONTEXT ( 'NONE', 'WORKASPACE' ) );
#1923 = CARTESIAN_POINT ( 'NONE',  ( 0.4239581713153414144, 0.2550000000000000600, -0.03843128071960034975 ) ) ;
#1924 = CARTESIAN_POINT ( 'NONE',  ( 0.4712104578500320717, 0.2550000000000001155, 0.2051270043390265585 ) ) ;
#1925 = APPLICATION_PROTOCOL_DEFINITION ( 'draft international standard', 'automotive_design', 1998, #3327 ) ;
#1926 = CARTESIAN_POINT ( 'NONE',  ( 0.4618707918203606155, 0.2500000000000000000, 0.1487914417822815694 ) ) ;
#1927 = VERTEX_POINT ( 'NONE', #4378 ) ;
#1928 = CARTESIAN_POINT ( 'NONE',  ( 0.4912568901640653185, 0.2499999999999999445, 0.08856796319470792989 ) ) ;
#1929 = MECHANICAL_DESIGN_GEOMETRIC_PRESENTATION_REPRESENTATION (  '', ( #1230 ), #663 ) ;
#1930 = ORIENTED_EDGE ( 'NONE', *, *, #3993, .F. ) ;
#1931 = CARTESIAN_POINT ( 'NONE',  ( 0.3716250464267769060, 0.2500000000000000000, 0.3661781981536840758 ) ) ;
#1932 = CARTESIAN_POINT ( 'NONE',  ( 0.4399940167706365979, 0.2550000000000000044, -0.007567105796904689992 ) ) ;
#1933 = CARTESIAN_POINT ( 'NONE',  ( 0.3947895301926684364, 0.2550000000000000600, 0.2167292253294735849 ) ) ;
#1934 = CARTESIAN_POINT ( 'NONE',  ( 0.5216250464267768727, 0.2550000000000000044, -0.1530525710770851977 ) ) ;
#1935 = CARTESIAN_POINT ( 'NONE',  ( 0.4024302860308482943, 0.2550000000000001710, 0.3648034589245821580 ) ) ;
#1936 = EDGE_LOOP ( 'NONE', ( #409, #1302, #3418, #4217 ) ) ;
#1937 = EDGE_CURVE ( 'NONE', #3483, #3599, #1323, .T. ) ;
#1938 = FACE_OUTER_BOUND ( 'NONE', #372, .T. ) ;
#1939 = SURFACE_STYLE_FILL_AREA ( #1566 ) ;
#1940 = CARTESIAN_POINT ( 'NONE',  ( 0.2478055244684747027, 0.2500000000000000555, 0.2708021964543356197 ) ) ;
#1941 = ORIENTED_EDGE ( 'NONE', *, *, #422, .T. ) ;
#1942 =( NAMED_UNIT ( * ) SI_UNIT ( $, .STERADIAN. ) SOLID_ANGLE_UNIT ( ) );
#1943 = FILL_AREA_STYLE_COLOUR ( '', #2133 ) ;
#1944 = PRESENTATION_STYLE_ASSIGNMENT (( #599 ) ) ;
#1945 = MECHANICAL_DESIGN_GEOMETRIC_PRESENTATION_REPRESENTATION (  '', ( #2657 ), #385 ) ;
#1946 = MECHANICAL_DESIGN_GEOMETRIC_PRESENTATION_REPRESENTATION (  '', ( #2658 ), #3443 ) ;
#1947 = PRESENTATION_STYLE_ASSIGNMENT (( #2608 ) ) ;
#1948 = CARTESIAN_POINT ( 'NONE',  ( 0.3763132016404040492, 0.2549999999999999489, 0.1892832370713185830 ) ) ;
#1949 = CARTESIAN_POINT ( 'NONE',  ( -0.3499999999999999778, -0.2550000000000000044, 1.100000000000000311 ) ) ;
#1950 = ADVANCED_FACE ( 'NONE', ( #310 ), #2673, .T. ) ;
#1951 = EDGE_LOOP ( 'NONE', ( #2494, #3277, #474, #2788 ) ) ;
#1952 = CARTESIAN_POINT ( 'NONE',  ( 0.4440743866994874001, 0.2499999999999999445, 0.1254223403873381271 ) ) ;
#1953 = CARTESIAN_POINT ( 'NONE',  ( -0.8000000000000001554, 0.000000000000000000, 1.550000000000000266 ) ) ;
#1954 =( LENGTH_UNIT ( ) NAMED_UNIT ( * ) SI_UNIT ( .MILLI., .METRE. ) );
#1955 = CARTESIAN_POINT ( 'NONE',  ( 0.4435254987353815515, 0.2550000000000000600, 0.1548045759547006517 ) ) ;
#1956 = CARTESIAN_POINT ( 'NONE',  ( 0.2179895875073089573, 0.2550000000000000044, 0.03156419398350435862 ) ) ;
#1957 = UNCERTAINTY_MEASURE_WITH_UNIT (LENGTH_MEASURE( 1.000000000000000082E-05 ), #2934, 'distance_accuracy_value', 'NONE');
#1958 = LINE ( 'NONE', #608, #2846 ) ;
#1959 = ORIENTED_EDGE ( 'NONE', *, *, #2794, .T. ) ;
#1960 = B_SPLINE_CURVE_WITH_KNOTS ( 'NONE', 3,
 ( #413, #478, #1505, #850, #2935, #251, #2229, #1550, #1962, #4262, #4007, #178, #565, #3608, #1182, #541, #916, #2277, #944, #1871, #3247, #2252, #3653 ),
 .UNSPECIFIED., .F., .F.,
 ( 4, 1, 1, 1, 1, 1, 1, 1, 1, 1, 1, 1, 1, 1, 1, 1, 1, 1, 1, 1, 4 ),
 ( 0.000000000000000000, 0.06039823059658791515, 0.1209064923100297562, 0.1827897591261674615, 0.2475502480834727848, 0.2810447575356930794, 0.3148397785824124662, 0.3494612057941746119, 0.3848427988577221015, 0.4209593582097762576, 0.4583357953736046375, 0.4970067635577820053, 0.5374418627609195420, 0.5803510824172624094, 0.6274137617198364270, 0.6782749550092947999, 0.7339320702414470210, 0.7937070456672714602, 0.8576863130007430502, 0.9266837696490762832, 1.000000000000000000 ),
 .UNSPECIFIED. ) ;
#1961 = CARTESIAN_POINT ( 'NONE',  ( 0.2521063102726365801, 0.2499999999999999445, 0.1328937672189482166 ) ) ;
#1962 = CARTESIAN_POINT ( 'NONE',  ( 0.4739182371157079632, 0.2500000000000000000, 0.2403198027485014820 ) ) ;
#1963 = EDGE_CURVE ( 'NONE', #281, #3108, #2929, .T. ) ;
#1964 = VECTOR ( 'NONE', #3923, 1000.000000000000000 ) ;
#1965 = VERTEX_POINT ( 'NONE', #2357 ) ;
#1966 = CARTESIAN_POINT ( 'NONE',  ( 0.2979735486261178568, 0.2499999999999999445, 0.1963683870467829162 ) ) ;
#1967 =( NAMED_UNIT ( * ) PLANE_ANGLE_UNIT ( ) SI_UNIT ( $, .RADIAN. ) );
#1968 = CARTESIAN_POINT ( 'NONE',  ( 0.3499999999999999223, -0.2550000000000000044, -1.505000000000000115 ) ) ;
#1969 = CARTESIAN_POINT ( 'NONE',  ( 0.2447019695037000453, 0.2500000000000000000, 0.05968781353829947373 ) ) ;
#1970 = CARTESIAN_POINT ( 'NONE',  ( 0.2347983456523144719, 0.2550000000000000044, 0.001558246038440029048 ) ) ;
#1971 = CARTESIAN_POINT ( 'NONE',  ( 0.5125379680007563499, 0.2500000000000000000, 0.1114405237722697339 ) ) ;
#1972 =( LENGTH_UNIT ( ) NAMED_UNIT ( * ) SI_UNIT ( .MILLI., .METRE. ) );
#1973 = ORIENTED_EDGE ( 'NONE', *, *, #1366, .T. ) ;
#1974 = CARTESIAN_POINT ( 'NONE',  ( 0.2139327387344692466, 0.2550000000000000044, 0.2895556019998379305 ) ) ;
#1975 = EDGE_CURVE ( 'NONE', #2580, #81, #1112, .T. ) ;
#1976 = ORIENTED_EDGE ( 'NONE', *, *, #2957, .T. ) ;
#1977 = CARTESIAN_POINT ( 'NONE',  ( 0.4779873555264082530, 0.2500000000000000555, 0.3366511222268447345 ) ) ;
#1978 = CARTESIAN_POINT ( 'NONE',  ( 0.3404390079890804444, 0.2500000000000000000, 0.1338436494573111146 ) ) ;
#1979 = CARTESIAN_POINT ( 'NONE',  ( 0.3082523242278371045, 0.2549999999999999489, -0.03660186503082960702 ) ) ;
#1980 = LINE ( 'NONE', #3761, #2273 ) ;
#1981 = EDGE_CURVE ( 'NONE', #563, #2222, #3575, .T. ) ;
#1982 = ORIENTED_EDGE ( 'NONE', *, *, #1397, .T. ) ;
#1983 = EDGE_CURVE ( 'NONE', #1065, #753, #1545, .T. ) ;
#1984 = SURFACE_STYLE_USAGE ( .BOTH. , #4093 ) ;
#1985 = SURFACE_STYLE_FILL_AREA ( #315 ) ;
#1986 = CARTESIAN_POINT ( 'NONE',  ( 0.2885240136352337781, 0.2499999999999999445, 0.1990086413479025262 ) ) ;
#1987 = CARTESIAN_POINT ( 'NONE',  ( 0.4914405513017248706, 0.2500000000000000555, 0.3633833233645176741 ) ) ;
#1988 = CARTESIAN_POINT ( 'NONE',  ( 0.2269301059006315624, 0.2550000000000000044, 0.3364356296005851510 ) ) ;
#1989 = VECTOR ( 'NONE', #3308, 1000.000000000000000 ) ;
#1990 = CARTESIAN_POINT ( 'NONE',  ( 0.2941109360743368040, 0.2549999999999999489, 0.3540439526595299813 ) ) ;
#1991 = VECTOR ( 'NONE', #3462, 1000.000000000000000 ) ;
#1992 = CARTESIAN_POINT ( 'NONE',  ( 0.5081691521253463018, 0.2500000000000000000, 0.2321080898110872426 ) ) ;
#1993 = CARTESIAN_POINT ( 'NONE',  ( 0.4919248874227036272, 0.2550000000000000044, -0.01364085800772288359 ) ) ;
#1994 = AXIS2_PLACEMENT_3D ( 'NONE', #2154, #1791, #1767 ) ;
#1995 = CARTESIAN_POINT ( 'NONE',  ( 0.2736565952342382424, 0.2500000000000000000, 0.3437312720710575253 ) ) ;
#1996 = ADVANCED_FACE ( 'NONE', ( #3500, #4164, #3225, #1465, #1486 ), #139, .F. ) ;
#1997 = ORIENTED_EDGE ( 'NONE', *, *, #3385, .F. ) ;
#1998 =( NAMED_UNIT ( * ) SI_UNIT ( $, .STERADIAN. ) SOLID_ANGLE_UNIT ( ) );
#1999 = PRESENTATION_STYLE_ASSIGNMENT (( #2295 ) ) ;
#2000 = CARTESIAN_POINT ( 'NONE',  ( 0.3308013193309962685, 0.2550000000000001155, 0.3634683325781973284 ) ) ;
#2001 = CARTESIAN_POINT ( 'NONE',  ( 0.3499999999999999223, 0.000000000000000000, -1.505000000000000115 ) ) ;
#2002 = CARTESIAN_POINT ( 'NONE',  ( -0.7550000000000002265, 0.000000000000000000, 0.6500000000000007994 ) ) ;
#2003 = CARTESIAN_POINT ( 'NONE',  ( 0.2478055244684747027, 0.2550000000000000600, 0.2708021964543356197 ) ) ;
#2004 = ORIENTED_EDGE ( 'NONE', *, *, #4054, .F. ) ;
#2005 = CARTESIAN_POINT ( 'NONE',  ( 0.2216250464267769393, 0.2550000000000000044, -0.1530525710770851977 ) ) ;
#2006 = CARTESIAN_POINT ( 'NONE',  ( 0.4205789617790521850, 0.2500000000000001665, 0.3623026690188726473 ) ) ;
#2007 = AXIS2_PLACEMENT_3D ( 'NONE', #1401, #4031, #3093 ) ;
#2008 = CARTESIAN_POINT ( 'NONE',  ( 0.3598411541138852310, 0.2550000000000000044, -0.01456092373113605613 ) ) ;
#2009 = CARTESIAN_POINT ( 'NONE',  ( 0.4978555650724056925, 0.2550000000000000600, -0.008983894065112451102 ) ) ;
#2010 = EDGE_CURVE ( 'NONE', #2687, #2185, #3139, .T. ) ;
#2011 = CARTESIAN_POINT ( 'NONE',  ( 0.3439268052813400089, 0.2499999999999998890, 0.1899502106826983505 ) ) ;
#2012 = CARTESIAN_POINT ( 'NONE',  ( 0.5293173541190847597, 0.2500000000000000555, 0.2895556019998379860 ) ) ;
#2013 = LINE ( 'NONE', #24, #506 ) ;
#2014 = SURFACE_STYLE_USAGE ( .BOTH. , #3705 ) ;
#2015 = CARTESIAN_POINT ( 'NONE',  ( 0.3992635981670664691, 0.2550000000000000044, 0.1899454314536185018 ) ) ;
#2016 = CARTESIAN_POINT ( 'NONE',  ( 0.5164853700966769434, 0.2550000000000000044, 0.2436258470641362306 ) ) ;
#2017 = CARTESIAN_POINT ( 'NONE',  ( 0.5032692303471847373, 0.2500000000000000000, 0.2267621198123118409 ) ) ;
#2018 = EDGE_CURVE ( 'NONE', #4192, #83, #2482, .T. ) ;
#2019 =( LENGTH_UNIT ( ) NAMED_UNIT ( * ) SI_UNIT ( .MILLI., .METRE. ) );
#2020 = ORIENTED_EDGE ( 'NONE', *, *, #1963, .T. ) ;
#2021 = CARTESIAN_POINT ( 'NONE',  ( -0.3499999999999998668, 0.000000000000000000, -1.549999999999999822 ) ) ;
#2022 = CARTESIAN_POINT ( 'NONE',  ( 0.3308013193309962685, 0.2500000000000000000, 0.1326991018089665186 ) ) ;
#2023 = CARTESIAN_POINT ( 'NONE',  ( 0.4914405513017247595, 0.2549999999999999489, 0.1326140925952868921 ) ) ;
#2024 = SURFACE_STYLE_USAGE ( .BOTH. , #2365 ) ;
#2025 = CARTESIAN_POINT ( 'NONE',  ( 0.4985481233498538778, 0.2550000000000000044, 0.2904570443075302211 ) ) ;
#2026 = EDGE_LOOP ( 'NONE', ( #3820, #1686, #1973, #1910 ) ) ;
#2027 = SURFACE_STYLE_FILL_AREA ( #4046 ) ;
#2028 = CARTESIAN_POINT ( 'NONE',  ( 0.4985481233498538778, 0.2550000000000000044, 0.2904570443075302211 ) ) ;
#2029 = CARTESIAN_POINT ( 'NONE',  ( 0.2478055244684747027, 0.2550000000000000600, 0.04003296568510476133 ) ) ;
#2030 = CARTESIAN_POINT ( 'NONE',  ( 0.3992635981670665246, 0.2550000000000000600, -0.04082379931561226638 ) ) ;
#2031 = CARTESIAN_POINT ( 'NONE',  ( 0.3325618936002193160, 0.2550000000000000044, 0.3912593740084200911 ) ) ;
#2032 =( NAMED_UNIT ( * ) PLANE_ANGLE_UNIT ( ) SI_UNIT ( $, .RADIAN. ) );
#2033 = CARTESIAN_POINT ( 'NONE',  ( 0.4985481233498538778, 0.2499999999999998335, 0.05968781353829947373 ) ) ;
#2034 = DIRECTION ( 'NONE',  ( -1.000000000000000000, -0.000000000000000000, -0.000000000000000000 ) ) ;
#2035 = AXIS2_PLACEMENT_3D ( 'NONE', #4409, #3049, #4078 ) ;
#2036 = EDGE_CURVE ( 'NONE', #3467, #3680, #3162, .T. ) ;
#2037 = PRESENTATION_STYLE_ASSIGNMENT (( #2014 ) ) ;
#2038 = CARTESIAN_POINT ( 'NONE',  ( 0.5291991250996400664, 0.2549999999999999489, 0.05175476606220862086 ) ) ;
#2039 = STYLED_ITEM ( 'NONE', ( #501 ), #3899 ) ;
#2040 = CARTESIAN_POINT ( 'NONE',  ( 0.000000000000000000, -0.005000000000000000104, 0.000000000000000000 ) ) ;
#2041 = ORIENTED_EDGE ( 'NONE', *, *, #3496, .T. ) ;
#2042 = PLANE ( 'NONE',  #145 ) ;
#2043 = ORIENTED_EDGE ( 'NONE', *, *, #2328, .T. ) ;
#2044 = CARTESIAN_POINT ( 'NONE',  ( 0.5216250464267768727, 0.2550000000000000044, -0.2085213210770852088 ) ) ;
#2045 = CARTESIAN_POINT ( 'NONE',  ( 0.5292755413897419769, 0.2550000000000000600, 0.06117226938640783762 ) ) ;
#2046 = DIRECTION ( 'NONE',  ( 1.000000000000000000, 0.000000000000000000, -0.000000000000000000 ) ) ;
#2047 = UNCERTAINTY_MEASURE_WITH_UNIT (LENGTH_MEASURE( 1.000000000000000082E-05 ), #3509, 'distance_accuracy_value', 'NONE');
#2048 = CARTESIAN_POINT ( 'NONE',  ( 0.3449037504082403394, 0.2549999999999999489, 0.1616042335444328737 ) ) ;
#2049 = VERTEX_POINT ( 'NONE', #2843 ) ;
#2050 = CARTESIAN_POINT ( 'NONE',  ( 0.4955632875088740175, 0.2549999999999999489, 0.2706887150049032131 ) ) ;
#2051 = ORIENTED_EDGE ( 'NONE', *, *, #2018, .T. ) ;
#2052 = CARTESIAN_POINT ( 'NONE',  ( 0.2587306498150886980, 0.2500000000000000555, 0.1373822853674485089 ) ) ;
#2053 = CARTESIAN_POINT ( 'NONE',  ( 0.4024302860308482943, 0.2500000000000001665, 0.3648034589245821580 ) ) ;
#2054 = CARTESIAN_POINT ( 'NONE',  ( 0.2447019695037000453, 0.2500000000000000555, 0.05968781353829947373 ) ) ;
#2055 = CARTESIAN_POINT ( 'NONE',  ( 0.4632751383998678363, 0.2550000000000000600, -0.02898394095471546958 ) ) ;
#2056 = CARTESIAN_POINT ( 'NONE',  ( 0.3312143445168359568, 0.2550000000000000044, 0.1909380461154725483 ) ) ;
#2057 = CARTESIAN_POINT ( 'NONE',  ( 0.5270670976866720370, 0.2500000000000000000, 0.3105540200861701128 ) ) ;
#2058 = CARTESIAN_POINT ( 'NONE',  ( 0.3715048541190846265, 0.2550000000000000044, 0.3931012750767610142 ) ) ;
#2059 = CARTESIAN_POINT ( 'NONE',  ( 0.3127475009890209878, 0.2500000000000000000, 0.3599275812965008203 ) ) ;
#2060 = VECTOR ( 'NONE', #2130, 1000.000000000000114 ) ;
#2061 = CARTESIAN_POINT ( 'NONE',  ( 0.3108994283731597030, 0.2500000000000000555, -0.009550281723668457498 ) ) ;
#2062 = CARTESIAN_POINT ( 'NONE',  ( 0.5081691521253463018, 0.2549999999999999489, 0.2321080898110872426 ) ) ;
#2063 = VECTOR ( 'NONE', #2661, 1000.000000000000000 ) ;
#2064 = DIRECTION ( 'NONE',  ( 0.000000000000000000, 0.000000000000000000, -1.000000000000000000 ) ) ;
#2065 = STYLED_ITEM ( 'NONE', ( #1254 ), #697 ) ;
#2066 = VERTEX_POINT ( 'NONE', #748 ) ;
#2067 = MECHANICAL_DESIGN_GEOMETRIC_PRESENTATION_REPRESENTATION (  '', ( #3576 ), #855 ) ;
#2068 = EDGE_LOOP ( 'NONE', ( #180, #1620, #2299, #1891 ) ) ;
#2069 = CARTESIAN_POINT ( 'NONE',  ( 0.3499999999999999223, 0.000000000000000000, 1.100000000000000755 ) ) ;
#2070 = CARTESIAN_POINT ( 'NONE',  ( 0.3715048541190846265, 0.2500000000000000555, 0.3931012750767610142 ) ) ;
#2071 = VECTOR ( 'NONE', #718, 1000.000000000000000 ) ;
#2072 = CARTESIAN_POINT ( 'NONE',  ( 0.4980261075446617003, 0.2499999999999998890, 0.04972719836808792843 ) ) ;
#2073 = VECTOR ( 'NONE', #217, 1000.000000000000000 ) ;
#2074 = VERTEX_POINT ( 'NONE', #3181 ) ;
#2075 = CARTESIAN_POINT ( 'NONE',  ( 0.2519284730706103925, 0.2549999999999999489, 0.2613267534477513032 ) ) ;
#2076 = ORIENTED_EDGE ( 'NONE', *, *, #540, .T. ) ;
#2077 =( LENGTH_UNIT ( ) NAMED_UNIT ( * ) SI_UNIT ( .MILLI., .METRE. ) );
#2078 = DIRECTION ( 'NONE',  ( -1.000000000000000000, 0.000000000000000000, -5.354084802397549790E-16 ) ) ;
#2079 = CARTESIAN_POINT ( 'NONE',  ( 0.2965452994871731751, 0.2550000000000000044, -0.005517995235309650602 ) ) ;
#2080 = SURFACE_STYLE_FILL_AREA ( #384 ) ;
#2081 = EDGE_CURVE ( 'NONE', #605, #2687, #3895, .T. ) ;
#2082 = CARTESIAN_POINT ( 'NONE',  ( 0.2460160721585485100, 0.2550000000000000044, 0.3588464060886857321 ) ) ;
#2083 =( NAMED_UNIT ( * ) SI_UNIT ( $, .STERADIAN. ) SOLID_ANGLE_UNIT ( ) );
#2084 = CARTESIAN_POINT ( 'NONE',  ( 0.4985481233498538778, 0.2550000000000000044, 0.05968781353829947373 ) ) ;
#2085 = MECHANICAL_DESIGN_GEOMETRIC_PRESENTATION_REPRESENTATION (  '', ( #3453 ), #1516 ) ;
#2086 = DIRECTION ( 'NONE',  ( 0.000000000000000000, 0.000000000000000000, 1.000000000000000000 ) ) ;
#2087 = CARTESIAN_POINT ( 'NONE',  ( 0.3763132016404041602, 0.2549999999999999489, -0.04148599369791215047 ) ) ;
#2088 = PLANE ( 'NONE',  #1846 ) ;
#2089 = EDGE_LOOP ( 'NONE', ( #3039, #224, #471, #801 ) ) ;
#2090 = FILL_AREA_STYLE_COLOUR ( '', #4278 ) ;
#2091 = ORIENTED_EDGE ( 'NONE', *, *, #304, .F. ) ;
#2092 = ADVANCED_FACE ( 'NONE', ( #1104 ), #2108, .T. ) ;
#2093 = CARTESIAN_POINT ( 'NONE',  ( 0.4642769106751517549, 0.2500000000000001110, 0.002728165199317463853 ) ) ;
#2094 = UNCERTAINTY_MEASURE_WITH_UNIT (LENGTH_MEASURE( 1.000000000000000082E-05 ), #3657, 'distance_accuracy_value', 'NONE');
#2095 = ORIENTED_EDGE ( 'NONE', *, *, #3674, .F. ) ;
#2096 = CARTESIAN_POINT ( 'NONE',  ( 0.3033670858935629822, 0.2550000000000000044, 0.2230659193876616819 ) ) ;
#2097 = EDGE_LOOP ( 'NONE', ( #519, #4178, #2319, #511 ) ) ;
#2098 =( NAMED_UNIT ( * ) PLANE_ANGLE_UNIT ( ) SI_UNIT ( $, .RADIAN. ) );
#2099 = LINE ( 'NONE', #3471, #3580 ) ;
#2100 = CARTESIAN_POINT ( 'NONE',  ( 0.2962043733498538334, 0.2500000000000000555, 0.1240507943075302433 ) ) ;
#2101 = VECTOR ( 'NONE', #233, 1000.000000000000000 ) ;
#2102 = SURFACE_STYLE_USAGE ( .BOTH. , #2499 ) ;
#2103 = CARTESIAN_POINT ( 'NONE',  ( 0.2140364680349419180, 0.2500000000000001110, 0.2966910655808314146 ) ) ;
#2104 = CARTESIAN_POINT ( 'NONE',  ( 0.2845240670205326783, 0.2500000000000000555, 0.2304581920132520445 ) ) ;
#2105 = CARTESIAN_POINT ( 'NONE',  ( 0.2161899763799059460, 0.2499999999999998890, 0.03811535856502918512 ) ) ;
#2106 = DIRECTION ( 'NONE',  ( -1.000000000000000000, 0.000000000000000000, -0.000000000000000000 ) ) ;
#2107 = CARTESIAN_POINT ( 'NONE',  ( 0.2149433202734679083, 0.2500000000000000555, 0.3037156311528172448 ) ) ;
#2108 = PLANE ( 'NONE',  #1202 ) ;
#2109 = DIRECTION ( 'NONE',  ( -0.000000000000000000, -1.000000000000000000, -0.000000000000000000 ) ) ;
#2110 = AXIS2_PLACEMENT_3D ( 'NONE', #1025, #2381, #4372 ) ;
#2111 = B_SPLINE_CURVE_WITH_KNOTS ( 'NONE', 3,
 ( #3057, #351, #3332, #3378, #3759, #1956, #331, #3421, #3035, #265, #4396, #1690, #4354, #2385, #4416, #2646, #1343, #960, #3693, #1006, #1979, #1370, #3781, #4171, #4215, #3170, #102 ),
 .UNSPECIFIED., .F., .F.,
 ( 4, 1, 1, 1, 1, 1, 1, 1, 1, 1, 1, 1, 1, 1, 1, 1, 1, 1, 1, 1, 1, 1, 1, 1, 4 ),
 ( 0.000000000000000000, 0.03378920173289932244, 0.06662571054411649263, 0.09929091792950051065, 0.1316449910201465123, 0.1636017227828676923, 0.1961224403990335929, 0.2289227629684998100, 0.2621805876121068302, 0.2960158121508758011, 0.3302445177381408414, 0.3650886174602970824, 0.4009817122734755657, 0.4376535877480990933, 0.4757430520779057370, 0.5152914703679793984, 0.5563268164025524376, 0.5996807419869993883, 0.6463429061422883981, 0.6964129774199110390, 0.7497662961685440663, 0.8065615401783301497, 0.8674274672223043492, 0.9318826096926672298, 1.000000000000000000 ),
 .UNSPECIFIED. ) ;
#2112 = ORIENTED_EDGE ( 'NONE', *, *, #1710, .T. ) ;
#2113 = FACE_OUTER_BOUND ( 'NONE', #3609, .T. ) ;
#2114 = AXIS2_PLACEMENT_3D ( 'NONE', #3655, #1185, #920 ) ;
#2115 = CARTESIAN_POINT ( 'NONE',  ( -0.6602579508131062314, 0.2500000000000000000, 1.359762003597620783 ) ) ;
#2116 = DIRECTION ( 'NONE',  ( -1.000000000000000000, -1.559328646511866153E-13, 0.000000000000000000 ) ) ;
#2117 = ORIENTED_EDGE ( 'NONE', *, *, #1055, .F. ) ;
#2118 = SURFACE_STYLE_FILL_AREA ( #1094 ) ;
#2119 = ORIENTED_EDGE ( 'NONE', *, *, #734, .T. ) ;
#2120 = CARTESIAN_POINT ( 'NONE',  ( 0.2162327779143364825, 0.2499999999999998890, 0.07982561201210329471 ) ) ;
#2121 = CARTESIAN_POINT ( 'NONE',  ( 0.2988812081612536309, 0.2550000000000000044, 0.1249552315469958791 ) ) ;
#2122 = CARTESIAN_POINT ( 'NONE',  ( 0.3127475009890208213, 0.2549999999999999489, 0.1291583505272700660 ) ) ;
#2123 = EDGE_CURVE ( 'NONE', #2344, #2920, #254, .T. ) ;
#2124 =( NAMED_UNIT ( * ) PLANE_ANGLE_UNIT ( ) SI_UNIT ( $, .RADIAN. ) );
#2125 = CARTESIAN_POINT ( 'NONE',  ( 0.2140364680349419180, 0.2550000000000000044, 0.2966910655808314146 ) ) ;
#2126 = CARTESIAN_POINT ( 'NONE',  ( 0.3108994283731597030, 0.2550000000000000600, 0.2212189490455623575 ) ) ;
#2127 = LINE ( 'NONE', #1829, #932 ) ;
#2128 = SURFACE_STYLE_FILL_AREA ( #3835 ) ;
#2129 = LINE ( 'NONE', #3880, #3971 ) ;
#2130 = DIRECTION ( 'NONE',  ( 0.8679300138597078051, 0.000000000000000000, 0.4966865118376856403 ) ) ;
#2131 = FILL_AREA_STYLE ('',( #3202 ) ) ;
#2132 = ORIENTED_EDGE ( 'NONE', *, *, #3604, .F. ) ;
#2133 = COLOUR_RGB ( '',0.1098039215686274495, 0.1098039215686274495, 0.1098039215686274495 ) ;
#2134 = ORIENTED_EDGE ( 'NONE', *, *, #3736, .T. ) ;
#2135 = STYLED_ITEM ( 'NONE', ( #3083 ), #1060 ) ;
#2136 = EDGE_CURVE ( 'NONE', #1497, #593, #3294, .T. ) ;
#2137 =( GEOMETRIC_REPRESENTATION_CONTEXT ( 3 ) GLOBAL_UNCERTAINTY_ASSIGNED_CONTEXT ( ( #4377 ) ) GLOBAL_UNIT_ASSIGNED_CONTEXT ( ( #3317, #2912, #3683 ) ) REPRESENTATION_CONTEXT ( 'NONE', 'WORKASPACE' ) );
#2138 = VERTEX_POINT ( 'NONE', #2564 ) ;
#2139 = CARTESIAN_POINT ( 'NONE',  ( -0.3499999999999999778, 0.000000000000000000, 1.100000000000000311 ) ) ;
#2140 = ORIENTED_EDGE ( 'NONE', *, *, #3343, .T. ) ;
#2141 = COLOUR_RGB ( '',0.1098039215686274495, 0.1098039215686274495, 0.1098039215686274495 ) ;
#2142 = CARTESIAN_POINT ( 'NONE',  ( 0.2140364680349419735, 0.2499999999999998890, 0.06592183481160066028 ) ) ;
#2143 = SURFACE_STYLE_USAGE ( .BOTH. , #808 ) ;
#2144 = COLOUR_RGB ( '',0.7921568627450980005, 0.8196078431372548767, 0.9333333333333333481 ) ;
#2145 = CARTESIAN_POINT ( 'NONE',  ( 0.3716250464267769060, 0.2550000000000000044, 0.1354089673844532937 ) ) ;
#2146 = SURFACE_SIDE_STYLE ('',( #786 ) ) ;
#2147 = CARTESIAN_POINT ( 'NONE',  ( 0.2587306498150886425, 0.2550000000000000600, 0.3681515161366792910 ) ) ;
#2148 = FILL_AREA_STYLE ('',( #1101 ) ) ;
#2149 = ADVANCED_FACE ( 'NONE', ( #2981 ), #3942, .T. ) ;
#2150 = SURFACE_SIDE_STYLE ('',( #766 ) ) ;
#2151 = CARTESIAN_POINT ( 'NONE',  ( 0.3680186711902042607, 0.2500000000000000555, 0.3661440160517275832 ) ) ;
#2152 = LINE ( 'NONE', #2799, #692 ) ;
#2153 = CARTESIAN_POINT ( 'NONE',  ( 0.3499999999999999223, -0.005000000000000000104, -1.550000000000000266 ) ) ;
#2154 = CARTESIAN_POINT ( 'NONE',  ( 0.7550000000000001155, 0.000000000000000000, 1.100000000000000311 ) ) ;
#2155 = CARTESIAN_POINT ( 'NONE',  ( 0.5030455441436045838, 0.2499999999999999445, 0.3534094041116297991 ) ) ;
#2156 =( GEOMETRIC_REPRESENTATION_CONTEXT ( 3 ) GLOBAL_UNCERTAINTY_ASSIGNED_CONTEXT ( ( #352 ) ) GLOBAL_UNIT_ASSIGNED_CONTEXT ( ( #2077, #2098, #2767 ) ) REPRESENTATION_CONTEXT ( 'NONE', 'WORKASPACE' ) );
#2157 = SURFACE_SIDE_STYLE ('',( #96 ) ) ;
#2158 = DIRECTION ( 'NONE',  ( -0.000000000000000000, -1.000000000000000000, -0.000000000000000000 ) ) ;
#2159 = CARTESIAN_POINT ( 'NONE',  ( -0.6602579508131062314, 0.2550000000000000044, 1.359762003597620783 ) ) ;
#2160 = ORIENTED_EDGE ( 'NONE', *, *, #1062, .F. ) ;
#2161 = CARTESIAN_POINT ( 'NONE',  ( 0.3947895301926683254, 0.2550000000000000600, -0.01404000543975725962 ) ) ;
#2162 = EDGE_LOOP ( 'NONE', ( #2550, #2051, #1798, #2540, #1976, #380 ) ) ;
#2163 = CARTESIAN_POINT ( 'NONE',  ( 0.3404390079890804444, 0.2550000000000000044, 0.1338436494573111146 ) ) ;
#2164 = CARTESIAN_POINT ( 'NONE',  ( 0.2736565952342381869, 0.2500000000000000000, 0.1129620413018266462 ) ) ;
#2165 = CARTESIAN_POINT ( 'NONE',  ( 0.2734453708186651011, 0.2550000000000000044, 0.3762115169523667646 ) ) ;
#2166 = CARTESIAN_POINT ( 'NONE',  ( 0.2451977462291358989, 0.2500000000000000555, 0.2805428867020681727 ) ) ;
#2167 = CARTESIAN_POINT ( 'NONE',  ( 0.2718723217780564805, 0.2500000000000000000, -0.02533225334886974808 ) ) ;
#2168 = CARTESIAN_POINT ( 'NONE',  ( 0.3609219576591828904, 0.2550000000000000044, 0.3660767516741848526 ) ) ;
#2169 = EDGE_CURVE ( 'NONE', #4003, #1196, #4292, .T. ) ;
#2170 = CARTESIAN_POINT ( 'NONE',  ( -0.8000000000000001554, 0.2500000000000000000, 1.550000000000000266 ) ) ;
#2171 = CARTESIAN_POINT ( 'NONE',  ( -0.3462891350418384473, 0.2550000000000000044, 1.359762003597620783 ) ) ;
#2172 = CARTESIAN_POINT ( 'NONE',  ( 0.5228570990087788584, 0.2500000000000000000, 0.3237405736722777094 ) ) ;
#2173 = LINE ( 'NONE', #2195, #851 ) ;
#2174 = EDGE_CURVE ( 'NONE', #3171, #1663, #4310, .T. ) ;
#2175 = EDGE_CURVE ( 'NONE', #2500, #1196, #3520, .T. ) ;
#2176 = CARTESIAN_POINT ( 'NONE',  ( 0.2161899763799059460, 0.2499999999999998890, 0.03811535856502918512 ) ) ;
#2177 = DIRECTION ( 'NONE',  ( -1.000000000000000000, 0.000000000000000000, 0.000000000000000000 ) ) ;
#2178 = AXIS2_PLACEMENT_3D ( 'NONE', #3864, #3821, #1512 ) ;
#2179 = ORIENTED_EDGE ( 'NONE', *, *, #3688, .T. ) ;
#2180 = CARTESIAN_POINT ( 'NONE',  ( -0.6602579508131062314, 0.2550000000000000044, -1.359762003597620783 ) ) ;
#2181 = EDGE_LOOP ( 'NONE', ( #3463, #4240, #1435, #1706 ) ) ;
#2182 = PRESENTATION_STYLE_ASSIGNMENT (( #220 ) ) ;
#2183 = CARTESIAN_POINT ( 'NONE',  ( 0.4820830765531595730, 0.2550000000000000044, 0.2481350247592862823 ) ) ;
#2184 = CARTESIAN_POINT ( 'NONE',  ( 0.2900163870072657302, 0.2500000000000001110, 0.1217568036659914116 ) ) ;
#2185 = VERTEX_POINT ( 'NONE', #3387 ) ;
#2186 =( NAMED_UNIT ( * ) SI_UNIT ( $, .STERADIAN. ) SOLID_ANGLE_UNIT ( ) );
#2187 = CARTESIAN_POINT ( 'NONE',  ( 0.3716250464267769060, 0.2500000000000000000, 0.2161781981536840813 ) ) ;
#2188 =( LENGTH_UNIT ( ) NAMED_UNIT ( * ) SI_UNIT ( .MILLI., .METRE. ) );
#2189 = ADVANCED_FACE ( 'NONE', ( #699 ), #1309, .T. ) ;
#2190 = CARTESIAN_POINT ( 'NONE',  ( 0.2510719378255822920, 0.2550000000000000044, 0.2174671048440267040 ) ) ;
#2191 = VECTOR ( 'NONE', #3419, 1000.000000000000000 ) ;
#2192 = CARTESIAN_POINT ( 'NONE',  ( 0.4223257474083713103, 0.2499999999999999445, 0.1590275680329638897 ) ) ;
#2193 = DIRECTION ( 'NONE',  ( 0.000000000000000000, 0.000000000000000000, 1.000000000000000000 ) ) ;
#2194 = CARTESIAN_POINT ( 'NONE',  ( 0.4106336774163576453, 0.2550000000000000044, 0.3912835041689611826 ) ) ;
#2195 = CARTESIAN_POINT ( 'NONE',  ( -0.3499999999999999778, -0.2550000000000000044, 1.505000000000000338 ) ) ;
#2196 = CARTESIAN_POINT ( 'NONE',  ( 0.5165343003413241929, 0.2550000000000000600, 0.3362671584683661341 ) ) ;
#2197 = CARTESIAN_POINT ( 'NONE',  ( 0.000000000000000000, 0.000000000000000000, 0.000000000000000000 ) ) ;
#2198 =( NAMED_UNIT ( * ) PLANE_ANGLE_UNIT ( ) SI_UNIT ( $, .RADIAN. ) );
#2199 =( GEOMETRIC_REPRESENTATION_CONTEXT ( 3 ) GLOBAL_UNCERTAINTY_ASSIGNED_CONTEXT ( ( #2721 ) ) GLOBAL_UNIT_ASSIGNED_CONTEXT ( ( #810, #1825, #2861 ) ) REPRESENTATION_CONTEXT ( 'NONE', 'WORKASPACE' ) );
#2200 = CARTESIAN_POINT ( 'NONE',  ( 0.3756521501242605088, 0.2550000000000000044, -0.01458111465604385905 ) ) ;
#2201 = ORIENTED_EDGE ( 'NONE', *, *, #561, .F. ) ;
#2202 = VECTOR ( 'NONE', #1521, 1000.000000000000000 ) ;
#2203 = CARTESIAN_POINT ( 'NONE',  ( 0.4983742236826438909, 0.2499999999999999445, 0.05636962346420985176 ) ) ;
#2204 =( NAMED_UNIT ( * ) SI_UNIT ( $, .STERADIAN. ) SOLID_ANGLE_UNIT ( ) );
#2205 = DIRECTION ( 'NONE',  ( -0.000000000000000000, 0.000000000000000000, -1.000000000000000000 ) ) ;
#2206 = LINE ( 'NONE', #912, #278 ) ;
#2207 = STYLED_ITEM ( 'NONE', ( #348 ), #72 ) ;
#2208 = EDGE_LOOP ( 'NONE', ( #3020, #3121, #2119, #4124 ) ) ;
#2209 = VECTOR ( 'NONE', #2109, 1000.000000000000000 ) ;
#2210 = SURFACE_STYLE_USAGE ( .BOTH. , #914 ) ;
#2211 = SURFACE_SIDE_STYLE ('',( #3561 ) ) ;
#2212 = EDGE_LOOP ( 'NONE', ( #2263, #1887, #732, #469, #2112, #2004, #1201, #1178 ) ) ;
#2213 = CARTESIAN_POINT ( 'NONE',  ( 0.2396637531941708810, 0.2549999999999999489, 0.2270046268005155576 ) ) ;
#2214 = DIRECTION ( 'NONE',  ( -1.257775142094552450E-16, 0.000000000000000000, 1.000000000000000000 ) ) ;
#2215 = CARTESIAN_POINT ( 'NONE',  ( 0.5251881570081580186, 0.2550000000000000600, 0.3172155748321827118 ) ) ;
#2216 = CARTESIAN_POINT ( 'NONE',  ( 0.2941109360743369150, 0.2550000000000000044, 0.1232747218902992825 ) ) ;
#2217 = CARTESIAN_POINT ( 'NONE',  ( 0.3282068291757979650, 0.2550000000000000600, -0.01242254670526895047 ) ) ;
#2218 = CARTESIAN_POINT ( 'NONE',  ( 0.5291923890265178843, 0.2550000000000000044, 0.2966863009181258115 ) ) ;
#2219 =( NAMED_UNIT ( * ) PLANE_ANGLE_UNIT ( ) SI_UNIT ( $, .RADIAN. ) );
#2220 = CARTESIAN_POINT ( 'NONE',  ( 0.4530196210655035305, 0.2499999999999999445, 0.1519531835027881361 ) ) ;
#2221 = CARTESIAN_POINT ( 'NONE',  ( 0.4367276495857305152, 0.2500000000000000000, 0.1277588839568168377 ) ) ;
#2222 = VERTEX_POINT ( 'NONE', #1056 ) ;
#2223 = DIRECTION ( 'NONE',  ( 0.000000000000000000, -1.000000000000000000, 0.000000000000000000 ) ) ;
#2224 = DIRECTION ( 'NONE',  ( 1.000000000000000000, 0.000000000000000000, -0.000000000000000000 ) ) ;
#2225 = UNCERTAINTY_MEASURE_WITH_UNIT (LENGTH_MEASURE( 1.000000000000000082E-05 ), #876, 'distance_accuracy_value', 'NONE');
#2226 = CARTESIAN_POINT ( 'NONE',  ( 0.4631644588648077820, 0.2549999999999999489, 0.3475451164375318869 ) ) ;
#2227 = ORIENTED_EDGE ( 'NONE', *, *, #1844, .T. ) ;
#2228 = SURFACE_STYLE_USAGE ( .BOTH. , #2906 ) ;
#2229 = CARTESIAN_POINT ( 'NONE',  ( 0.4820830765531595730, 0.2500000000000000000, 0.2481350247592862823 ) ) ;
#2230 =( LENGTH_UNIT ( ) NAMED_UNIT ( * ) SI_UNIT ( .MILLI., .METRE. ) );
#2231 = DIRECTION ( 'NONE',  ( -0.000000000000000000, -1.000000000000000000, -0.000000000000000000 ) ) ;
#2232 = CARTESIAN_POINT ( 'NONE',  ( 0.4367276495857305152, 0.2550000000000000044, 0.1277588839568168377 ) ) ;
#2233 = CARTESIAN_POINT ( 'NONE',  ( 0.2448389221446900244, 0.2500000000000000000, 0.2937791304494513089 ) ) ;
#2234 =( NAMED_UNIT ( * ) PLANE_ANGLE_UNIT ( ) SI_UNIT ( $, .RADIAN. ) );
#2235 =( GEOMETRIC_REPRESENTATION_CONTEXT ( 3 ) GLOBAL_UNCERTAINTY_ASSIGNED_CONTEXT ( ( #222 ) ) GLOBAL_UNIT_ASSIGNED_CONTEXT ( ( #3684, #570, #3963 ) ) REPRESENTATION_CONTEXT ( 'NONE', 'WORKASPACE' ) );
#2236 = CARTESIAN_POINT ( 'NONE',  ( 0.3716250464267769615, 0.2550000000000000600, -0.01459103261554668164 ) ) ;
#2237 = CARTESIAN_POINT ( 'NONE',  ( 0.5251881570081580186, 0.2550000000000000044, 0.08644634406295194362 ) ) ;
#2238 = CARTESIAN_POINT ( 'NONE',  ( 0.4908558156575461573, 0.2500000000000000000, -0.1799756480001621362 ) ) ;
#2239 = CARTESIAN_POINT ( 'NONE',  ( 0.3499999999999999223, -0.005000000000000000104, 0.6500000000000007994 ) ) ;
#2240 = ORIENTED_EDGE ( 'NONE', *, *, #2976, .F. ) ;
#2241 = CARTESIAN_POINT ( 'NONE',  ( 0.2303991248534655312, 0.2500000000000000555, 0.2378998522792469261 ) ) ;
#2242 = CARTESIAN_POINT ( 'NONE',  ( 0.5283809216234944817, 0.2500000000000000555, 0.2756114962440249228 ) ) ;
#2243 = CARTESIAN_POINT ( 'NONE',  ( 0.4781948957862315885, 0.2550000000000000600, 0.01332670222425514847 ) ) ;
#2244 = CARTESIAN_POINT ( 'NONE',  ( 0.4739182371157079632, 0.2499999999999999445, 0.2403198027485014820 ) ) ;
#2245 = FACE_OUTER_BOUND ( 'NONE', #4174, .T. ) ;
#2246 = DIRECTION ( 'NONE',  ( 1.257775142094552450E-16, 0.000000000000000000, -1.000000000000000000 ) ) ;
#2247 = STYLED_ITEM ( 'NONE', ( #144 ), #3538 ) ;
#2248 = ORIENTED_EDGE ( 'NONE', *, *, #4362, .F. ) ;
#2249 = PRESENTATION_LAYER_ASSIGNMENT (  '', '', ( #3836 ) ) ;
#2250 = CARTESIAN_POINT ( 'NONE',  ( 0.000000000000000000, 0.2550000000000000044, 0.000000000000000000 ) ) ;
#2251 = LINE ( 'NONE', #521, #1304 ) ;
#2252 = CARTESIAN_POINT ( 'NONE',  ( 0.3756521501242604533, 0.2499999999999999445, 0.2161881161131868900 ) ) ;
#2253 = VERTEX_POINT ( 'NONE', #2654 ) ;
#2254 = CARTESIAN_POINT ( 'NONE',  ( 0.2265602760167029495, 0.2499999999999998335, 0.2437536797029685731 ) ) ;
#2255 = CARTESIAN_POINT ( 'NONE',  ( 0.2965452994871731751, 0.2500000000000000000, -0.005517995235309650602 ) ) ;
#2256 = CARTESIAN_POINT ( 'NONE',  ( 0.4024302860308480168, 0.2549999999999999489, 0.1340342281553511539 ) ) ;
#2257 = CARTESIAN_POINT ( 'NONE',  ( 0.7550000000000002265, 0.000000000000000000, 0.6500000000000007994 ) ) ;
#2258 = CARTESIAN_POINT ( 'NONE',  ( -0.3499999999999996447, 0.000000000000000000, -1.505000000000000338 ) ) ;
#2259 = SURFACE_SIDE_STYLE ('',( #165 ) ) ;
#2260 =( NAMED_UNIT ( * ) SI_UNIT ( $, .STERADIAN. ) SOLID_ANGLE_UNIT ( ) );
#2261 = CARTESIAN_POINT ( 'NONE',  ( 0.5228570990087788584, 0.2500000000000000000, 0.09297134290304688575 ) ) ;
#2262 = UNCERTAINTY_MEASURE_WITH_UNIT (LENGTH_MEASURE( 1.000000000000000082E-05 ), #1637, 'distance_accuracy_value', 'NONE');
#2263 = ORIENTED_EDGE ( 'NONE', *, *, #4145, .T. ) ;
#2264 = CARTESIAN_POINT ( 'NONE',  ( 0.2148647792478709240, 0.2549999999999999489, 0.2756103934606785044 ) ) ;
#2265 = VERTEX_POINT ( 'NONE', #661 ) ;
#2266 = CARTESIAN_POINT ( 'NONE',  ( 0.2161899763799060292, 0.2499999999999999445, 0.2688845893342600157 ) ) ;
#2267 = CARTESIAN_POINT ( 'NONE',  ( 0.4530518220437342314, 0.2550000000000000044, -0.002907731225813562064 ) ) ;
#2268 = CARTESIAN_POINT ( 'NONE',  ( 0.4151593434850236464, 0.2550000000000000600, 0.2184265209785842821 ) ) ;
#2269 = SURFACE_STYLE_USAGE ( .BOTH. , #1907 ) ;
#2270 = UNCERTAINTY_MEASURE_WITH_UNIT (LENGTH_MEASURE( 1.000000000000000082E-05 ), #1232, 'distance_accuracy_value', 'NONE');
#2271 = EDGE_CURVE ( 'NONE', #1132, #4092, #319, .T. ) ;
#2272 = CARTESIAN_POINT ( 'NONE',  ( 0.4239581713153414144, 0.2500000000000000555, -0.03843128071960034975 ) ) ;
#2273 = VECTOR ( 'NONE', #2666, 1000.000000000000000 ) ;
#2274 = VERTEX_POINT ( 'NONE', #3008 ) ;
#2275 = PRESENTATION_LAYER_ASSIGNMENT (  '', '', ( #64 ) ) ;
#2276 = SURFACE_STYLE_USAGE ( .BOTH. , #294 ) ;
#2277 = CARTESIAN_POINT ( 'NONE',  ( 0.4151593434850236464, 0.2500000000000000555, 0.2184265209785842821 ) ) ;
#2278 = VECTOR ( 'NONE', #1461, 1000.000000000000000 ) ;
#2279 = AXIS2_PLACEMENT_3D ( 'NONE', #2844, #1445, #4186 ) ;
#2280 = CARTESIAN_POINT ( 'NONE',  ( 0.2231860189739854061, 0.2550000000000000600, 0.2497773885896253376 ) ) ;
#2281 = EDGE_CURVE ( 'NONE', #2922, #3763, #2492, .T. ) ;
#2282 = COLOUR_RGB ( '',0.7921568627450980005, 0.8196078431372548767, 0.9333333333333333481 ) ;
#2283 = CARTESIAN_POINT ( 'NONE',  ( 0.4289025680023328957, 0.2550000000000000044, 0.1297959221826419374 ) ) ;
#2284 = SURFACE_SIDE_STYLE ('',( #970 ) ) ;
#2285 = VECTOR ( 'NONE', #170, 1000.000000000000000 ) ;
#2286 = B_SPLINE_SURFACE_WITH_KNOTS ( 'NONE', 3, 1, ( 
 ( #4196, #4158 ),
 ( #2121, #3452 ),
 ( #2433, #4175 ),
 ( #3872, #454 ),
 ( #1116, #2412 ),
 ( #1134, #2497 ),
 ( #2163, #3537 ),
 ( #1052, #473 ),
 ( #1823, #38 ),
 ( #3153, #1499 ),
 ( #3786, #2859 ) ),
 .UNSPECIFIED., .F., .F., .F.,
 ( 4, 1, 1, 1, 1, 1, 1, 1, 4 ),
 ( 2, 2 ),
 ( 0.000000000000000000, 0.1105883385953361497, 0.2245417540535960821, 0.3425034940501039404, 0.4643240984173586106, 0.5907560327017669088, 0.7222274753555149029, 0.8588428362087248136, 1.000000000000000000 ),
 ( 0.000000000000000000, 1.000000000000000000 ),
 .UNSPECIFIED. ) ;
#2287 = CARTESIAN_POINT ( 'NONE',  ( 0.4223257474083713103, 0.2499999999999999445, 0.1590275680329638897 ) ) ;
#2288 = CARTESIAN_POINT ( 'NONE',  ( 0.4978555650724056925, 0.2500000000000000555, 0.2217853367041183188 ) ) ;
#2289 = LINE ( 'NONE', #3667, #3652 ) ;
#2290 = AXIS2_PLACEMENT_3D ( 'NONE', #4246, #3585, #1549 ) ;
#2291 = ORIENTED_EDGE ( 'NONE', *, *, #3197, .F. ) ;
#2292 = CARTESIAN_POINT ( 'NONE',  ( 0.3082523242278371045, 0.2499999999999999445, 0.1941673657384011265 ) ) ;
#2293 = STYLED_ITEM ( 'NONE', ( #4385 ), #568 ) ;
#2294 = ADVANCED_FACE ( 'NONE', ( #1085 ), #1013, .T. ) ;
#2295 = SURFACE_STYLE_USAGE ( .BOTH. , #3712 ) ;
#2296 = DIRECTION ( 'NONE',  ( 0.000000000000000000, -0.000000000000000000, -1.000000000000000000 ) ) ;
#2297 = DIRECTION ( 'NONE',  ( 0.000000000000000000, -1.000000000000000000, 0.000000000000000000 ) ) ;
#2298 = MECHANICAL_DESIGN_GEOMETRIC_PRESENTATION_REPRESENTATION (  '', ( #2370 ), #2156 ) ;
#2299 = ORIENTED_EDGE ( 'NONE', *, *, #1839, .F. ) ;
#2300 = CARTESIAN_POINT ( 'NONE',  ( 0.4509163732389733781, 0.2500000000000000000, 0.3535583188963304924 ) ) ;
#2301 = CARTESIAN_POINT ( 'NONE',  ( 0.3379999892286716379, 0.2500000000000000555, 0.2174345726364922404 ) ) ;
#2302 = ORIENTED_EDGE ( 'NONE', *, *, #268, .F. ) ;
#2303 = CARTESIAN_POINT ( 'NONE',  ( 0.3669171077351536803, 0.2549999999999999489, 0.3930453559451009271 ) ) ;
#2304 = PRESENTATION_STYLE_ASSIGNMENT (( #3986 ) ) ;
#2305 = ADVANCED_FACE ( 'NONE', ( #595 ), #4006, .F. ) ;
#2306 = CARTESIAN_POINT ( 'NONE',  ( 0.4854884286703767260, 0.2549999999999999489, 0.2128403475062096428 ) ) ;
#2307 = CARTESIAN_POINT ( 'NONE',  ( 0.3312143445168359568, 0.2500000000000000000, -0.03983118465375818512 ) ) ;
#2308 = CARTESIAN_POINT ( 'NONE',  ( 0.4974784253491483788, 0.2500000000000000555, 0.1277562092764668589 ) ) ;
#2309 = ADVANCED_FACE ( 'NONE', ( #1870 ), #893, .F. ) ;
#2310 = CARTESIAN_POINT ( 'NONE',  ( 0.2451125446705800237, 0.2500000000000001110, 0.3004164438652833224 ) ) ;
#2311 = ORIENTED_EDGE ( 'NONE', *, *, #3105, .T. ) ;
#2312 = CARTESIAN_POINT ( 'NONE',  ( 0.4509163732389734891, 0.2500000000000000000, 0.1227890881270997381 ) ) ;
#2313 = ORIENTED_EDGE ( 'NONE', *, *, #3718, .F. ) ;
#2314 = CARTESIAN_POINT ( 'NONE',  ( 0.4367276495857305152, 0.2500000000000000555, 0.3585281147260476198 ) ) ;
#2315 = CARTESIAN_POINT ( 'NONE',  ( 0.2962043733498538334, 0.2550000000000000044, 0.3548200250767610253 ) ) ;
#2316 = CARTESIAN_POINT ( 'NONE',  ( 0.5293173541190846487, 0.2500000000000000000, 0.05878637123060716924 ) ) ;
#2317 = UNCERTAINTY_MEASURE_WITH_UNIT (LENGTH_MEASURE( 1.000000000000000082E-05 ), #2188, 'distance_accuracy_value', 'NONE');
#2318 = CARTESIAN_POINT ( 'NONE',  ( 0.3716250464267769615, 0.2550000000000000600, -0.01459103261554668164 ) ) ;
#2319 = ORIENTED_EDGE ( 'NONE', *, *, #3149, .T. ) ;
#2320 = CARTESIAN_POINT ( 'NONE',  ( 0.2308799181315059901, 0.2499999999999999445, 0.1117024803113806086 ) ) ;
#2321 = CARTESIAN_POINT ( 'NONE',  ( -0.3499999999999998668, -0.2550000000000000044, 0.6500000000000003553 ) ) ;
#2322 =( NAMED_UNIT ( * ) SI_UNIT ( $, .STERADIAN. ) SOLID_ANGLE_UNIT ( ) );
#2323 = B_SPLINE_CURVE_WITH_KNOTS ( 'NONE', 3,
 ( #4038, #344, #4411, #2612, #2332, #2684, #1315, #3992, #279, #1360, #4371, #2711, #3012, #931, #2288, #2017, #3735, #260, #2986, #4057, #998, #2359, #3393, #326, #1064, #7, #2463 ),
 .UNSPECIFIED., .F., .F.,
 ( 4, 1, 1, 1, 1, 1, 1, 1, 1, 1, 1, 1, 1, 1, 1, 1, 1, 1, 1, 1, 1, 1, 1, 1, 4 ),
 ( 0.000000000000000000, 0.06859905185027570518, 0.1332546469887012364, 0.1943251344692437377, 0.2512954498164152173, 0.3045331036280988224, 0.3542577818568268810, 0.4005064503556531319, 0.4434393887943418600, 0.4840461245383606004, 0.5232860905060560119, 0.5610786028067862308, 0.5979388495899659040, 0.6335593991789295609, 0.6685506344687422997, 0.7027341618909609400, 0.7369260519635210116, 0.7705360380815172716, 0.8034336592223287887, 0.8361707333883960924, 0.8684517514297861451, 0.9008401352728003797, 0.9334622281405533517, 0.9662553963349062025, 1.000000000000000000 ),
 .UNSPECIFIED. ) ;
#2324 = MECHANICAL_DESIGN_GEOMETRIC_PRESENTATION_REPRESENTATION (  '', ( #3836 ), #3478 ) ;
#2325 = CARTESIAN_POINT ( 'NONE',  ( 0.2139327387344692466, 0.2500000000000000000, 0.05878637123060716924 ) ) ;
#2326 = FILL_AREA_STYLE_COLOUR ( '', #448 ) ;
#2327 = CARTESIAN_POINT ( 'NONE',  ( 0.4572685055485782302, 0.2550000000000000044, 0.1198801339335745370 ) ) ;
#2328 = EDGE_CURVE ( 'NONE', #1539, #4167, #2251, .T. ) ;
#2329 = PLANE ( 'NONE',  #2035 ) ;
#2330 = CARTESIAN_POINT ( 'NONE',  ( 0.4632751383998677253, 0.2500000000000000555, 0.2017852898145152674 ) ) ;
#2331 = CARTESIAN_POINT ( 'NONE',  ( 0.4350463232315916473, 0.2549999999999999489, -0.03674802600651652651 ) ) ;
#2332 = CARTESIAN_POINT ( 'NONE',  ( 0.4120316229970328870, 0.2499999999999999445, 0.1909547464445738030 ) ) ;
#2333 = AXIS2_PLACEMENT_3D ( 'NONE', #4190, #3209, #3573 ) ;
#2334 = B_SPLINE_CURVE_WITH_KNOTS ( 'NONE', 3,
 ( #2315, #330, #1647, #1689, #1298, #2000, #982, #3739, #2364, #4089, #1269 ),
 .UNSPECIFIED., .F., .F.,
 ( 4, 1, 1, 1, 1, 1, 1, 1, 4 ),
 ( 0.000000000000000000, 0.1105883385953361497, 0.2245417540535959156, 0.3425034940501037739, 0.4643240984173583330, 0.5907560327017666868, 0.7222274753555145699, 0.8588428362087245915, 1.000000000000000000 ),
 .UNSPECIFIED. ) ;
#2335 = VERTEX_POINT ( 'NONE', #1253 ) ;
#2336 = DIRECTION ( 'NONE',  ( 1.000000000000000000, 0.000000000000000000, -0.000000000000000000 ) ) ;
#2337 = VERTEX_POINT ( 'NONE', #2955 ) ;
#2338 = CARTESIAN_POINT ( 'NONE',  ( 0.4983742392490947970, 0.2500000000000000000, 0.2937352156965030714 ) ) ;
#2339 = SURFACE_STYLE_FILL_AREA ( #2664 ) ;
#2340 = CARTESIAN_POINT ( 'NONE',  ( 0.4332762827193807897, 0.2549999999999999489, 0.1571084875468378717 ) ) ;
#2341 = DIRECTION ( 'NONE',  ( 0.000000000000000000, -0.000000000000000000, -1.000000000000000000 ) ) ;
#2342 = CARTESIAN_POINT ( 'NONE',  ( 0.2521063102726365801, 0.2549999999999999489, 0.1328937672189482166 ) ) ;
#2343 = CARTESIAN_POINT ( 'NONE',  ( 0.4588464415272900943, 0.2549999999999998934, 0.2305779288853384845 ) ) ;
#2344 = VERTEX_POINT ( 'NONE', #564 ) ;
#2345 = CARTESIAN_POINT ( 'NONE',  ( 0.4350463232315916473, 0.2499999999999998335, -0.03674802600651652651 ) ) ;
#2346 = CARTESIAN_POINT ( 'NONE',  ( 0.3100416389117918170, 0.2549999999999999489, 0.3879185437387104862 ) ) ;
#2347 = CARTESIAN_POINT ( 'NONE',  ( 0.2451977462291358989, 0.2499999999999999445, 0.04977365593283739065 ) ) ;
#2348 = CARTESIAN_POINT ( 'NONE',  ( 0.2815637261155051752, 0.2550000000000001155, 0.3797950062458630427 ) ) ;
#2349 = VECTOR ( 'NONE', #607, 1000.000000000000000 ) ;
#2350 =( LENGTH_UNIT ( ) NAMED_UNIT ( * ) SI_UNIT ( .MILLI., .METRE. ) );
#2351 = EDGE_CURVE ( 'NONE', #2445, #1600, #1912, .T. ) ;
#2352 = VECTOR ( 'NONE', #3919, 1000.000000000000000 ) ;
#2353 = PRESENTATION_LAYER_ASSIGNMENT (  '', '', ( #791 ) ) ;
#2354 = STYLED_ITEM ( 'NONE', ( #1681 ), #252 ) ;
#2355 = CARTESIAN_POINT ( 'NONE',  ( 0.2447019695037000453, 0.2550000000000000044, 0.05968781353829947373 ) ) ;
#2356 = CARTESIAN_POINT ( 'NONE',  ( 0.3715048541190846265, 0.2550000000000000044, 0.1892551212306071706 ) ) ;
#2357 = CARTESIAN_POINT ( 'NONE',  ( 0.7550000000000001155, -0.2550000000000000044, 1.100000000000000311 ) ) ;
#2358 = PRESENTATION_LAYER_ASSIGNMENT (  '', '', ( #3216 ) ) ;
#2359 = CARTESIAN_POINT ( 'NONE',  ( 0.5251901946821933009, 0.2500000000000000000, 0.2623134392057472897 ) ) ;
#2360 = MECHANICAL_DESIGN_GEOMETRIC_PRESENTATION_REPRESENTATION (  '', ( #3147 ), #581 ) ;
#2361 = CARTESIAN_POINT ( 'NONE',  ( -0.7550000000000002265, -0.2550000000000000044, 0.6500000000000007994 ) ) ;
#2362 = ORIENTED_EDGE ( 'NONE', *, *, #124, .F. ) ;
#2363 =( NAMED_UNIT ( * ) PLANE_ANGLE_UNIT ( ) SI_UNIT ( $, .RADIAN. ) );
#2364 = CARTESIAN_POINT ( 'NONE',  ( 0.3609219576591828904, 0.2550000000000000044, 0.3660767516741848526 ) ) ;
#2365 = SURFACE_SIDE_STYLE ('',( #4062 ) ) ;
#2366 = FACE_OUTER_BOUND ( 'NONE', #2181, .T. ) ;
#2367 = EDGE_LOOP ( 'NONE', ( #2904, #403, #401, #2662 ) ) ;
#2368 = SURFACE_STYLE_FILL_AREA ( #4067 ) ;
#2369 = CARTESIAN_POINT ( 'NONE',  ( 0.4983742392490947970, 0.2500000000000000000, 0.2937352156965030714 ) ) ;
#2370 = STYLED_ITEM ( 'NONE', ( #2746 ), #2628 ) ;
#2371 = CARTESIAN_POINT ( 'NONE',  ( 0.2451977462291358989, 0.2549999999999999489, 0.04977365593283739065 ) ) ;
#2372 = CARTESIAN_POINT ( 'NONE',  ( 0.5199740492514313139, 0.2550000000000000044, 0.01888171941402110032 ) ) ;
#2373 = ADVANCED_FACE ( 'NONE', ( #496 ), #3, .T. ) ;
#2374 = CARTESIAN_POINT ( 'NONE',  ( 0.3449037504082403949, 0.2500000000000001110, 0.3923734643136637112 ) ) ;
#2375 = CARTESIAN_POINT ( 'NONE',  ( 0.5291923890265178843, 0.2500000000000000000, 0.2966863009181258115 ) ) ;
#2376 = CARTESIAN_POINT ( 'NONE',  ( 0.3325618936002193160, 0.2550000000000000044, 0.3912593740084200911 ) ) ;
#2377 = CARTESIAN_POINT ( 'NONE',  ( 0.2736565952342382424, 0.2550000000000000044, 0.3437312720710575253 ) ) ;
#2378 = SURFACE_STYLE_FILL_AREA ( #664 ) ;
#2379 = CARTESIAN_POINT ( 'NONE',  ( 0.2988812081612535754, 0.2500000000000000000, 0.3557244623162266195 ) ) ;
#2380 = ORIENTED_EDGE ( 'NONE', *, *, #97, .F. ) ;
#2381 = DIRECTION ( 'NONE',  ( 0.000000000000000000, 0.000000000000000000, -1.000000000000000000 ) ) ;
#2382 = CARTESIAN_POINT ( 'NONE',  ( 0.3499999999999999223, -0.005000000000000000104, -1.550000000000000266 ) ) ;
#2383 = CARTESIAN_POINT ( 'NONE',  ( 0.3716250464267769060, 0.2500000000000000000, -0.01459103261554667991 ) ) ;
#2384 = FACE_OUTER_BOUND ( 'NONE', #3710, .T. ) ;
#2385 = CARTESIAN_POINT ( 'NONE',  ( 0.2510719378255823475, 0.2550000000000000600, -0.01330212592520405718 ) ) ;
#2386 = CARTESIAN_POINT ( 'NONE',  ( 0.3669171077351537358, 0.2550000000000000044, 0.1622761251758702561 ) ) ;
#2387 = CARTESIAN_POINT ( 'NONE',  ( 0.4468260874201817057, 0.2549999999999998934, 0.2253671889364799175 ) ) ;
#2388 = ORIENTED_EDGE ( 'NONE', *, *, #702, .F. ) ;
#2389 =( LENGTH_UNIT ( ) NAMED_UNIT ( * ) SI_UNIT ( .MILLI., .METRE. ) );
#2390 = CARTESIAN_POINT ( 'NONE',  ( 0.4117590748192688777, 0.2549999999999998934, 0.3637495133773601119 ) ) ;
#2391 = CARTESIAN_POINT ( 'NONE',  ( 0.2447019695037000453, 0.2550000000000000044, 0.05968781353829947373 ) ) ;
#2392 = CARTESIAN_POINT ( 'NONE',  ( 0.5228374215615234633, 0.2499999999999998335, 0.02512991195192196964 ) ) ;
#2393 = PLANE ( 'NONE',  #3075 ) ;
#2394 = CARTESIAN_POINT ( 'NONE',  ( 0.2517355398281143630, 0.2499999999999999445, 0.3195276494561348213 ) ) ;
#2395 = MECHANICAL_DESIGN_GEOMETRIC_PRESENTATION_REPRESENTATION (  '', ( #1886 ), #1179 ) ;
#2396 = CARTESIAN_POINT ( 'NONE',  ( 0.2903181480695645189, 0.2550000000000000600, -0.003029028281573119437 ) ) ;
#2397 = PRODUCT_CONTEXT ( 'NONE', #3327, 'mechanical' ) ;
#2398 = CARTESIAN_POINT ( 'NONE',  ( 0.5251901946821933009, 0.2550000000000000044, 0.03154420843651657008 ) ) ;
#2399 =( LENGTH_UNIT ( ) NAMED_UNIT ( * ) SI_UNIT ( .MILLI., .METRE. ) );
#2400 = VERTEX_POINT ( 'NONE', #2321 ) ;
#2401 = SURFACE_STYLE_USAGE ( .BOTH. , #3053 ) ;
#2402 = CARTESIAN_POINT ( 'NONE',  ( 0.5216250464267768727, 0.2500000000000000000, -0.2085213210770852088 ) ) ;
#2403 =( LENGTH_UNIT ( ) NAMED_UNIT ( * ) SI_UNIT ( .MILLI., .METRE. ) );
#2404 = CARTESIAN_POINT ( 'NONE',  ( 0.5251881570081580186, 0.2500000000000001110, 0.3172155748321827118 ) ) ;
#2405 = PLANE ( 'NONE',  #572 ) ;
#2406 = UNCERTAINTY_MEASURE_WITH_UNIT (LENGTH_MEASURE( 1.000000000000000082E-05 ), #4242, 'distance_accuracy_value', 'NONE');
#2407 = ADVANCED_FACE ( 'NONE', ( #3745 ), #1565, .T. ) ;
#2408 = ORIENTED_EDGE ( 'NONE', *, *, #1528, .F. ) ;
#2409 = CARTESIAN_POINT ( 'NONE',  ( 0.2651705834403098594, 0.2549999999999999489, 0.2440350096353815779 ) ) ;
#2410 = ORIENTED_EDGE ( 'NONE', *, *, #3263, .F. ) ;
#2411 = CARTESIAN_POINT ( 'NONE',  ( 0.2460160721585486210, 0.2550000000000000600, 0.1280771753194549500 ) ) ;
#2412 = CARTESIAN_POINT ( 'NONE',  ( 0.3215934521837010562, 0.2500000000000000000, 0.1310222418875869876 ) ) ;
#2413 = CARTESIAN_POINT ( 'NONE',  ( 0.3108994283731597030, 0.2550000000000000600, -0.009550281723668457498 ) ) ;
#2414 = CARTESIAN_POINT ( 'NONE',  ( 0.5251901946821933009, 0.2550000000000000044, 0.03154420843651657008 ) ) ;
#2415 = ORIENTED_EDGE ( 'NONE', *, *, #2589, .F. ) ;
#2416 = CARTESIAN_POINT ( 'NONE',  ( 0.2269301059006315624, 0.2500000000000001110, 0.3364356296005851510 ) ) ;
#2417 = CARTESIAN_POINT ( 'NONE',  ( 0.2460160721585485100, 0.2550000000000000044, 0.3588464060886857321 ) ) ;
#2418 = LINE ( 'NONE', #1424, #742 ) ;
#2419 = EDGE_CURVE ( 'NONE', #4421, #1600, #848, .T. ) ;
#2420 = CARTESIAN_POINT ( 'NONE',  ( 0.2521063102726366356, 0.2499999999999999445, 0.3636629979881789709 ) ) ;
#2421 = CARTESIAN_POINT ( 'NONE',  ( 0.5126136477912353051, 0.2500000000000000000, 0.2377175155634844717 ) ) ;
#2422 = CARTESIAN_POINT ( 'NONE',  ( 0.3043163308106932585, 0.2500000000000000000, 0.3575608577875803440 ) ) ;
#2423 = MECHANICAL_DESIGN_GEOMETRIC_PRESENTATION_REPRESENTATION (  '', ( #925 ), #1500 ) ;
#2424 = PRESENTATION_LAYER_ASSIGNMENT (  '', '', ( #1914 ) ) ;
#2425 = PRESENTATION_LAYER_ASSIGNMENT (  '', '', ( #2354 ) ) ;
#2426 = ORIENTED_EDGE ( 'NONE', *, *, #2123, .F. ) ;
#2427 =( GEOMETRIC_REPRESENTATION_CONTEXT ( 3 ) GLOBAL_UNCERTAINTY_ASSIGNED_CONTEXT ( ( #4024 ) ) GLOBAL_UNIT_ASSIGNED_CONTEXT ( ( #1954, #3330, #3896 ) ) REPRESENTATION_CONTEXT ( 'NONE', 'WORKASPACE' ) );
#2428 = ORIENTED_EDGE ( 'NONE', *, *, #1522, .F. ) ;
#2429 =( NAMED_UNIT ( * ) PLANE_ANGLE_UNIT ( ) SI_UNIT ( $, .RADIAN. ) );
#2430 = CARTESIAN_POINT ( 'NONE',  ( 0.3716250464267769060, 0.2550000000000000044, 0.2161781981536840813 ) ) ;
#2431 = ORIENTED_EDGE ( 'NONE', *, *, #2018, .F. ) ;
#2432 = CARTESIAN_POINT ( 'NONE',  ( 0.2815637261155051752, 0.2550000000000000044, 0.1490257754766321774 ) ) ;
#2433 = CARTESIAN_POINT ( 'NONE',  ( 0.3043163308106933695, 0.2550000000000001155, 0.1267916270183495620 ) ) ;
#2434 = SURFACE_STYLE_FILL_AREA ( #1082 ) ;
#2435 = AXIS2_PLACEMENT_3D ( 'NONE', #91, #2106, #3856 ) ;
#2436 =( NAMED_UNIT ( * ) SI_UNIT ( $, .STERADIAN. ) SOLID_ANGLE_UNIT ( ) );
#2437 = ORIENTED_EDGE ( 'NONE', *, *, #637, .T. ) ;
#2438 = CARTESIAN_POINT ( 'NONE',  ( 0.2903682165199150123, 0.2500000000000001110, 0.3829136533001883391 ) ) ;
#2439 = STYLED_ITEM ( 'NONE', ( #1527 ), #2373 ) ;
#2440 = CARTESIAN_POINT ( 'NONE',  ( 0.3676180150993510476, 0.2499999999999999445, 0.2161884364722178598 ) ) ;
#2441 = CARTESIAN_POINT ( 'NONE',  ( 0.3504766980390016662, 0.2550000000000000044, 0.3655341213651056020 ) ) ;
#2442 = CARTESIAN_POINT ( 'NONE',  ( 0.2205348298325185974, 0.2500000000000000000, 0.3238430338229474348 ) ) ;
#2443 = DIRECTION ( 'NONE',  ( -0.000000000000000000, 1.000000000000000000, -0.000000000000000000 ) ) ;
#2444 = DIRECTION ( 'NONE',  ( 1.000000000000000000, 0.000000000000000000, 0.000000000000000000 ) ) ;
#2445 = VERTEX_POINT ( 'NONE', #2905 ) ;
#2446 = PRESENTATION_STYLE_ASSIGNMENT (( #1430 ) ) ;
#2447 = ADVANCED_FACE ( 'NONE', ( #1938 ), #2954, .F. ) ;
#2448 = PRESENTATION_STYLE_ASSIGNMENT (( #1495 ) ) ;
#2449 = ORIENTED_EDGE ( 'NONE', *, *, #2734, .T. ) ;
#2450 = CARTESIAN_POINT ( 'NONE',  ( 0.2308799181315059901, 0.2499999999999998335, 0.1117024803113806086 ) ) ;
#2451 = CARTESIAN_POINT ( 'NONE',  ( 0.5293173541190847597, 0.2550000000000000600, 0.2895556019998379860 ) ) ;
#2452 = FILL_AREA_STYLE_COLOUR ( '', #2704 ) ;
#2453 = DIRECTION ( 'NONE',  ( 0.000000000000000000, -0.000000000000000000, 1.000000000000000000 ) ) ;
#2454 = CARTESIAN_POINT ( 'NONE',  ( 0.2460160721585485100, 0.2500000000000001110, 0.3588464060886857321 ) ) ;
#2455 =( NAMED_UNIT ( * ) PLANE_ANGLE_UNIT ( ) SI_UNIT ( $, .RADIAN. ) );
#2456 = CARTESIAN_POINT ( 'NONE',  ( 0.2979735486261178568, 0.2500000000000000000, -0.03440084372244785887 ) ) ;
#2457 = FACE_OUTER_BOUND ( 'NONE', #2089, .T. ) ;
#2458 = LINE ( 'NONE', #768, #4319 ) ;
#2459 = CARTESIAN_POINT ( 'NONE',  ( 0.5291923890265181063, 0.2500000000000001110, 0.06591707014889505722 ) ) ;
#2460 = CARTESIAN_POINT ( 'NONE',  ( 0.2962043733498538334, 0.2500000000000000000, 0.1240507943075302433 ) ) ;
#2461 = EDGE_CURVE ( 'NONE', #2687, #4412, #3936, .T. ) ;
#2462 = COLOUR_RGB ( '',0.1098039215686274495, 0.1098039215686274495, 0.1098039215686274495 ) ;
#2463 = CARTESIAN_POINT ( 'NONE',  ( 0.5293173541190847597, 0.2500000000000000555, 0.2895556019998379860 ) ) ;
#2464 = ORIENTED_EDGE ( 'NONE', *, *, #878, .F. ) ;
#2465 =( NAMED_UNIT ( * ) SI_UNIT ( $, .STERADIAN. ) SOLID_ANGLE_UNIT ( ) );
#2466 = VECTOR ( 'NONE', #743, 1000.000000000000000 ) ;
#2467 = CARTESIAN_POINT ( 'NONE',  ( -0.3499999999999998668, -0.005000000000000000104, -1.550000000000000266 ) ) ;
#2468 = CARTESIAN_POINT ( 'NONE',  ( 0.2140521054570816983, 0.2550000000000000044, 0.05175505172823655770 ) ) ;
#2469 = FACE_OUTER_BOUND ( 'NONE', #2712, .T. ) ;
#2470 = ORIENTED_EDGE ( 'NONE', *, *, #228, .T. ) ;
#2471 = EDGE_CURVE ( 'NONE', #2337, #249, #1273, .T. ) ;
#2472 = VERTEX_POINT ( 'NONE', #892 ) ;
#2473 = CARTESIAN_POINT ( 'NONE',  ( 0.2658206407734284293, 0.2499999999999997780, 0.1416053545387237489 ) ) ;
#2474 = CARTESIAN_POINT ( 'NONE',  ( -0.3499999999999998668, -0.005000000000000000104, 1.550000000000000266 ) ) ;
#2475 = CARTESIAN_POINT ( 'NONE',  ( 0.3504766980390017217, 0.2550000000000000044, 0.1347648905958748755 ) ) ;
#2476 = CARTESIAN_POINT ( 'NONE',  ( 0.3499999999999999223, 0.000000000000000000, -1.505000000000000115 ) ) ;
#2477 = VECTOR ( 'NONE', #1340, 1000.000000000000000 ) ;
#2478 = CARTESIAN_POINT ( 'NONE',  ( 0.2447019695037000453, 0.2550000000000000044, 0.05968781353829947373 ) ) ;
#2479 =( LENGTH_UNIT ( ) NAMED_UNIT ( * ) SI_UNIT ( .MILLI., .METRE. ) );
#2480 = CARTESIAN_POINT ( 'NONE',  ( 0.2609306113884458656, 0.2549999999999999489, 0.3325180337801624808 ) ) ;
#2481 = SURFACE_STYLE_USAGE ( .BOTH. , #4184 ) ;
#2482 = LINE ( 'NONE', #3817, #2060 ) ;
#2483 = FACE_OUTER_BOUND ( 'NONE', #1221, .T. ) ;
#2484 = SURFACE_STYLE_FILL_AREA ( #1127 ) ;
#2485 = FILL_AREA_STYLE ('',( #1169 ) ) ;
#2486 = STYLED_ITEM ( 'NONE', ( #4198 ), #1748 ) ;
#2487 = LINE ( 'NONE', #3169, #1190 ) ;
#2488 = PLANE ( 'NONE',  #2495 ) ;
#2489 = UNCERTAINTY_MEASURE_WITH_UNIT (LENGTH_MEASURE( 1.000000000000000082E-05 ), #208, 'distance_accuracy_value', 'NONE');
#2490 = STYLED_ITEM ( 'NONE', ( #1615 ), #2936 ) ;
#2491 = VERTEX_POINT ( 'NONE', #4306 ) ;
#2492 = B_SPLINE_CURVE_WITH_KNOTS ( 'NONE', 3,
 ( #2012, #3791, #2375, #4430, #2057, #4364, #4098, #3046, #3749, #681, #3456, #340, #968, #1987, #1698, #3025, #3067, #23, #1377, #3367, #1037, #3430, #297, #2751, #1657, #4050, #991 ),
 .UNSPECIFIED., .F., .F.,
 ( 4, 1, 1, 1, 1, 1, 1, 1, 1, 1, 1, 1, 1, 1, 1, 1, 1, 1, 1, 1, 1, 1, 1, 1, 4 ),
 ( 0.000000000000000000, 0.03378811616271041457, 0.06719393237388000817, 0.09986241085682508178, 0.1325666121262583930, 0.1651511732547862044, 0.1979131873557920251, 0.2313190035669618616, 0.2650832782673732124, 0.2992553087581146243, 0.3343985665049784006, 0.3699428235093077943, 0.4062835607000606086, 0.4440638196985083330, 0.4829977068727753786, 0.5233544466133043249, 0.5655365896041489870, 0.6096129240658193504, 0.6563908113764168606, 0.7058854949364572473, 0.7583245002617310382, 0.8138317829411501059, 0.8727945590393897390, 0.9347222295400737790, 0.9999999999999998890 ),
 .UNSPECIFIED. ) ;
#2493 = DIRECTION ( 'NONE',  ( 1.000000000000000000, 0.000000000000000000, 5.354084802397549790E-16 ) ) ;
#2494 = ORIENTED_EDGE ( 'NONE', *, *, #1981, .F. ) ;
#2495 = AXIS2_PLACEMENT_3D ( 'NONE', #3511, #804, #2116 ) ;
#2496 = CARTESIAN_POINT ( 'NONE',  ( 0.2903682165199149567, 0.2499999999999998890, 0.1521444225309575016 ) ) ;
#2497 = CARTESIAN_POINT ( 'NONE',  ( 0.3308013193309962685, 0.2500000000000000000, 0.1326991018089665186 ) ) ;
#2498 = VECTOR ( 'NONE', #4420, 1000.000000000000000 ) ;
#2499 = SURFACE_SIDE_STYLE ('',( #4177 ) ) ;
#2500 = VERTEX_POINT ( 'NONE', #830 ) ;
#2501 = CARTESIAN_POINT ( 'NONE',  ( 0.2139327387344692466, 0.2500000000000001110, 0.2895556019998379305 ) ) ;
#2502 = EDGE_CURVE ( 'NONE', #753, #3903, #559, .T. ) ;
#2503 = CARTESIAN_POINT ( 'NONE',  ( 0.2448670368211717796, 0.2500000000000000555, 0.2871561563937485295 ) ) ;
#2504 = CARTESIAN_POINT ( 'NONE',  ( 0.3574562401603848527, 0.2500000000000000555, -0.04143186214433881159 ) ) ;
#2505 =( GEOMETRIC_REPRESENTATION_CONTEXT ( 3 ) GLOBAL_UNCERTAINTY_ASSIGNED_CONTEXT ( ( #2762 ) ) GLOBAL_UNIT_ASSIGNED_CONTEXT ( ( #3041, #4359, #4094 ) ) REPRESENTATION_CONTEXT ( 'NONE', 'WORKASPACE' ) );
#2506 = DIRECTION ( 'NONE',  ( 0.000000000000000000, 0.000000000000000000, -1.000000000000000000 ) ) ;
#2507 = CARTESIAN_POINT ( 'NONE',  ( 0.4618707918203606155, 0.2500000000000000000, 0.1487914417822815694 ) ) ;
#2508 = PLANE ( 'NONE',  #4002 ) ;
#2509 = CARTESIAN_POINT ( 'NONE',  ( 0.5165343003413241929, 0.2500000000000001110, 0.3362671584683661341 ) ) ;
#2510 = VECTOR ( 'NONE', #313, 1000.000000000000000 ) ;
#2511 = SURFACE_STYLE_FILL_AREA ( #4212 ) ;
#2512 = CARTESIAN_POINT ( 'NONE',  ( 0.4700291176353074696, 0.2549999999999999489, 0.3758977003933468009 ) ) ;
#2513 = CARTESIAN_POINT ( 'NONE',  ( 0.2161899763799059460, 0.2549999999999998934, 0.03811535856502918512 ) ) ;
#2514 = CARTESIAN_POINT ( 'NONE',  ( -0.3462891350418384473, 0.2550000000000000044, 1.359762003597620783 ) ) ;
#2515 = LINE ( 'NONE', #150, #2285 ) ;
#2516 = ORIENTED_EDGE ( 'NONE', *, *, #1115, .T. ) ;
#2517 = CARTESIAN_POINT ( 'NONE',  ( 0.4642769106751517549, 0.2500000000000001110, 0.002728165199317463853 ) ) ;
#2518 = CARTESIAN_POINT ( 'NONE',  ( 0.4692927124641249614, 0.2550000000000000600, 0.2367659397533434795 ) ) ;
#2519 = SURFACE_STYLE_FILL_AREA ( #2148 ) ;
#2520 = FILL_AREA_STYLE_COLOUR ( '', #4083 ) ;
#2521 = CARTESIAN_POINT ( 'NONE',  ( 0.2265602760167029495, 0.2549999999999998934, 0.2437536797029685731 ) ) ;
#2522 = DIRECTION ( 'NONE',  ( -1.000000000000000000, -0.000000000000000000, -0.000000000000000000 ) ) ;
#2523 = SURFACE_STYLE_USAGE ( .BOTH. , #3103 ) ;
#2524 = CARTESIAN_POINT ( 'NONE',  ( -0.3499999999999998668, -0.005000000000000000104, 1.550000000000000266 ) ) ;
#2525 = SURFACE_STYLE_USAGE ( .BOTH. , #3885 ) ;
#2526 = CARTESIAN_POINT ( 'NONE',  ( 0.5216250464267768727, 0.2550000000000000044, -0.1530525710770851977 ) ) ;
#2527 = PRESENTATION_LAYER_ASSIGNMENT (  '', '', ( #216 ) ) ;
#2528 = LINE ( 'NONE', #487, #2073 ) ;
#2529 = ORIENTED_EDGE ( 'NONE', *, *, #4356, .F. ) ;
#2530 = LINE ( 'NONE', #2924, #374 ) ;
#2531 = SURFACE_STYLE_FILL_AREA ( #490 ) ;
#2532 = EDGE_CURVE ( 'NONE', #423, #3257, #1717, .T. ) ;
#2533 = CARTESIAN_POINT ( 'NONE',  ( 0.2962043733498538334, 0.2550000000000000044, 0.3548200250767610253 ) ) ;
#2534 = LINE ( 'NONE', #762, #1067 ) ;
#2535 = EDGE_LOOP ( 'NONE', ( #3077, #780, #3847, #155 ) ) ;
#2536 = CARTESIAN_POINT ( 'NONE',  ( 0.3325618936002194270, 0.2500000000000000000, 0.1604901432391893368 ) ) ;
#2537 = FILL_AREA_STYLE_COLOUR ( '', #3873 ) ;
#2538 = FACE_OUTER_BOUND ( 'NONE', #1622, .T. ) ;
#2539 = STYLED_ITEM ( 'NONE', ( #1386 ), #4243 ) ;
#2540 = ORIENTED_EDGE ( 'NONE', *, *, #1062, .T. ) ;
#2541 = CARTESIAN_POINT ( 'NONE',  ( 0.2396637531941708810, 0.2499999999999998890, 0.2270046268005155576 ) ) ;
#2542 = PRESENTATION_LAYER_ASSIGNMENT (  '', '', ( #4051 ) ) ;
#2543 = CARTESIAN_POINT ( 'NONE',  ( 0.7999999999999999334, 0.000000000000000000, 1.550000000000000266 ) ) ;
#2544 = CARTESIAN_POINT ( 'NONE',  ( 0.4848161154588461752, 0.2499999999999999445, 0.3678452316958816248 ) ) ;
#2545 = CARTESIAN_POINT ( 'NONE',  ( 0.2900163870072657302, 0.2550000000000000600, 0.1217568036659914116 ) ) ;
#2546 = CARTESIAN_POINT ( 'NONE',  ( 0.3379999892286715268, 0.2499999999999999445, -0.01333465813273852080 ) ) ;
#2547 = CARTESIAN_POINT ( 'NONE',  ( 0.7550000000000002265, -0.2550000000000000044, 0.6500000000000007994 ) ) ;
#2548 = CARTESIAN_POINT ( 'NONE',  ( 0.2510719378255823475, 0.2500000000000000555, -0.01330212592520405718 ) ) ;
#2549 = CARTESIAN_POINT ( 'NONE',  ( 0.2979735486261178568, 0.2550000000000000044, 0.1963683870467829162 ) ) ;
#2550 = ORIENTED_EDGE ( 'NONE', *, *, #1233, .T. ) ;
#2551 = CARTESIAN_POINT ( 'NONE',  ( 0.5228374215615236853, 0.2500000000000001110, 0.2558991427211528280 ) ) ;
#2552 = CARTESIAN_POINT ( 'NONE',  ( 0.4692927124641249614, 0.2500000000000000000, 0.2367659397533434795 ) ) ;
#2553 = VECTOR ( 'NONE', #1188, 1000.000000000000000 ) ;
#2554 = CARTESIAN_POINT ( 'NONE',  ( 0.3822869060884304671, 0.2550000000000000044, 0.1352975113623516024 ) ) ;
#2555 = CARTESIAN_POINT ( 'NONE',  ( 0.4120316229970328870, 0.2500000000000000000, -0.03981448432465694437 ) ) ;
#2556 =( GEOMETRIC_REPRESENTATION_CONTEXT ( 3 ) GLOBAL_UNCERTAINTY_ASSIGNED_CONTEXT ( ( #1300 ) ) GLOBAL_UNIT_ASSIGNED_CONTEXT ( ( #1972, #977, #1704 ) ) REPRESENTATION_CONTEXT ( 'NONE', 'WORKASPACE' ) );
#2557 = VECTOR ( 'NONE', #1733, 1000.000000000000000 ) ;
#2558 = EDGE_LOOP ( 'NONE', ( #2449, #3822, #104, #1669 ) ) ;
#2559 = COLOUR_RGB ( '',0.1098039215686274495, 0.1098039215686274495, 0.1098039215686274495 ) ;
#2560 = CARTESIAN_POINT ( 'NONE',  ( 0.3669171077351537358, 0.2500000000000000000, 0.1622761251758702561 ) ) ;
#2561 = PRESENTATION_STYLE_ASSIGNMENT (( #3958 ) ) ;
#2562 = CARTESIAN_POINT ( 'NONE',  ( 0.2903181480695645189, 0.2500000000000000000, 0.2277402024876576114 ) ) ;
#2563 = VECTOR ( 'NONE', #427, 1000.000000000000000 ) ;
#2564 = CARTESIAN_POINT ( 'NONE',  ( 0.7999999999999999334, 0.000000000000000000, -1.549999999999999822 ) ) ;
#2565 = SURFACE_STYLE_FILL_AREA ( #205 ) ;
#2566 = FACE_OUTER_BOUND ( 'NONE', #3242, .T. ) ;
#2567 = CARTESIAN_POINT ( 'NONE',  ( 0.5216250464267768727, 0.2500000000000000000, -0.2085213210770852088 ) ) ;
#2568 = CARTESIAN_POINT ( 'NONE',  ( 0.4435254987353813849, 0.2549999999999999489, 0.3855738067239312672 ) ) ;
#2569 = CARTESIAN_POINT ( 'NONE',  ( 0.2303991248534654757, 0.2550000000000000600, 0.007130621510016151889 ) ) ;
#2570 = CARTESIAN_POINT ( 'NONE',  ( 0.5165343003413240819, 0.2500000000000000000, 0.1054979276991352827 ) ) ;
#2571 = ADVANCED_FACE ( 'NONE', ( #3677 ), #335, .F. ) ;
#2572 = CARTESIAN_POINT ( 'NONE',  ( 0.4865844590520803647, 0.2500000000000001110, 0.09606575918405915737 ) ) ;
#2573 = ORIENTED_EDGE ( 'NONE', *, *, #1355, .F. ) ;
#2574 = CARTESIAN_POINT ( 'NONE',  ( 0.2179895875073089573, 0.2500000000000000000, 0.2623334247527350782 ) ) ;
#2575 = CARTESIAN_POINT ( 'NONE',  ( 0.4468260874201818722, 0.2500000000000000000, -0.005402041832750806467 ) ) ;
#2576 = CARTESIAN_POINT ( 'NONE',  ( 0.4399940167706367089, 0.2550000000000000600, 0.2232021249723261103 ) ) ;
#2577 = LINE ( 'NONE', #2597, #3998 ) ;
#2578 = UNCERTAINTY_MEASURE_WITH_UNIT (LENGTH_MEASURE( 1.000000000000000082E-05 ), #3246, 'distance_accuracy_value', 'NONE');
#2579 = CARTESIAN_POINT ( 'NONE',  ( 0.5291991250996400664, 0.2499999999999999445, 0.05175476606220862086 ) ) ;
#2580 = VERTEX_POINT ( 'NONE', #4005 ) ;
#2581 = ORIENTED_EDGE ( 'NONE', *, *, #4145, .F. ) ;
#2582 = CARTESIAN_POINT ( 'NONE',  ( 0.2161899763799060292, 0.2549999999999999489, 0.2688845893342600157 ) ) ;
#2583 = CARTESIAN_POINT ( 'NONE',  ( 0.3191939702398286505, 0.2500000000000001110, -0.01106800906330241904 ) ) ;
#2584 = CARTESIAN_POINT ( 'NONE',  ( -0.3499999999999999778, 0.000000000000000000, 1.505000000000000338 ) ) ;
#2585 = CARTESIAN_POINT ( 'NONE',  ( 0.7500000000000001110, 0.000000000000000000, -1.500000000000000000 ) ) ;
#2586 =( NAMED_UNIT ( * ) PLANE_ANGLE_UNIT ( ) SI_UNIT ( $, .RADIAN. ) );
#2587 = FILL_AREA_STYLE ('',( #1239 ) ) ;
#2588 = CARTESIAN_POINT ( 'NONE',  ( 0.3667365284075024268, 0.2500000000000000555, -0.04148619344910531997 ) ) ;
#2589 = EDGE_CURVE ( 'NONE', #1768, #2937, #1652, .T. ) ;
#2590 =( LENGTH_UNIT ( ) NAMED_UNIT ( * ) SI_UNIT ( .MILLI., .METRE. ) );
#2591 = PLANE ( 'NONE',  #2930 ) ;
#2592 = CARTESIAN_POINT ( 'NONE',  ( 0.3499999999999999223, 0.000000000000000000, 1.100000000000000755 ) ) ;
#2593 = ORIENTED_EDGE ( 'NONE', *, *, #4169, .F. ) ;
#2594 = CARTESIAN_POINT ( 'NONE',  ( 0.4908558156575461573, 0.2500000000000000000, -0.2261294941540082926 ) ) ;
#2595 = CARTESIAN_POINT ( 'NONE',  ( 0.4865542860580310824, 0.2550000000000000600, 0.02308575601190687374 ) ) ;
#2596 = CARTESIAN_POINT ( 'NONE',  ( 0.3947895301926684364, 0.2500000000000000000, 0.2167292253294735849 ) ) ;
#2597 = CARTESIAN_POINT ( 'NONE',  ( 0.7500000000000001110, -0.2500000000000000000, -1.500000000000000000 ) ) ;
#2598 = CARTESIAN_POINT ( 'NONE',  ( 0.3763132016404041602, 0.2499999999999999445, -0.04148599369791215047 ) ) ;
#2599 = EDGE_CURVE ( 'NONE', #4300, #1546, #677, .T. ) ;
#2600 = VERTEX_POINT ( 'NONE', #2005 ) ;
#2601 = COLOUR_RGB ( '',0.1098039215686274495, 0.1098039215686274495, 0.1098039215686274495 ) ;
#2602 =( LENGTH_UNIT ( ) NAMED_UNIT ( * ) SI_UNIT ( .MILLI., .METRE. ) );
#2603 = FILL_AREA_STYLE_COLOUR ( '', #1788 ) ;
#2604 = CARTESIAN_POINT ( 'NONE',  ( 0.2651705834403099704, 0.2500000000000000555, 0.01326577886615086174 ) ) ;
#2605 = DIRECTION ( 'NONE',  ( 0.000000000000000000, -1.000000000000000000, 0.000000000000000000 ) ) ;
#2606 = DIRECTION ( 'NONE',  ( -0.000000000000000000, -1.000000000000000000, -0.000000000000000000 ) ) ;
#2607 = EDGE_CURVE ( 'NONE', #2580, #3381, #1694, .T. ) ;
#2608 = SURFACE_STYLE_USAGE ( .BOTH. , #2259 ) ;
#2609 = CARTESIAN_POINT ( 'NONE',  ( 0.3856534860068833170, 0.2549999999999999489, 0.1893378524971552901 ) ) ;
#2610 = CARTESIAN_POINT ( 'NONE',  ( 0.2718723217780564805, 0.2550000000000000044, -0.02533225334886974808 ) ) ;
#2611 = CARTESIAN_POINT ( 'NONE',  ( 0.3761127155309559322, 0.2550000000000000044, 0.1622767672562928920 ) ) ;
#2612 = CARTESIAN_POINT ( 'NONE',  ( 0.3992635981670664691, 0.2500000000000000000, 0.1899454314536185018 ) ) ;
#2613 = PRODUCT_DEFINITION_CONTEXT ( 'detailed design', #3704, 'design' ) ;
#2614 = DIRECTION ( 'NONE',  ( -0.000000000000000000, 1.000000000000000000, -0.000000000000000000 ) ) ;
#2615 = ORIENTED_EDGE ( 'NONE', *, *, #2775, .T. ) ;
#2616 = CARTESIAN_POINT ( 'NONE',  ( 0.000000000000000000, 0.000000000000000000, 0.000000000000000000 ) ) ;
#2617 = FACE_OUTER_BOUND ( 'NONE', #3448, .T. ) ;
#2618 = CARTESIAN_POINT ( 'NONE',  ( 0.5030455441436048059, 0.2550000000000000044, 0.1226401733423991419 ) ) ;
#2619 = CARTESIAN_POINT ( 'NONE',  ( 0.4820019532783511584, 0.2549999999999999489, 0.3325621779070341844 ) ) ;
#2620 = VECTOR ( 'NONE', #3205, 1000.000000000000000 ) ;
#2621 = ORIENTED_EDGE ( 'NONE', *, *, #2589, .T. ) ;
#2622 =( GEOMETRIC_REPRESENTATION_CONTEXT ( 3 ) GLOBAL_UNCERTAINTY_ASSIGNED_CONTEXT ( ( #4417 ) ) GLOBAL_UNIT_ASSIGNED_CONTEXT ( ( #3503, #465, #1382 ) ) REPRESENTATION_CONTEXT ( 'NONE', 'WORKASPACE' ) );
#2623 = CARTESIAN_POINT ( 'NONE',  ( 0.2233996090651760025, 0.2499999999999999445, 0.09949787913143455509 ) ) ;
#2624 = PRESENTATION_STYLE_ASSIGNMENT (( #2228 ) ) ;
#2625 = EDGE_CURVE ( 'NONE', #2837, #585, #4402, .T. ) ;
#2626 = PRESENTATION_LAYER_ASSIGNMENT (  '', '', ( #1368 ) ) ;
#2627 = MECHANICAL_DESIGN_GEOMETRIC_PRESENTATION_REPRESENTATION (  '', ( #2706 ), #2137 ) ;
#2628 = ADVANCED_FACE ( 'NONE', ( #2649 ), #1045, .T. ) ;
#2629 = CARTESIAN_POINT ( 'NONE',  ( 0.3667365284075024268, 0.2550000000000000600, 0.1892830373201254968 ) ) ;
#2630 = SURFACE_SIDE_STYLE ('',( #1279 ) ) ;
#2631 = CARTESIAN_POINT ( 'NONE',  ( 0.2216250464267769393, 0.2550000000000000044, -0.1530525710770851977 ) ) ;
#2632 = EDGE_CURVE ( 'NONE', #3106, #3587, #2530, .T. ) ;
#2633 = PRESENTATION_LAYER_ASSIGNMENT (  '', '', ( #794 ) ) ;
#2634 = CARTESIAN_POINT ( 'NONE',  ( 0.3485403031918936634, 0.2500000000000000555, -0.01404182080356756145 ) ) ;
#2635 = CARTESIAN_POINT ( 'NONE',  ( 0.5032692303471847373, 0.2500000000000000555, 0.2267621198123118409 ) ) ;
#2636 = CARTESIAN_POINT ( 'NONE',  ( 0.2303991248534654757, 0.2500000000000000555, 0.007130621510016151889 ) ) ;
#2637 = CARTESIAN_POINT ( 'NONE',  ( 0.3761127155309559322, 0.2500000000000000000, 0.1622767672562928920 ) ) ;
#2638 = CARTESIAN_POINT ( 'NONE',  ( 0.2609306113884458656, 0.2499999999999999445, 0.3325180337801624808 ) ) ;
#2639 = ORIENTED_EDGE ( 'NONE', *, *, #4020, .T. ) ;
#2640 = CARTESIAN_POINT ( 'NONE',  ( 0.4117590748192689887, 0.2500000000000000000, 0.1329802826081294687 ) ) ;
#2641 = STYLED_ITEM ( 'NONE', ( #2624 ), #2309 ) ;
#2642 = ORIENTED_EDGE ( 'NONE', *, *, #2775, .F. ) ;
#2643 = CARTESIAN_POINT ( 'NONE',  ( 0.4980260946465296934, 0.2500000000000000000, 0.3002986546214612695 ) ) ;
#2644 = FACE_OUTER_BOUND ( 'NONE', #2558, .T. ) ;
#2645 = CARTESIAN_POINT ( 'NONE',  ( 0.5080823443267479256, 0.2549999999999999489, 0.1172017765162192277 ) ) ;
#2646 = CARTESIAN_POINT ( 'NONE',  ( 0.2643953523856992227, 0.2550000000000000600, -0.02170178781106716498 ) ) ;
#2647 = CARTESIAN_POINT ( 'NONE',  ( 0.3100416389117918725, 0.2550000000000000044, 0.1571493129694797319 ) ) ;
#2648 = ORIENTED_EDGE ( 'NONE', *, *, #3613, .F. ) ;
#2649 = FACE_OUTER_BOUND ( 'NONE', #4126, .T. ) ;
#2650 = ADVANCED_FACE ( 'NONE', ( #1197 ), #1332, .T. ) ;
#2651 = CARTESIAN_POINT ( 'NONE',  ( 0.3752313441487289958, 0.2500000000000000000, 0.3661404989519164710 ) ) ;
#2652 =( NAMED_UNIT ( * ) PLANE_ANGLE_UNIT ( ) SI_UNIT ( $, .RADIAN. ) );
#2653 = CARTESIAN_POINT ( 'NONE',  ( 0.3325618936002193160, 0.2500000000000001110, 0.3912593740084200911 ) ) ;
#2654 = CARTESIAN_POINT ( 'NONE',  ( 0.4908558156575461573, 0.2550000000000000044, -0.2261294941540082926 ) ) ;
#2655 = CARTESIAN_POINT ( 'NONE',  ( 0.4024302860308480168, 0.2499999999999997780, 0.1340342281553511539 ) ) ;
#2656 = CARTESIAN_POINT ( 'NONE',  ( 0.2447019695037000730, 0.2550000000000000600, 0.2904570443075302766 ) ) ;
#2657 = STYLED_ITEM ( 'NONE', ( #1944 ), #513 ) ;
#2658 = STYLED_ITEM ( 'NONE', ( #3892 ), #601 ) ;
#2659 = CARTESIAN_POINT ( 'NONE',  ( 0.2519284730706104480, 0.2550000000000000044, 0.03055752267852051424 ) ) ;
#2660 = MECHANICAL_DESIGN_GEOMETRIC_PRESENTATION_REPRESENTATION (  '', ( #3392 ), #3607 ) ;
#2661 = DIRECTION ( 'NONE',  ( -1.000000000000000000, -0.000000000000000000, -0.000000000000000000 ) ) ;
#2662 = ORIENTED_EDGE ( 'NONE', *, *, #3385, .T. ) ;
#2663 = DIRECTION ( 'NONE',  ( 0.000000000000000000, -1.000000000000000000, 0.000000000000000000 ) ) ;
#2664 = FILL_AREA_STYLE ('',( #1026 ) ) ;
#2665 = UNCERTAINTY_MEASURE_WITH_UNIT (LENGTH_MEASURE( 1.000000000000000082E-05 ), #2848, 'distance_accuracy_value', 'NONE');
#2666 = DIRECTION ( 'NONE',  ( -1.000000000000000000, -0.000000000000000000, -0.000000000000000000 ) ) ;
#2667 = ORIENTED_EDGE ( 'NONE', *, *, #124, .T. ) ;
#2668 = EDGE_CURVE ( 'NONE', #1731, #3287, #772, .T. ) ;
#2669 = CARTESIAN_POINT ( 'NONE',  ( 0.2353964195976299134, 0.2500000000000000555, 0.1174767586305768552 ) ) ;
#2670 = CARTESIAN_POINT ( 'NONE',  ( 0.4912568901640653185, 0.2500000000000000000, 0.3193371939639387258 ) ) ;
#2671 =( GEOMETRIC_REPRESENTATION_CONTEXT ( 3 ) GLOBAL_UNCERTAINTY_ASSIGNED_CONTEXT ( ( #2489 ) ) GLOBAL_UNIT_ASSIGNED_CONTEXT ( ( #208, #2586, #4340 ) ) REPRESENTATION_CONTEXT ( 'NONE', 'WORKASPACE' ) );
#2672 =( LENGTH_UNIT ( ) NAMED_UNIT ( * ) SI_UNIT ( .MILLI., .METRE. ) );
#2673 = B_SPLINE_SURFACE_WITH_KNOTS ( 'NONE', 3, 1, ( 
 ( #1007, #3254 ),
 ( #4036, #4297 ),
 ( #618, #3616 ),
 ( #3663, #211 ),
 ( #4318, #929 ),
 ( #2237, #3968 ),
 ( #3322, #2261 ),
 ( #1879, #902 ),
 ( #3276, #2570 ),
 ( #879, #1971 ),
 ( #1598, #1578 ),
 ( #189, #1556 ),
 ( #551, #2308 ),
 ( #3300, #258 ),
 ( #4273, #1219 ),
 ( #2985, #4370 ),
 ( #1314, #3348 ),
 ( #3011, #1926 ),
 ( #528, #2220 ),
 ( #3639, #4343 ),
 ( #3949, #1900 ),
 ( #576, #2287 ),
 ( #1640, #238 ),
 ( #1618, #2965 ),
 ( #1262, #1287 ),
 ( #2611, #2637 ),
 ( #4014, #952 ) ),
 .UNSPECIFIED., .F., .F., .F.,
 ( 4, 1, 1, 1, 1, 1, 1, 1, 1, 1, 1, 1, 1, 1, 1, 1, 1, 1, 1, 1, 1, 1, 1, 1, 4 ),
 ( 2, 2 ),
 ( 0.000000000000000000, 0.03378811616271036600, 0.06719393237388002205, 0.09986241085682509566, 0.1325666121262583930, 0.1651511732547863709, 0.1979131873557919419, 0.2313190035669618894, 0.2650832782673731569, 0.2992553087581145133, 0.3343985665049785116, 0.3699428235093078499, 0.4062835607000607197, 0.4440638196985083330, 0.4829977068727754341, 0.5233544466133044359, 0.5655365896041492091, 0.6096129240658194615, 0.6563908113764169716, 0.7058854949364574694, 0.7583245002617312602, 0.8138317829411503279, 0.8727945590393898501, 0.9347222295400738901, 1.000000000000000000 ),
 ( 0.000000000000000000, 1.000000000000000000 ),
 .UNSPECIFIED. ) ;
#2674 = SURFACE_STYLE_USAGE ( .BOTH. , #3384 ) ;
#2675 = STYLED_ITEM ( 'NONE', ( #680 ), #3938 ) ;
#2676 = SURFACE_STYLE_USAGE ( .BOTH. , #1307 ) ;
#2677 = B_SPLINE_CURVE_WITH_KNOTS ( 'NONE', 3,
 ( #3556, #4176, #4197, #2122, #4220, #406, #1098, #2475, #3491, #3131, #2145 ),
 .UNSPECIFIED., .F., .F.,
 ( 4, 1, 1, 1, 1, 1, 1, 1, 4 ),
 ( 0.000000000000000000, 0.1105883385953361497, 0.2245417540535960821, 0.3425034940501039404, 0.4643240984173586106, 0.5907560327017669088, 0.7222274753555149029, 0.8588428362087248136, 1.000000000000000000 ),
 .UNSPECIFIED. ) ;
#2678 = CARTESIAN_POINT ( 'NONE',  ( 0.2139327387344692466, 0.2550000000000000044, 0.2895556019998379305 ) ) ;
#2679 = CARTESIAN_POINT ( 'NONE',  ( 0.2140364680349419180, 0.2550000000000000044, 0.2966910655808314146 ) ) ;
#2680 = CARTESIAN_POINT ( 'NONE',  ( 0.2690366555843884955, 0.2550000000000000044, 0.3402305227978051350 ) ) ;
#2681 = CARTESIAN_POINT ( 'NONE',  ( 0.2790928080514478160, 0.2550000000000000044, 0.002607234034223803419 ) ) ;
#2682 = FACE_OUTER_BOUND ( 'NONE', #4104, .T. ) ;
#2683 = CARTESIAN_POINT ( 'NONE',  ( 0.5199740492514313139, 0.2550000000000000044, 0.2496509501832518130 ) ) ;
#2684 = CARTESIAN_POINT ( 'NONE',  ( 0.4239581713153415810, 0.2500000000000001665, 0.1923379500496305294 ) ) ;
#2685 = MECHANICAL_DESIGN_GEOMETRIC_PRESENTATION_REPRESENTATION (  '', ( #2539 ), #2908 ) ;
#2686 = VERTEX_POINT ( 'NONE', #2689 ) ;
#2687 = VERTEX_POINT ( 'NONE', #625 ) ;
#2688 = DIRECTION ( 'NONE',  ( 0.000000000000000000, 0.000000000000000000, -1.000000000000000000 ) ) ;
#2689 = CARTESIAN_POINT ( 'NONE',  ( 0.3499999999999999223, -0.2550000000000000044, 0.6500000000000007994 ) ) ;
#2690 = CARTESIAN_POINT ( 'NONE',  ( 0.5292755413897418659, 0.2500000000000001110, 0.2919415001556385780 ) ) ;
#2691 = CARTESIAN_POINT ( 'NONE',  ( 0.5216250464267768727, 0.2550000000000000044, -0.1530525710770851977 ) ) ;
#2692 = EDGE_CURVE ( 'NONE', #2445, #3483, #3307, .T. ) ;
#2693 = FILL_AREA_STYLE ('',( #1666 ) ) ;
#2694 = CARTESIAN_POINT ( 'NONE',  ( 0.000000000000000000, -0.2500000000000000000, 0.000000000000000000 ) ) ;
#2695 = ORIENTED_EDGE ( 'NONE', *, *, #42, .T. ) ;
#2696 = CARTESIAN_POINT ( 'NONE',  ( 0.2140364680349419735, 0.2500000000000000000, 0.06592183481160066028 ) ) ;
#2697 = CARTESIAN_POINT ( 'NONE',  ( 0.4572685055485783967, 0.2500000000000000555, 0.3506493647028053329 ) ) ;
#2698 = CARTESIAN_POINT ( 'NONE',  ( 0.3191939702398286505, 0.2550000000000001155, -0.01106800906330241904 ) ) ;
#2699 = CARTESIAN_POINT ( 'NONE',  ( 0.5126136477912353051, 0.2499999999999998890, 0.006948284794253757266 ) ) ;
#2700 = MECHANICAL_DESIGN_GEOMETRIC_PRESENTATION_REPRESENTATION (  '', ( #2486 ), #2199 ) ;
#2701 = CARTESIAN_POINT ( 'NONE',  ( 0.2643953523856992227, 0.2550000000000000600, 0.2090674429581636795 ) ) ;
#2702 = CARTESIAN_POINT ( 'NONE',  ( 0.2447019695037000453, 0.2500000000000000000, 0.05968781353829947373 ) ) ;
#2703 = CARTESIAN_POINT ( 'NONE',  ( 0.4685873095345626238, 0.2549999999999999489, 0.1134035747727367566 ) ) ;
#2704 = COLOUR_RGB ( '',0.1098039215686274495, 0.1098039215686274495, 0.1098039215686274495 ) ;
#2705 = FILL_AREA_STYLE ('',( #3410 ) ) ;
#2706 = STYLED_ITEM ( 'NONE', ( #232 ), #2974 ) ;
#2707 = LINE ( 'NONE', #3345, #4180 ) ;
#2708 = CARTESIAN_POINT ( 'NONE',  ( 0.3856534860068833170, 0.2500000000000000000, 0.1893378524971552901 ) ) ;
#2709 = CARTESIAN_POINT ( 'NONE',  ( 0.5228374215615236853, 0.2550000000000000600, 0.2558991427211528280 ) ) ;
#2710 = VECTOR ( 'NONE', #3553, 1000.000000000000000 ) ;
#2711 = CARTESIAN_POINT ( 'NONE',  ( 0.4786180227454666647, 0.2499999999999999445, 0.2087645651065107022 ) ) ;
#2712 = EDGE_LOOP ( 'NONE', ( #621, #4257, #1111, #2723 ) ) ;
#2713 = DIRECTION ( 'NONE',  ( -0.000000000000000000, 0.000000000000000000, -1.000000000000000000 ) ) ;
#2714 = B_SPLINE_CURVE_WITH_KNOTS ( 'NONE', 3,
 ( #1931, #1296, #956, #3997, #3691, #884, #624, #1225, #2314, #3669, #284, #2969, #4301, #4040, #1904, #1977, #4324, #980, #907, #1645, #2643, #2338, #3711 ),
 .UNSPECIFIED., .F., .F.,
 ( 4, 1, 1, 1, 1, 1, 1, 1, 1, 1, 1, 1, 1, 1, 1, 1, 1, 1, 1, 1, 4 ),
 ( 0.000000000000000000, 0.06568343212078688043, 0.1285067289146421543, 0.1881673103733746133, 0.2451002472096336371, 0.2994443895091744023, 0.3508944417317637621, 0.3999212696944037249, 0.4466529223048519293, 0.4912372285188452703, 0.5333604721790475844, 0.5738382596722066964, 0.6125131318951645421, 0.6495852175762252267, 0.6855213450018983190, 0.7200962655338506435, 0.7538292898209776327, 0.8189192568383034665, 0.8804893966640126024, 0.9403093035504377362, 0.9999999999999998890 ),
 .UNSPECIFIED. ) ;
#2715 = ORIENTED_EDGE ( 'NONE', *, *, #1291, .F. ) ;
#2716 = CARTESIAN_POINT ( 'NONE',  ( 0.3715048541190846265, 0.2500000000000000000, 0.1892551212306071706 ) ) ;
#2717 = B_SPLINE_SURFACE_WITH_KNOTS ( 'NONE', 3, 1, ( 
 ( #230, #160 ),
 ( #3224, #543 ),
 ( #1529, #3269 ),
 ( #1613, #2960 ),
 ( #2582, #203 ),
 ( #1235, #1571 ),
 ( #2889, #894 ),
 ( #2280, #2980 ),
 ( #2521, #2254 ),
 ( #3631, #3894 ),
 ( #4248, #3917 ),
 ( #2213, #2541 ),
 ( #567, #832 ),
 ( #2190, #3563 ),
 ( #3024, #698 ),
 ( #2701, #634 ),
 ( #612, #4030 ),
 ( #1674, #1278 ),
 ( #339, #1986 ),
 ( #4074, #1966 ),
 ( #318, #365 ),
 ( #3681, #2729 ),
 ( #2056, #1351 ),
 ( #3429, #2011 ),
 ( #1721, #4363 ),
 ( #2629, #1036 ),
 ( #3386, #4336 ) ),
 .UNSPECIFIED., .F., .F., .F.,
 ( 4, 1, 1, 1, 1, 1, 1, 1, 1, 1, 1, 1, 1, 1, 1, 1, 1, 1, 1, 1, 1, 1, 1, 1, 4 ),
 ( 2, 2 ),
 ( 0.000000000000000000, 0.03378920173289939183, 0.06662571054411649263, 0.09929091792950051065, 0.1316449910201465123, 0.1636017227828676923, 0.1961224403990334542, 0.2289227629684998100, 0.2621805876121068857, 0.2960158121508758011, 0.3302445177381409525, 0.3650886174602971379, 0.4009817122734755657, 0.4376535877480990933, 0.4757430520779057370, 0.5152914703679793984, 0.5563268164025524376, 0.5996807419869993883, 0.6463429061422883981, 0.6964129774199110390, 0.7497662961685440663, 0.8065615401783301497, 0.8674274672223043492, 0.9318826096926672298, 1.000000000000000000 ),
 ( 0.000000000000000000, 1.000000000000000000 ),
 .UNSPECIFIED. ) ;
#2718 = PRESENTATION_STYLE_ASSIGNMENT (( #1003 ) ) ;
#2719 = CARTESIAN_POINT ( 'NONE',  ( 0.3850919597461412991, 0.2549999999999999489, 0.1621690500100066712 ) ) ;
#2720 = LINE ( 'NONE', #3356, #3499 ) ;
#2721 = UNCERTAINTY_MEASURE_WITH_UNIT (LENGTH_MEASURE( 1.000000000000000082E-05 ), #810, 'distance_accuracy_value', 'NONE');
#2722 = CARTESIAN_POINT ( 'NONE',  ( 0.4980261075446618113, 0.2550000000000000600, 0.2804964291373187590 ) ) ;
#2723 = ORIENTED_EDGE ( 'NONE', *, *, #1963, .F. ) ;
#2724 = FILL_AREA_STYLE_COLOUR ( '', #4290 ) ;
#2725 = CARTESIAN_POINT ( 'NONE',  ( 0.4631644588648077820, 0.2499999999999999445, 0.3475451164375318869 ) ) ;
#2726 = VECTOR ( 'NONE', #3982, 1000.000000000000000 ) ;
#2727 = CARTESIAN_POINT ( 'NONE',  ( 0.2903181480695645189, 0.2550000000000000600, -0.003029028281573119437 ) ) ;
#2728 = CARTESIAN_POINT ( 'NONE',  ( 0.5228374215615234633, 0.2549999999999999489, 0.02512991195192196964 ) ) ;
#2729 = CARTESIAN_POINT ( 'NONE',  ( 0.3193298258350099617, 0.2499999999999999445, 0.1923972930076801591 ) ) ;
#2730 = CARTESIAN_POINT ( 'NONE',  ( 0.2519284730706104480, 0.2500000000000000000, 0.03055752267852051424 ) ) ;
#2731 = CARTESIAN_POINT ( 'NONE',  ( 0.2233996090651760580, 0.2550000000000000044, 0.3302671099006652677 ) ) ;
#2732 = CARTESIAN_POINT ( 'NONE',  ( 0.2517355398281143630, 0.2549999999999999489, 0.3195276494561348213 ) ) ;
#2733 = CARTESIAN_POINT ( 'NONE',  ( 0.2567221737742453880, 0.2550000000000000044, 0.02307548248533856580 ) ) ;
#2734 = EDGE_CURVE ( 'NONE', #2335, #1363, #1646, .T. ) ;
#2735 = CARTESIAN_POINT ( 'NONE',  ( 0.4239581713153414144, 0.2550000000000000600, -0.03843128071960034975 ) ) ;
#2736 = SURFACE_STYLE_USAGE ( .BOTH. , #2157 ) ;
#2737 = ORIENTED_EDGE ( 'NONE', *, *, #3105, .F. ) ;
#2738 = FACE_OUTER_BOUND ( 'NONE', #2790, .T. ) ;
#2739 = FILL_AREA_STYLE_COLOUR ( '', #2983 ) ;
#2740 = CARTESIAN_POINT ( 'NONE',  ( 0.4106336774163576453, 0.2500000000000000555, 0.3912835041689611826 ) ) ;
#2741 =( NAMED_UNIT ( * ) SI_UNIT ( $, .STERADIAN. ) SOLID_ANGLE_UNIT ( ) );
#2742 = CARTESIAN_POINT ( 'NONE',  ( 0.2139674348922808722, 0.2549999999999999489, 0.06117309484039811646 ) ) ;
#2743 = ORIENTED_EDGE ( 'NONE', *, *, #3577, .T. ) ;
#2744 = CARTESIAN_POINT ( 'NONE',  ( 0.2613068582814646046, 0.2550000000000000044, 0.2481492524766699681 ) ) ;
#2745 = ORIENTED_EDGE ( 'NONE', *, *, #3736, .F. ) ;
#2746 = PRESENTATION_STYLE_ASSIGNMENT (( #3062 ) ) ;
#2747 = FILL_AREA_STYLE ('',( #631 ) ) ;
#2748 = FILL_AREA_STYLE_COLOUR ( '', #4201 ) ;
#2749 = ADVANCED_FACE ( 'NONE', ( #2617 ), #4088, .F. ) ;
#2750 = CARTESIAN_POINT ( 'NONE',  ( 0.2658206407734284848, 0.2500000000000001110, 0.3723745853079545864 ) ) ;
#2751 = CARTESIAN_POINT ( 'NONE',  ( 0.3982251360867786194, 0.2500000000000001110, 0.3923663020614087671 ) ) ;
#2752 = CARTESIAN_POINT ( 'NONE',  ( 0.4440743866994874001, 0.2549999999999999489, 0.1254223403873381271 ) ) ;
#2753 = VECTOR ( 'NONE', #1836, 1000.000000000000000 ) ;
#2754 = CARTESIAN_POINT ( 'NONE',  ( 0.2448670368211717796, 0.2500000000000000555, 0.05638692562451774748 ) ) ;
#2755 = CARTESIAN_POINT ( 'NONE',  ( 0.5292775705441344902, 0.2550000000000000044, 0.05642026523944056876 ) ) ;
#2756 = PLANE ( 'NONE',  #3361 ) ;
#2757 = ADVANCED_FACE ( 'NONE', ( #2644 ), #981, .T. ) ;
#2758 = ORIENTED_EDGE ( 'NONE', *, *, #4259, .T. ) ;
#2759 = PRESENTATION_STYLE_ASSIGNMENT (( #2401 ) ) ;
#2760 = ORIENTED_EDGE ( 'NONE', *, *, #2607, .T. ) ;
#2761 = LINE ( 'NONE', #2382, #2477 ) ;
#2762 = UNCERTAINTY_MEASURE_WITH_UNIT (LENGTH_MEASURE( 1.000000000000000082E-05 ), #3041, 'distance_accuracy_value', 'NONE');
#2763 = ORIENTED_EDGE ( 'NONE', *, *, #2169, .F. ) ;
#2764 = CARTESIAN_POINT ( 'NONE',  ( 0.3598411541138852865, 0.2550000000000000600, 0.2162083070380947103 ) ) ;
#2765 = AXIS2_PLACEMENT_3D ( 'NONE', #2197, #4238, #2806 ) ;
#2766 = ORIENTED_EDGE ( 'NONE', *, *, #2351, .F. ) ;
#2767 =( NAMED_UNIT ( * ) SI_UNIT ( $, .STERADIAN. ) SOLID_ANGLE_UNIT ( ) );
#2768 = CARTESIAN_POINT ( 'NONE',  ( -0.3462891350418384473, 0.2550000000000000044, 1.359762003597620783 ) ) ;
#2769 = PLANE ( 'NONE',  #3793 ) ;
#2770 =( LENGTH_UNIT ( ) NAMED_UNIT ( * ) SI_UNIT ( .MILLI., .METRE. ) );
#2771 = CARTESIAN_POINT ( 'NONE',  ( 0.2658206407734284848, 0.2550000000000000044, 0.3723745853079545864 ) ) ;
#2772 = ADVANCED_FACE ( 'NONE', ( #2483 ), #1105, .F. ) ;
#2773 = CARTESIAN_POINT ( 'NONE',  ( 0.2903181480695645189, 0.2550000000000000044, 0.2277402024876576114 ) ) ;
#2774 = PRESENTATION_LAYER_ASSIGNMENT (  '', '', ( #997 ) ) ;
#2775 = EDGE_CURVE ( 'NONE', #1608, #4279, #3565, .T. ) ;
#2776 = DIRECTION ( 'NONE',  ( -2.409338161078899674E-16, -0.000000000000000000, -1.000000000000000000 ) ) ;
#2777 = CARTESIAN_POINT ( 'NONE',  ( 0.5283809216234945927, 0.2550000000000000600, 0.04484226547479413377 ) ) ;
#2778 = VECTOR ( 'NONE', #3612, 1000.000000000000000 ) ;
#2779 = COLOUR_RGB ( '',0.1098039215686274495, 0.1098039215686274495, 0.1098039215686274495 ) ;
#2780 = AXIS2_PLACEMENT_3D ( 'NONE', #2467, #3079, #3843 ) ;
#2781 = ORIENTED_EDGE ( 'NONE', *, *, #770, .T. ) ;
#2782 = CARTESIAN_POINT ( 'NONE',  ( -0.7550000000000002265, 0.000000000000000000, 0.6500000000000007994 ) ) ;
#2783 = COLOUR_RGB ( '',0.1098039215686274495, 0.1098039215686274495, 0.1098039215686274495 ) ;
#2784 = FACE_OUTER_BOUND ( 'NONE', #3469, .T. ) ;
#2785 = LINE ( 'NONE', #3033, #2191 ) ;
#2786 = STYLED_ITEM ( 'NONE', ( #843 ), #363 ) ;
#2787 = CARTESIAN_POINT ( 'NONE',  ( 0.4468260874201818722, 0.2500000000000000000, -0.005402041832750806467 ) ) ;
#2788 = ORIENTED_EDGE ( 'NONE', *, *, #324, .T. ) ;
#2789 = CARTESIAN_POINT ( 'NONE',  ( 0.4865542860580310824, 0.2550000000000000044, 0.2538549867811376037 ) ) ;
#2790 = EDGE_LOOP ( 'NONE', ( #2990, #3101, #446, #1869 ) ) ;
#2791 = CARTESIAN_POINT ( 'NONE',  ( 0.2181160411711690339, 0.2549999999999999489, 0.08653694054089176857 ) ) ;
#2792 = DIRECTION ( 'NONE',  ( 1.000000000000000000, 0.000000000000000000, 0.000000000000000000 ) ) ;
#2793 = CARTESIAN_POINT ( 'NONE',  ( 0.2647547241009812757, 0.2500000000000001110, 0.1057702593057242568 ) ) ;
#2794 = EDGE_CURVE ( 'NONE', #1174, #3825, #3481, .T. ) ;
#2795 = CARTESIAN_POINT ( 'NONE',  ( 0.2149433202734679083, 0.2550000000000000600, 0.3037156311528172448 ) ) ;
#2796 = STYLED_ITEM ( 'NONE', ( #3196 ), #2294 ) ;
#2797 = CARTESIAN_POINT ( 'NONE',  ( 0.2885240136352337781, 0.2500000000000000000, -0.03176058942132822804 ) ) ;
#2798 = CARTESIAN_POINT ( 'NONE',  ( -0.3499999999999996447, -0.2550000000000000044, -1.505000000000000338 ) ) ;
#2799 = CARTESIAN_POINT ( 'NONE',  ( 0.7999999999999999334, -0.005000000000000000104, 0.6500000000000003553 ) ) ;
#2800 = EDGE_CURVE ( 'NONE', #1231, #2808, #3140, .T. ) ;
#2801 = CARTESIAN_POINT ( 'NONE',  ( -0.7999999999999999334, -0.005000000000000000104, 1.100000000000000311 ) ) ;
#2802 = LINE ( 'NONE', #4165, #3366 ) ;
#2803 = DIRECTION ( 'NONE',  ( 1.000000000000000000, -0.000000000000000000, 0.000000000000000000 ) ) ;
#2804 = EDGE_CURVE ( 'NONE', #1196, #1731, #1192, .T. ) ;
#2805 = EDGE_LOOP ( 'NONE', ( #3086, #1753, #2959, #3935 ) ) ;
#2806 = DIRECTION ( 'NONE',  ( 0.000000000000000000, -0.000000000000000000, 1.000000000000000000 ) ) ;
#2807 = CARTESIAN_POINT ( 'NONE',  ( -0.3462891350418384473, 0.2550000000000000044, -1.359762003597620783 ) ) ;
#2808 = VERTEX_POINT ( 'NONE', #162 ) ;
#2809 = ORIENTED_EDGE ( 'NONE', *, *, #749, .F. ) ;
#2810 = CARTESIAN_POINT ( 'NONE',  ( 0.2149433202734679083, 0.2499999999999999445, 0.07294640038358653211 ) ) ;
#2811 = LINE ( 'NONE', #761, #4206 ) ;
#2812 = COLOUR_RGB ( '',0.1098039215686274495, 0.1098039215686274495, 0.1098039215686274495 ) ;
#2813 = CARTESIAN_POINT ( 'NONE',  ( 0.5283809216234945927, 0.2499999999999999445, 0.04484226547479413377 ) ) ;
#2814 = EDGE_CURVE ( 'NONE', #1600, #2074, #797, .T. ) ;
#2815 = CARTESIAN_POINT ( 'NONE',  ( 0.7999999999999999334, -0.005000000000000000104, 0.6500000000000003553 ) ) ;
#2816 = CARTESIAN_POINT ( 'NONE',  ( 0.2567221737742453325, 0.2549999999999999489, 0.2538447132545692542 ) ) ;
#2817 = CARTESIAN_POINT ( 'NONE',  ( 0.2690366555843884955, 0.2550000000000000044, 0.3402305227978051350 ) ) ;
#2818 = CARTESIAN_POINT ( 'NONE',  ( -0.6602579508131062314, 0.2550000000000000044, -1.359762003597620783 ) ) ;
#2819 = CARTESIAN_POINT ( 'NONE',  ( 0.5283931939521229193, 0.2499999999999999445, 0.07293195945568789473 ) ) ;
#2820 = CARTESIAN_POINT ( 'NONE',  ( -0.7500000000000002220, -0.2500000000000000000, -1.500000000000000000 ) ) ;
#2821 = CARTESIAN_POINT ( 'NONE',  ( 0.5228570990087788584, 0.2549999999999999489, 0.3237405736722777094 ) ) ;
#2822 = ORIENTED_EDGE ( 'NONE', *, *, #1860, .T. ) ;
#2823 =( NAMED_UNIT ( * ) SI_UNIT ( $, .STERADIAN. ) SOLID_ANGLE_UNIT ( ) );
#2824 = VECTOR ( 'NONE', #1761, 1000.000000000000000 ) ;
#2825 = ORIENTED_EDGE ( 'NONE', *, *, #2804, .F. ) ;
#2826 = CARTESIAN_POINT ( 'NONE',  ( 0.7500000000000001110, -0.2500000000000000000, -1.500000000000000000 ) ) ;
#2827 = CARTESIAN_POINT ( 'NONE',  ( 0.4324996892528285009, 0.2500000000000000000, -0.009502273605260250222 ) ) ;
#2828 = EDGE_CURVE ( 'NONE', #36, #3535, #1812, .T. ) ;
#2829 = ORIENTED_EDGE ( 'NONE', *, *, #27, .T. ) ;
#2830 = CARTESIAN_POINT ( 'NONE',  ( 0.3716250464267769615, 0.2550000000000000600, -0.01459103261554668164 ) ) ;
#2831 = ORIENTED_EDGE ( 'NONE', *, *, #1543, .T. ) ;
#2832 = CARTESIAN_POINT ( 'NONE',  ( 0.3579780709994244137, 0.2550000000000000044, 0.1621671690282746603 ) ) ;
#2833 = EDGE_CURVE ( 'NONE', #3339, #2898, #3526, .T. ) ;
#2834 = CARTESIAN_POINT ( 'NONE',  ( 0.3715048541190846265, 0.2500000000000000000, 0.1623320443075302599 ) ) ;
#2835 = CARTESIAN_POINT ( 'NONE',  ( 0.2447019695037000730, 0.2500000000000000555, 0.2904570443075302766 ) ) ;
#2836 = VECTOR ( 'NONE', #1754, 1000.000000000000000 ) ;
#2837 = VERTEX_POINT ( 'NONE', #2890 ) ;
#2838 = CARTESIAN_POINT ( 'NONE',  ( 0.2139674348922808722, 0.2500000000000001665, 0.2919423256096289054 ) ) ;
#2839 = CARTESIAN_POINT ( 'NONE',  ( 0.2790928080514478715, 0.2550000000000000044, 0.2333764648034545586 ) ) ;
#2840 = CARTESIAN_POINT ( 'NONE',  ( 0.3312143445168359568, 0.2500000000000000000, -0.03983118465375818512 ) ) ;
#2841 = SURFACE_SIDE_STYLE ('',( #2128 ) ) ;
#2842 = CARTESIAN_POINT ( 'NONE',  ( 0.2139674348922808722, 0.2500000000000000555, 0.2919423256096289054 ) ) ;
#2843 = CARTESIAN_POINT ( 'NONE',  ( -0.3499999999999998668, -0.005000000000000000104, 1.550000000000000266 ) ) ;
#2844 = CARTESIAN_POINT ( 'NONE',  ( -0.8000000000000001554, 0.2500000000000000000, 1.550000000000000266 ) ) ;
#2845 = LINE ( 'NONE', #1968, #3824 ) ;
#2846 = VECTOR ( 'NONE', #2297, 1000.000000000000000 ) ;
#2847 = LINE ( 'NONE', #2585, #494 ) ;
#2848 =( LENGTH_UNIT ( ) NAMED_UNIT ( * ) SI_UNIT ( .MILLI., .METRE. ) );
#2849 = B_SPLINE_CURVE_WITH_KNOTS ( 'NONE', 3,
 ( #2058, #341, #298, #3026, #2376, #1724, #3702, #1058, #636, #2348, #662, #3409, #4118, #1378, #2417, #1699, #4384, #3068, #1988, #2731, #1, #3792, #4099, #1330, #2679, #4052, #992 ),
 .UNSPECIFIED., .F., .F.,
 ( 4, 1, 1, 1, 1, 1, 1, 1, 1, 1, 1, 1, 1, 1, 1, 1, 1, 1, 1, 1, 1, 1, 1, 1, 4 ),
 ( 0.000000000000000000, 0.06505443418246396881, 0.1267559120129200523, 0.1854905136151527856, 0.2407319099066662915, 0.2929399200274550030, 0.3421407007848329962, 0.3888818632284784527, 0.4326355745586135670, 0.4744826467630678390, 0.5146234406660603611, 0.5535935061967396376, 0.5914088715710092981, 0.6280056034120586883, 0.6635828890423903781, 0.6987588027965658810, 0.7333612457672682439, 0.7673935930107674830, 0.8009689012590153201, 0.8340198941834590096, 0.8669987993126963000, 0.8997333901562398761, 0.9327110721003745164, 0.9661804870619420393, 1.000000000000000000 ),
 .UNSPECIFIED. ) ;
#2850 = COLOUR_RGB ( '',0.1098039215686274495, 0.1098039215686274495, 0.1098039215686274495 ) ;
#2851 = CARTESIAN_POINT ( 'NONE',  ( 0.5030455441436045838, 0.2549999999999998934, 0.3534094041116297991 ) ) ;
#2852 = DIRECTION ( 'NONE',  ( 1.000000000000000000, 0.000000000000000000, 0.000000000000000000 ) ) ;
#2853 =( GEOMETRIC_REPRESENTATION_CONTEXT ( 3 ) GLOBAL_UNCERTAINTY_ASSIGNED_CONTEXT ( ( #2406 ) ) GLOBAL_UNIT_ASSIGNED_CONTEXT ( ( #4242, #1542, #560 ) ) REPRESENTATION_CONTEXT ( 'NONE', 'WORKASPACE' ) );
#2854 = LINE ( 'NONE', #54, #68 ) ;
#2855 = UNCERTAINTY_MEASURE_WITH_UNIT (LENGTH_MEASURE( 1.000000000000000082E-05 ), #4309, 'distance_accuracy_value', 'NONE');
#2856 = ORIENTED_EDGE ( 'NONE', *, *, #4381, .F. ) ;
#2857 = CARTESIAN_POINT ( 'NONE',  ( -0.3499999999999999778, 0.000000000000000000, 1.100000000000000311 ) ) ;
#2858 = CARTESIAN_POINT ( 'NONE',  ( 0.4980261075446617003, 0.2549999999999998934, 0.04972719836808792843 ) ) ;
#2859 = CARTESIAN_POINT ( 'NONE',  ( 0.3716250464267769060, 0.2500000000000000000, 0.1354089673844532937 ) ) ;
#2860 = CARTESIAN_POINT ( 'NONE',  ( 0.2941109360743369150, 0.2550000000000000044, 0.1232747218902992825 ) ) ;
#2861 =( NAMED_UNIT ( * ) SI_UNIT ( $, .STERADIAN. ) SOLID_ANGLE_UNIT ( ) );
#2862 = ORIENTED_EDGE ( 'NONE', *, *, #2471, .T. ) ;
#2863 = CARTESIAN_POINT ( 'NONE',  ( 0.2139729051418194083, 0.2500000000000000000, 0.2871895921341056090 ) ) ;
#2864 = CARTESIAN_POINT ( 'NONE',  ( 0.3282068291757977985, 0.2549999999999998934, 0.2183466840639617379 ) ) ;
#2865 =( NAMED_UNIT ( * ) PLANE_ANGLE_UNIT ( ) SI_UNIT ( $, .RADIAN. ) );
#2866 = LINE ( 'NONE', #1122, #215 ) ;
#2867 = AXIS2_PLACEMENT_3D ( 'NONE', #544, #921, #853 ) ;
#2868 = CARTESIAN_POINT ( 'NONE',  ( 0.2998289512875080831, 0.2499999999999999445, 0.3856870992497772876 ) ) ;
#2869 = MECHANICAL_DESIGN_GEOMETRIC_PRESENTATION_REPRESENTATION (  '', ( #2293 ), #1583 ) ;
#2870 = DIRECTION ( 'NONE',  ( -1.000000000000000000, -0.000000000000000000, -0.000000000000000000 ) ) ;
#2871 = CARTESIAN_POINT ( 'NONE',  ( 0.2448389221446900244, 0.2500000000000000000, 0.06300989968022051302 ) ) ;
#2872 = CARTESIAN_POINT ( 'NONE',  ( 0.3761127155309559322, 0.2550000000000000044, 0.3930459980255236463 ) ) ;
#2873 = CARTESIAN_POINT ( 'NONE',  ( 0.2447019695037000453, 0.2550000000000000044, 0.05968781353829947373 ) ) ;
#2874 = EDGE_CURVE ( 'NONE', #1965, #1363, #4209, .T. ) ;
#2875 = DIRECTION ( 'NONE',  ( 0.000000000000000000, -0.000000000000000000, -1.000000000000000000 ) ) ;
#2876 = PLANE ( 'NONE',  #2765 ) ;
#2877 = FACE_OUTER_BOUND ( 'NONE', #623, .T. ) ;
#2878 = CARTESIAN_POINT ( 'NONE',  ( 0.3499999999999999223, -0.005000000000000000104, 1.550000000000000266 ) ) ;
#2879 = EDGE_LOOP ( 'NONE', ( #3440, #3314, #2437, #1009, #806 ) ) ;
#2880 = CARTESIAN_POINT ( 'NONE',  ( 0.4739182371157081852, 0.2500000000000000555, 0.009550571979270752049 ) ) ;
#2881 = CARTESIAN_POINT ( 'NONE',  ( 0.3756521501242604533, 0.2499999999999998890, 0.2161881161131868900 ) ) ;
#2882 = LINE ( 'NONE', #1934, #1989 ) ;
#2883 = CARTESIAN_POINT ( 'NONE',  ( 0.5292775705441344902, 0.2550000000000000044, 0.05642026523944056876 ) ) ;
#2884 = EDGE_LOOP ( 'NONE', ( #3423, #2240, #16, #4045 ) ) ;
#2885 =( NAMED_UNIT ( * ) PLANE_ANGLE_UNIT ( ) SI_UNIT ( $, .RADIAN. ) );
#2886 = CARTESIAN_POINT ( 'NONE',  ( 0.3499999999999999223, -0.005000000000000000104, 1.100000000000000755 ) ) ;
#2887 = EDGE_CURVE ( 'NONE', #249, #3940, #118, .T. ) ;
#2888 = CARTESIAN_POINT ( 'NONE',  ( 0.2517355398281143630, 0.2549999999999999489, 0.3195276494561348213 ) ) ;
#2889 = CARTESIAN_POINT ( 'NONE',  ( 0.2202767865370284239, 0.2550000000000000600, 0.2559434926016470602 ) ) ;
#2890 = CARTESIAN_POINT ( 'NONE',  ( 0.2216250464267769393, 0.2500000000000000000, -0.1799756480001621362 ) ) ;
#2891 = CARTESIAN_POINT ( 'NONE',  ( 0.5125379680007563499, 0.2500000000000000555, 0.3422097545415005437 ) ) ;
#2892 = DIRECTION ( 'NONE',  ( 0.4966865118376855848, 0.000000000000000000, -0.8679300138597078051 ) ) ;
#2893 = CARTESIAN_POINT ( 'NONE',  ( 0.3715048541190846265, 0.2550000000000000044, 0.3931012750767610142 ) ) ;
#2894 = PRESENTATION_STYLE_ASSIGNMENT (( #1535 ) ) ;
#2895 = COLOUR_RGB ( '',0.1098039215686274495, 0.1098039215686274495, 0.1098039215686274495 ) ;
#2896 = SURFACE_STYLE_FILL_AREA ( #240 ) ;
#2897 = CARTESIAN_POINT ( 'NONE',  ( 0.4530518220437342314, 0.2550000000000000044, -0.002907731225813562064 ) ) ;
#2898 = VERTEX_POINT ( 'NONE', #75 ) ;
#2899 = CARTESIAN_POINT ( 'NONE',  ( 0.5164853700966769434, 0.2500000000000000555, 0.2436258470641362306 ) ) ;
#2900 =( LENGTH_UNIT ( ) NAMED_UNIT ( * ) SI_UNIT ( .MILLI., .METRE. ) );
#2901 = CARTESIAN_POINT ( 'NONE',  ( 0.4865542860580310824, 0.2550000000000000044, 0.2538549867811376037 ) ) ;
#2902 = FACE_OUTER_BOUND ( 'NONE', #3675, .T. ) ;
#2903 = CARTESIAN_POINT ( 'NONE',  ( 0.4289025680023328957, 0.2549999999999999489, 0.3605651529518726917 ) ) ;
#2904 = ORIENTED_EDGE ( 'NONE', *, *, #2136, .T. ) ;
#2905 = CARTESIAN_POINT ( 'NONE',  ( -0.7550000000000002265, 0.000000000000000000, 1.100000000000000089 ) ) ;
#2906 = SURFACE_SIDE_STYLE ('',( #1939 ) ) ;
#2907 = CARTESIAN_POINT ( 'NONE',  ( 0.2965452994871731196, 0.2499999999999999445, 0.2252512355339210681 ) ) ;
#2908 =( GEOMETRIC_REPRESENTATION_CONTEXT ( 3 ) GLOBAL_UNCERTAINTY_ASSIGNED_CONTEXT ( ( #169 ) ) GLOBAL_UNIT_ASSIGNED_CONTEXT ( ( #2403, #2429, #1998 ) ) REPRESENTATION_CONTEXT ( 'NONE', 'WORKASPACE' ) );
#2909 = EDGE_LOOP ( 'NONE', ( #4323, #2979, #941, #2621 ) ) ;
#2910 = FILL_AREA_STYLE_COLOUR ( '', #3407 ) ;
#2911 = CARTESIAN_POINT ( 'NONE',  ( 0.2903181480695645189, 0.2500000000000000555, -0.003029028281573119437 ) ) ;
#2912 =( NAMED_UNIT ( * ) PLANE_ANGLE_UNIT ( ) SI_UNIT ( $, .RADIAN. ) );
#2913 = CARTESIAN_POINT ( 'NONE',  ( 0.2447019695037000730, 0.2500000000000000555, 0.2904570443075302766 ) ) ;
#2914 = CARTESIAN_POINT ( 'NONE',  ( 0.3716250464267769060, 0.2500000000000000000, 0.2161781981536840813 ) ) ;
#2915 = EDGE_CURVE ( 'NONE', #3680, #3974, #2802, .T. ) ;
#2916 = LINE ( 'NONE', #3614, #3832 ) ;
#2917 = LINE ( 'NONE', #3924, #3005 ) ;
#2918 = CARTESIAN_POINT ( 'NONE',  ( 0.3439268052813400089, 0.2499999999999999445, -0.04081902008653240377 ) ) ;
#2919 = COLOUR_RGB ( '',0.1098039215686274495, 0.1098039215686274495, 0.1098039215686274495 ) ;
#2920 = VERTEX_POINT ( 'NONE', #1487 ) ;
#2921 = CARTESIAN_POINT ( 'NONE',  ( 0.4985481233498538778, 0.2500000000000000000, 0.05968781353829947373 ) ) ;
#2922 = VERTEX_POINT ( 'NONE', #3544 ) ;
#2923 = VECTOR ( 'NONE', #308, 1000.000000000000000 ) ;
#2924 = CARTESIAN_POINT ( 'NONE',  ( 0.3499999999999999223, 0.000000000000000000, 1.505000000000000338 ) ) ;
#2925 = CARTESIAN_POINT ( 'NONE',  ( 0.4985481233498538778, 0.2499999999999999445, 0.2904570443075302211 ) ) ;
#2926 = CARTESIAN_POINT ( 'NONE',  ( 0.4117590748192689887, 0.2550000000000000044, 0.1329802826081294687 ) ) ;
#2927 = CARTESIAN_POINT ( 'NONE',  ( 0.5199740492514313139, 0.2500000000000000000, 0.01888171941402110032 ) ) ;
#2928 = STYLED_ITEM ( 'NONE', ( #135 ), #3013 ) ;
#2929 = B_SPLINE_CURVE_WITH_KNOTS ( 'NONE', 3,
 ( #3687, #2087, #1661, #666, #685, #2735, #2331, #48, #1405, #1682, #1729, #3776, #3028, #1993, #1381, #1426, #3050, #3118, #3097, #1063, #4388, #2398, #3391, #2777, #2038, #2755, #975 ),
 .UNSPECIFIED., .F., .F.,
 ( 4, 1, 1, 1, 1, 1, 1, 1, 1, 1, 1, 1, 1, 1, 1, 1, 1, 1, 1, 1, 1, 1, 1, 1, 4 ),
 ( 0.000000000000000000, 0.06859905185027570518, 0.1332546469887012364, 0.1943251344692437099, 0.2512954498164151618, 0.3045331036280987669, 0.3542577818568268255, 0.4005064503556530209, 0.4434393887943418044, 0.4840461245383604894, 0.5232860905060560119, 0.5610786028067862308, 0.5979388495899657929, 0.6335593991789293389, 0.6685506344687421887, 0.7027341618909608290, 0.7369260519635207896, 0.7705360380815170496, 0.8034336592223285667, 0.8361707333883959814, 0.8684517514297860341, 0.9008401352728002687, 0.9334622281405532407, 0.9662553963349059805, 0.9999999999999998890 ),
 .UNSPECIFIED. ) ;
#2930 = AXIS2_PLACEMENT_3D ( 'NONE', #2514, #2177, #3552 ) ;
#2931 =( GEOMETRIC_REPRESENTATION_CONTEXT ( 3 ) GLOBAL_UNCERTAINTY_ASSIGNED_CONTEXT ( ( #2047 ) ) GLOBAL_UNIT_ASSIGNED_CONTEXT ( ( #3509, #1450, #3168 ) ) REPRESENTATION_CONTEXT ( 'NONE', 'WORKASPACE' ) );
#2932 = ORIENTED_EDGE ( 'NONE', *, *, #587, .F. ) ;
#2933 = MECHANICAL_DESIGN_GEOMETRIC_PRESENTATION_REPRESENTATION (  '', ( #3216 ), #3438 ) ;
#2934 =( LENGTH_UNIT ( ) NAMED_UNIT ( * ) SI_UNIT ( .MILLI., .METRE. ) );
#2935 = CARTESIAN_POINT ( 'NONE',  ( 0.4912969234374190974, 0.2500000000000000000, 0.2612926286687541344 ) ) ;
#2936 = ADVANCED_FACE ( 'NONE', ( #1147 ), #2508, .T. ) ;
#2937 = VERTEX_POINT ( 'NONE', #2982 ) ;
#2938 = CARTESIAN_POINT ( 'NONE',  ( -0.3499999999999998668, 0.000000000000000000, 0.6500000000000003553 ) ) ;
#2939 =( NAMED_UNIT ( * ) SI_UNIT ( $, .STERADIAN. ) SOLID_ANGLE_UNIT ( ) );
#2940 = DIRECTION ( 'NONE',  ( -0.8679300138597078051, 0.000000000000000000, -0.4966865118376855848 ) ) ;
#2941 = MECHANICAL_DESIGN_GEOMETRIC_PRESENTATION_REPRESENTATION (  '', ( #867 ), #4222 ) ;
#2942 = CARTESIAN_POINT ( 'NONE',  ( -0.3499999999999998668, 0.000000000000000000, 0.6500000000000003553 ) ) ;
#2943 = CARTESIAN_POINT ( 'NONE',  ( 0.2798514466872804030, 0.2500000000000000000, -0.02874885846766815634 ) ) ;
#2944 = PRESENTATION_LAYER_ASSIGNMENT (  '', '', ( #2370 ) ) ;
#2945 = EDGE_CURVE ( 'NONE', #3599, #2400, #3295, .T. ) ;
#2946 = CARTESIAN_POINT ( 'NONE',  ( 0.3439268052813400089, 0.2549999999999999489, 0.1899502106826983505 ) ) ;
#2947 = ORIENTED_EDGE ( 'NONE', *, *, #2692, .T. ) ;
#2948 = CARTESIAN_POINT ( 'NONE',  ( -0.8000000000000001554, 0.000000000000000000, -1.549999999999999822 ) ) ;
#2949 = CARTESIAN_POINT ( 'NONE',  ( 0.4241973999450051047, 0.2549999999999999489, 0.2197501506174058539 ) ) ;
#2950 = CARTESIAN_POINT ( 'NONE',  ( 0.4820019532783511584, 0.2549999999999999489, 0.1017929471378034301 ) ) ;
#2951 = UNCERTAINTY_MEASURE_WITH_UNIT (LENGTH_MEASURE( 1.000000000000000082E-05 ), #204, 'distance_accuracy_value', 'NONE');
#2952 = CARTESIAN_POINT ( 'NONE',  ( 0.3856534860068834836, 0.2500000000000000000, -0.04143137827207549195 ) ) ;
#2953 = ORIENTED_EDGE ( 'NONE', *, *, #2081, .T. ) ;
#2954 = PLANE ( 'NONE',  #229 ) ;
#2955 = CARTESIAN_POINT ( 'NONE',  ( -0.6602579508131062314, 0.2550000000000000044, 1.359762003597620783 ) ) ;
#2956 = SURFACE_SIDE_STYLE ('',( #201 ) ) ;
#2957 = EDGE_CURVE ( 'NONE', #542, #2837, #275, .T. ) ;
#2958 = B_SPLINE_CURVE_WITH_KNOTS ( 'NONE', 3,
 ( #3212, #1842, #3513, #1473, #4216, #1173, #4173, #1517, #3904, #3869, #781, #1453, #2897, #4239, #1158, #3172, #512, #3188, #3234, #2161, #105, #2200, #2830 ),
 .UNSPECIFIED., .F., .F.,
 ( 4, 1, 1, 1, 1, 1, 1, 1, 1, 1, 1, 1, 1, 1, 1, 1, 1, 1, 1, 1, 4 ),
 ( 0.000000000000000000, 0.06039823059658778331, 0.1209064923100298117, 0.1827897591261674892, 0.2475502480834729235, 0.2810447575356931904, 0.3148397785824127437, 0.3494612057941747230, 0.3848427988577222680, 0.4209593582097763687, 0.4583357953736048040, 0.4970067635577820608, 0.5374418627609196530, 0.5803510824172625204, 0.6274137617198365380, 0.6782749550092947999, 0.7339320702414471320, 0.7937070456672714602, 0.8576863130007430502, 0.9266837696490763943, 1.000000000000000000 ),
 .UNSPECIFIED. ) ;
#2959 = ORIENTED_EDGE ( 'NONE', *, *, #2632, .F. ) ;
#2960 = CARTESIAN_POINT ( 'NONE',  ( 0.2148647792478709240, 0.2499999999999998890, 0.2756103934606785044 ) ) ;
#2961 = PRESENTATION_STYLE_ASSIGNMENT (( #3342 ) ) ;
#2962 = CARTESIAN_POINT ( 'NONE',  ( 0.4786180227454666092, 0.2550000000000000044, -0.02200466566272002780 ) ) ;
#2963 = DIRECTION ( 'NONE',  ( -0.000000000000000000, 1.000000000000000000, -0.000000000000000000 ) ) ;
#2964 = CARTESIAN_POINT ( 'NONE',  ( 0.000000000000000000, 0.000000000000000000, 0.000000000000000000 ) ) ;
#2965 = CARTESIAN_POINT ( 'NONE',  ( 0.3982251360867783974, 0.2500000000000000555, 0.1615970712921778463 ) ) ;
#2966 = DIRECTION ( 'NONE',  ( -1.070816960479509564E-15, 0.000000000000000000, -1.000000000000000000 ) ) ;
#2967 = CARTESIAN_POINT ( 'NONE',  ( 0.3752313441487289958, 0.2500000000000000555, 0.1353712681826856334 ) ) ;
#2968 = EDGE_CURVE ( 'NONE', #2600, #542, #524, .T. ) ;
#2969 = CARTESIAN_POINT ( 'NONE',  ( 0.4572685055485783967, 0.2500000000000000555, 0.3506493647028053329 ) ) ;
#2970 = CARTESIAN_POINT ( 'NONE',  ( 0.3043163308106933695, 0.2500000000000001110, 0.1267916270183495620 ) ) ;
#2971 = CARTESIAN_POINT ( 'NONE',  ( 0.4983742392490947970, 0.2550000000000000044, 0.06296598492727233098 ) ) ;
#2972 = CARTESIAN_POINT ( 'NONE',  ( 0.4440743866994875666, 0.2549999999999999489, 0.3561915711565689646 ) ) ;
#2973 =( GEOMETRIC_REPRESENTATION_CONTEXT ( 3 ) GLOBAL_UNCERTAINTY_ASSIGNED_CONTEXT ( ( #3715 ) ) GLOBAL_UNIT_ASSIGNED_CONTEXT ( ( #1468, #1816, #2823 ) ) REPRESENTATION_CONTEXT ( 'NONE', 'WORKASPACE' ) );
#2974 = ADVANCED_FACE ( 'NONE', ( #3272 ), #368, .T. ) ;
#2975 = ORIENTED_EDGE ( 'NONE', *, *, #499, .F. ) ;
#2976 = EDGE_CURVE ( 'NONE', #4189, #1132, #2849, .T. ) ;
#2977 = SURFACE_STYLE_USAGE ( .BOTH. , #158 ) ;
#2978 =( NAMED_UNIT ( * ) SI_UNIT ( $, .STERADIAN. ) SOLID_ANGLE_UNIT ( ) );
#2979 = ORIENTED_EDGE ( 'NONE', *, *, #1397, .F. ) ;
#2980 = CARTESIAN_POINT ( 'NONE',  ( 0.2231860189739854061, 0.2500000000000000000, 0.2497773885896253376 ) ) ;
#2981 = FACE_OUTER_BOUND ( 'NONE', #883, .T. ) ;
#2982 = CARTESIAN_POINT ( 'NONE',  ( 0.7550000000000002265, 0.000000000000000000, 0.6500000000000007994 ) ) ;
#2983 = COLOUR_RGB ( '',0.1098039215686274495, 0.1098039215686274495, 0.1098039215686274495 ) ;
#2984 = CARTESIAN_POINT ( 'NONE',  ( 0.2231860189739853229, 0.2549999999999999489, 0.01900815782039452784 ) ) ;
#2985 = CARTESIAN_POINT ( 'NONE',  ( 0.4777203346176338572, 0.2550000000000000600, 0.1413251522611165267 ) ) ;
#2986 = CARTESIAN_POINT ( 'NONE',  ( 0.5164853700966769434, 0.2500000000000000000, 0.2436258470641362306 ) ) ;
#2987 = ORIENTED_EDGE ( 'NONE', *, *, #3149, .F. ) ;
#2988 = EDGE_CURVE ( 'NONE', #1608, #83, #2013, .T. ) ;
#2989 = CARTESIAN_POINT ( 'NONE',  ( 0.3926091995954580915, 0.2500000000000000555, 0.1348129223790340281 ) ) ;
#2990 = ORIENTED_EDGE ( 'NONE', *, *, #3718, .T. ) ;
#2991 = CARTESIAN_POINT ( 'NONE',  ( -0.8000000000000001554, 0.000000000000000000, -1.549999999999999822 ) ) ;
#2992 = CARTESIAN_POINT ( 'NONE',  ( 0.3756521501242605088, 0.2550000000000000044, -0.01458111465604385905 ) ) ;
#2993 = CARTESIAN_POINT ( 'NONE',  ( 0.5251881570081580186, 0.2550000000000000044, 0.08644634406295194362 ) ) ;
#2994 = PLANE ( 'NONE',  #4270 ) ;
#2995 = UNCERTAINTY_MEASURE_WITH_UNIT (LENGTH_MEASURE( 1.000000000000000082E-05 ), #937, 'distance_accuracy_value', 'NONE');
#2996 = DIRECTION ( 'NONE',  ( 3.097720492815729631E-16, 0.000000000000000000, -1.000000000000000000 ) ) ;
#2997 = AXIS2_PLACEMENT_3D ( 'NONE', #1149, #3964, #143 ) ;
#2998 = ORIENTED_EDGE ( 'NONE', *, *, #128, .F. ) ;
#2999 = PRESENTATION_LAYER_ASSIGNMENT (  '', '', ( #498 ) ) ;
#3000 = VECTOR ( 'NONE', #3415, 1000.000000000000000 ) ;
#3001 = DIRECTION ( 'NONE',  ( -0.000000000000000000, -1.000000000000000000, -0.000000000000000000 ) ) ;
#3002 = CARTESIAN_POINT ( 'NONE',  ( 0.4779873555264082530, 0.2500000000000000555, 0.3366511222268447345 ) ) ;
#3003 = CARTESIAN_POINT ( 'NONE',  ( 0.2447019695037000730, 0.2500000000000000555, 0.2904570443075302766 ) ) ;
#3004 = VECTOR ( 'NONE', #632, 1000.000000000000000 ) ;
#3005 = VECTOR ( 'NONE', #857, 1000.000000000000000 ) ;
#3006 = STYLED_ITEM ( 'NONE', ( #1999 ), #2757 ) ;
#3007 = FACE_OUTER_BOUND ( 'NONE', #538, .T. ) ;
#3008 = CARTESIAN_POINT ( 'NONE',  ( 0.2139327387344692466, 0.2550000000000000044, 0.05878637123060716924 ) ) ;
#3009 = CARTESIAN_POINT ( 'NONE',  ( 0.3716250464267769060, 0.2499999999999998335, 0.1354089673844532937 ) ) ;
#3010 = CARTESIAN_POINT ( 'NONE',  ( 0.2885240136352337781, 0.2500000000000000000, -0.03176058942132822804 ) ) ;
#3011 = CARTESIAN_POINT ( 'NONE',  ( 0.4618707918203606155, 0.2550000000000000044, 0.1487914417822815694 ) ) ;
#3012 = CARTESIAN_POINT ( 'NONE',  ( 0.4854884286703767260, 0.2499999999999999445, 0.2128403475062096428 ) ) ;
#3013 = ADVANCED_FACE ( 'NONE', ( #3094, #3388 ), #2393, .T. ) ;
#3014 = PRESENTATION_LAYER_ASSIGNMENT (  '', '', ( #2439 ) ) ;
#3015 = DIRECTION ( 'NONE',  ( -0.000000000000000000, 0.000000000000000000, 1.000000000000000000 ) ) ;
#3016 = CARTESIAN_POINT ( 'NONE',  ( 0.3834691365183244827, 0.2550000000000000044, -0.01456186296542092556 ) ) ;
#3017 = CARTESIAN_POINT ( 'NONE',  ( 0.5125379680007563499, 0.2550000000000000044, 0.1114405237722697339 ) ) ;
#3018 = SURFACE_STYLE_USAGE ( .BOTH. , #4043 ) ;
#3019 = LINE ( 'NONE', #3741, #347 ) ;
#3020 = ORIENTED_EDGE ( 'NONE', *, *, #2175, .F. ) ;
#3021 = CARTESIAN_POINT ( 'NONE',  ( 0.3716250464267769060, 0.2550000000000000044, 0.2161781981536840813 ) ) ;
#3022 = CARTESIAN_POINT ( 'NONE',  ( 0.4685873095345627348, 0.2550000000000000600, 0.3441728055419675525 ) ) ;
#3023 = CARTESIAN_POINT ( 'NONE',  ( 0.2451125446705799127, 0.2549999999999999489, 0.06964721309605237387 ) ) ;
#3024 = CARTESIAN_POINT ( 'NONE',  ( 0.2574768967972126954, 0.2550000000000000044, 0.2131032856617393334 ) ) ;
#3025 = CARTESIAN_POINT ( 'NONE',  ( 0.4777203346176339127, 0.2500000000000001110, 0.3720943830303474198 ) ) ;
#3026 = CARTESIAN_POINT ( 'NONE',  ( 0.3449037504082403949, 0.2550000000000000044, 0.3923734643136637112 ) ) ;
#3027 = CARTESIAN_POINT ( 'NONE',  ( 0.2962043733498538334, 0.2500000000000000000, 0.3548200250767610253 ) ) ;
#3028 = CARTESIAN_POINT ( 'NONE',  ( 0.4854884286703768370, 0.2550000000000000044, -0.01792888326302108370 ) ) ;
#3029 = COLOUR_RGB ( '',0.1098039215686274495, 0.1098039215686274495, 0.1098039215686274495 ) ;
#3030 = CARTESIAN_POINT ( 'NONE',  ( 0.2477524364455134798, 0.2500000000000000000, 0.3101136263062266862 ) ) ;
#3031 = ORIENTED_EDGE ( 'NONE', *, *, #3774, .T. ) ;
#3032 = SURFACE_SIDE_STYLE ('',( #1662 ) ) ;
#3033 = CARTESIAN_POINT ( 'NONE',  ( -0.7999999999999999334, -0.005000000000000000104, 0.6500000000000003553 ) ) ;
#3034 =( LENGTH_UNIT ( ) NAMED_UNIT ( * ) SI_UNIT ( .MILLI., .METRE. ) );
#3035 = CARTESIAN_POINT ( 'NONE',  ( 0.2265602760167031438, 0.2550000000000000044, 0.01298444893373784485 ) ) ;
#3036 = UNCERTAINTY_MEASURE_WITH_UNIT (LENGTH_MEASURE( 1.000000000000000082E-05 ), #3771, 'distance_accuracy_value', 'NONE');
#3037 = CARTESIAN_POINT ( 'NONE',  ( 0.2658206407734284293, 0.2549999999999998934, 0.1416053545387237489 ) ) ;
#3038 = CARTESIAN_POINT ( 'NONE',  ( 0.2447019695037000730, 0.2550000000000000600, 0.2904570443075302766 ) ) ;
#3039 = ORIENTED_EDGE ( 'NONE', *, *, #1839, .T. ) ;
#3040 = CARTESIAN_POINT ( 'NONE',  ( 0.2205348298325186529, 0.2500000000000000555, 0.09307380305371665274 ) ) ;
#3041 =( LENGTH_UNIT ( ) NAMED_UNIT ( * ) SI_UNIT ( .MILLI., .METRE. ) );
#3042 = CARTESIAN_POINT ( 'NONE',  ( 0.2613068582814645491, 0.2549999999999999489, 0.01738002170743919647 ) ) ;
#3043 = PRODUCT ( 'WFK0612R0100FE66', 'WFK0612R0100FE66', '', ( #2397 ) ) ;
#3044 = CARTESIAN_POINT ( 'NONE',  ( 0.5032692303471846262, 0.2499999999999998890, -0.004007110956918948953 ) ) ;
#3045 = ORIENTED_EDGE ( 'NONE', *, *, #2175, .T. ) ;
#3046 = CARTESIAN_POINT ( 'NONE',  ( 0.5199353461137071752, 0.2499999999999999445, 0.3300779800419048615 ) ) ;
#3047 = CARTESIAN_POINT ( 'NONE',  ( 0.4820019532783511584, 0.2499999999999997780, 0.1017929471378034301 ) ) ;
#3048 = CARTESIAN_POINT ( 'NONE',  ( 0.2988812081612535754, 0.2550000000000000044, 0.3557244623162266195 ) ) ;
#3049 = DIRECTION ( 'NONE',  ( -1.000000000000000000, 0.000000000000000000, -0.000000000000000000 ) ) ;
#3050 = CARTESIAN_POINT ( 'NONE',  ( 0.5081691521253465238, 0.2549999999999999489, 0.001338859041856506078 ) ) ;
#3051 = CARTESIAN_POINT ( 'NONE',  ( 0.3499999999999999223, -0.2550000000000000044, 1.100000000000000755 ) ) ;
#3052 = ORIENTED_EDGE ( 'NONE', *, *, #2968, .T. ) ;
#3053 = SURFACE_SIDE_STYLE ('',( #3100 ) ) ;
#3054 = EDGE_LOOP ( 'NONE', ( #2715, #4195, #3756, #4357 ) ) ;
#3055 = CARTESIAN_POINT ( 'NONE',  ( -0.3499999999999999778, -0.005000000000000000104, 1.100000000000000311 ) ) ;
#3056 = CARTESIAN_POINT ( 'NONE',  ( 0.5293173541190846487, 0.2550000000000000044, 0.2895556019998379305 ) ) ;
#3057 = CARTESIAN_POINT ( 'NONE',  ( 0.2139327387344692466, 0.2550000000000000044, 0.05878637123060716924 ) ) ;
#3058 = CARTESIAN_POINT ( 'NONE',  ( 0.3325618936002194270, 0.2550000000000000044, 0.1604901432391893368 ) ) ;
#3059 = CARTESIAN_POINT ( 'NONE',  ( 0.4399940167706367089, 0.2550000000000000600, 0.2232021249723261103 ) ) ;
#3060 = ORIENTED_EDGE ( 'NONE', *, *, #2136, .F. ) ;
#3061 = EDGE_CURVE ( 'NONE', #3643, #824, #2127, .T. ) ;
#3062 = SURFACE_STYLE_USAGE ( .BOTH. , #3744 ) ;
#3063 = CARTESIAN_POINT ( 'NONE',  ( 0.3676180150993511586, 0.2550000000000000600, -0.01458079429701289627 ) ) ;
#3064 = CARTESIAN_POINT ( 'NONE',  ( 0.4978555650724056925, 0.2499999999999999445, -0.008983894065112451102 ) ) ;
#3065 = MECHANICAL_DESIGN_GEOMETRIC_PRESENTATION_REPRESENTATION (  '', ( #3497 ), #3990 ) ;
#3066 =( LENGTH_UNIT ( ) NAMED_UNIT ( * ) SI_UNIT ( .MILLI., .METRE. ) );
#3067 = CARTESIAN_POINT ( 'NONE',  ( 0.4700291176353074696, 0.2499999999999999445, 0.3758977003933468009 ) ) ;
#3068 = CARTESIAN_POINT ( 'NONE',  ( 0.2308799181315061289, 0.2550000000000000600, 0.3424717110806114739 ) ) ;
#3069 = PRESENTATION_LAYER_ASSIGNMENT (  '', '', ( #1361 ) ) ;
#3070 = CARTESIAN_POINT ( 'NONE',  ( 0.2451125446705800237, 0.2500000000000001110, 0.3004164438652833224 ) ) ;
#3071 = ADVANCED_FACE ( 'NONE', ( #3834 ), #1786, .F. ) ;
#3072 = PRESENTATION_LAYER_ASSIGNMENT (  '', '', ( #2207 ) ) ;
#3073 =( NAMED_UNIT ( * ) PLANE_ANGLE_UNIT ( ) SI_UNIT ( $, .RADIAN. ) );
#3074 = CARTESIAN_POINT ( 'NONE',  ( 0.4712104578500320717, 0.2550000000000001155, 0.2051270043390265585 ) ) ;
#3075 = AXIS2_PLACEMENT_3D ( 'NONE', #411, #1460, #4228 ) ;
#3076 = LINE ( 'NONE', #1619, #3000 ) ;
#3077 = ORIENTED_EDGE ( 'NONE', *, *, #561, .T. ) ;
#3078 = FACE_OUTER_BOUND ( 'NONE', #2535, .T. ) ;
#3079 = DIRECTION ( 'NONE',  ( 1.000000000000000000, 0.000000000000000000, -0.000000000000000000 ) ) ;
#3080 =( NAMED_UNIT ( * ) SI_UNIT ( $, .STERADIAN. ) SOLID_ANGLE_UNIT ( ) );
#3081 = EDGE_CURVE ( 'NONE', #3903, #979, #21, .T. ) ;
#3082 = CARTESIAN_POINT ( 'NONE',  ( 0.4435254987353813849, 0.2549999999999999489, 0.3855738067239312672 ) ) ;
#3083 = PRESENTATION_STYLE_ASSIGNMENT (( #3018 ) ) ;
#3084 = UNCERTAINTY_MEASURE_WITH_UNIT (LENGTH_MEASURE( 1.000000000000000082E-05 ), #649, 'distance_accuracy_value', 'NONE');
#3085 = CARTESIAN_POINT ( 'NONE',  ( 0.2181160411711690339, 0.2549999999999999489, 0.08653694054089176857 ) ) ;
#3086 = ORIENTED_EDGE ( 'NONE', *, *, #1876, .T. ) ;
#3087 = CARTESIAN_POINT ( 'NONE',  ( 0.3485403031918935524, 0.2549999999999999489, 0.2167274099656631980 ) ) ;
#3088 = VERTEX_POINT ( 'NONE', #1756 ) ;
#3089 = CARTESIAN_POINT ( 'NONE',  ( 0.4779873555264082530, 0.2550000000000000600, 0.3366511222268447345 ) ) ;
#3090 = CARTESIAN_POINT ( 'NONE',  ( 0.3033670858935629822, 0.2550000000000000044, -0.007703311381569148686 ) ) ;
#3091 = CARTESIAN_POINT ( 'NONE',  ( 0.5270754121658554059, 0.2499999999999998890, 0.03810595539699544038 ) ) ;
#3092 = CARTESIAN_POINT ( 'NONE',  ( 0.2404448837047403476, 0.2550000000000000044, 0.3537087067573583821 ) ) ;
#3093 = DIRECTION ( 'NONE',  ( 0.000000000000000000, 0.000000000000000000, 1.000000000000000000 ) ) ;
#3094 = FACE_OUTER_BOUND ( 'NONE', #2884, .T. ) ;
#3095 = CARTESIAN_POINT ( 'NONE',  ( 0.3043163308106932585, 0.2550000000000000044, 0.3575608577875803440 ) ) ;
#3096 = CARTESIAN_POINT ( 'NONE',  ( 0.2694343435391757247, 0.2500000000000000000, 0.009429831966789549089 ) ) ;
#3097 = CARTESIAN_POINT ( 'NONE',  ( 0.5164853700966769434, 0.2550000000000000600, 0.01285661629490546763 ) ) ;
#3098 =( NAMED_UNIT ( * ) SI_UNIT ( $, .STERADIAN. ) SOLID_ANGLE_UNIT ( ) );
#3099 = ORIENTED_EDGE ( 'NONE', *, *, #2502, .T. ) ;
#3100 = SURFACE_STYLE_FILL_AREA ( #1732 ) ;
#3101 = ORIENTED_EDGE ( 'NONE', *, *, #3867, .F. ) ;
#3102 = CARTESIAN_POINT ( 'NONE',  ( 0.3667365284075024268, 0.2500000000000000555, 0.1892830373201254968 ) ) ;
#3103 = SURFACE_SIDE_STYLE ('',( #3444 ) ) ;
#3104 = CARTESIAN_POINT ( 'NONE',  ( 0.4739182371157081852, 0.2500000000000000555, 0.009550571979270752049 ) ) ;
#3105 = EDGE_CURVE ( 'NONE', #1042, #4300, #828, .T. ) ;
#3106 = VERTEX_POINT ( 'NONE', #1692 ) ;
#3107 = CARTESIAN_POINT ( 'NONE',  ( 0.3756521501242604533, 0.2549999999999999489, 0.2161881161131868900 ) ) ;
#3108 = VERTEX_POINT ( 'NONE', #379 ) ;
#3109 = CARTESIAN_POINT ( 'NONE',  ( 0.2269301059006316179, 0.2550000000000000600, 0.1056663988313543828 ) ) ;
#3110 = CARTESIAN_POINT ( 'NONE',  ( 0.5292775705441344902, 0.2500000000000000555, 0.2871894960086713300 ) ) ;
#3111 = DIRECTION ( 'NONE',  ( -1.000000000000000000, 0.000000000000000000, -0.000000000000000000 ) ) ;
#3112 = EDGE_CURVE ( 'NONE', #3485, #55, #35, .T. ) ;
#3113 = CARTESIAN_POINT ( 'NONE',  ( -0.8000000000000001554, 0.2500000000000000000, -1.549999999999999822 ) ) ;
#3114 = CARTESIAN_POINT ( 'NONE',  ( 0.3191939702398286505, 0.2550000000000001155, 0.2197012217059283457 ) ) ;
#3115 = CARTESIAN_POINT ( 'NONE',  ( 0.4509163732389734891, 0.2550000000000000044, 0.1227890881270997381 ) ) ;
#3116 = CARTESIAN_POINT ( 'NONE',  ( 0.2962043733498538334, 0.2550000000000000044, 0.3548200250767610253 ) ) ;
#3117 = CARTESIAN_POINT ( 'NONE',  ( 0.3669171077351536803, 0.2499999999999999445, 0.3930453559451009271 ) ) ;
#3118 = CARTESIAN_POINT ( 'NONE',  ( 0.5126136477912353051, 0.2550000000000000044, 0.006948284794253757266 ) ) ;
#3119 = ORIENTED_EDGE ( 'NONE', *, *, #1183, .F. ) ;
#3120 = CARTESIAN_POINT ( 'NONE',  ( 0.000000000000000000, 0.2550000000000000044, 0.000000000000000000 ) ) ;
#3121 = ORIENTED_EDGE ( 'NONE', *, *, #3558, .F. ) ;
#3122 = VECTOR ( 'NONE', #78, 1000.000000000000000 ) ;
#3123 = SURFACE_SIDE_STYLE ('',( #1431 ) ) ;
#3124 = UNCERTAINTY_MEASURE_WITH_UNIT (LENGTH_MEASURE( 1.000000000000000082E-05 ), #2479, 'distance_accuracy_value', 'NONE');
#3125 = ADVANCED_FACE ( 'NONE', ( #1030 ), #3762, .F. ) ;
#3126 = EDGE_LOOP ( 'NONE', ( #1391, #4059, #1551, #1107 ) ) ;
#3127 = CARTESIAN_POINT ( 'NONE',  ( 0.4241973999450051047, 0.2549999999999999489, 0.2197501506174058539 ) ) ;
#3128 = ORIENTED_EDGE ( 'NONE', *, *, #3213, .T. ) ;
#3129 = CARTESIAN_POINT ( 'NONE',  ( 0.3669171077351537358, 0.2499999999999998890, 0.1622761251758702561 ) ) ;
#3130 = LINE ( 'NONE', #3490, #1290 ) ;
#3131 = CARTESIAN_POINT ( 'NONE',  ( 0.3680186711902042607, 0.2550000000000000600, 0.1353747852824968012 ) ) ;
#3132 = CARTESIAN_POINT ( 'NONE',  ( 0.2353964195976297746, 0.2500000000000000555, 0.3482459893998075540 ) ) ;
#3133 = CARTESIAN_POINT ( 'NONE',  ( 0.2651705834403098594, 0.2499999999999999445, 0.2440350096353815779 ) ) ;
#3134 = CARTESIAN_POINT ( 'NONE',  ( 0.2179895875073089573, 0.2500000000000000000, 0.03156419398350435862 ) ) ;
#3135 = DIRECTION ( 'NONE',  ( -0.000000000000000000, -1.000000000000000000, -0.000000000000000000 ) ) ;
#3136 =( GEOMETRIC_REPRESENTATION_CONTEXT ( 3 ) GLOBAL_UNCERTAINTY_ASSIGNED_CONTEXT ( ( #34 ) ) GLOBAL_UNIT_ASSIGNED_CONTEXT ( ( #2590, #1241, #3596 ) ) REPRESENTATION_CONTEXT ( 'NONE', 'WORKASPACE' ) );
#3137 = PLANE ( 'NONE',  #2114 ) ;
#3138 = AXIS2_PLACEMENT_3D ( 'NONE', #4070, #3454, #1696 ) ;
#3139 = LINE ( 'NONE', #1444, #1494 ) ;
#3140 = LINE ( 'NONE', #2543, #3502 ) ;
#3141 = VECTOR ( 'NONE', #1263, 1000.000000000000000 ) ;
#3142 = FILL_AREA_STYLE ('',( #393 ) ) ;
#3143 = AXIS2_PLACEMENT_3D ( 'NONE', #2040, #4345, #4082 ) ;
#3144 = CLOSED_SHELL ( 'NONE', ( #3548, #1024, #1616, #1996, #3125, #3199, #2772, #3748, #4096, #1220, #3899, #1390, #434, #2447, #1448, #697, #1432, #2189, #1060, #4207, #3538, #1150, #4401, #2628, #1950, #1627, #2650, #3634, #736, #262, #2974, #836, #3013, #3900, #3938, #407, #252, #363, #2294, #513, #568, #2373, #3071, #2309, #4243, #2571, #3574, #72, #2305, #3461, #2749, #1250 ) ) ;
#3145 = EDGE_LOOP ( 'NONE', ( #2227, #2410, #4281, #3155 ) ) ;
#3146 = SURFACE_STYLE_USAGE ( .BOTH. , #1769 ) ;
#3147 = STYLED_ITEM ( 'NONE', ( #264 ), #407 ) ;
#3148 = CARTESIAN_POINT ( 'NONE',  ( 0.3947895301926683254, 0.2500000000000000555, -0.01404000543975725962 ) ) ;
#3149 = EDGE_CURVE ( 'NONE', #4300, #3171, #1306, .T. ) ;
#3150 = VERTEX_POINT ( 'NONE', #4399 ) ;
#3151 = ORIENTED_EDGE ( 'NONE', *, *, #3081, .F. ) ;
#3152 = CARTESIAN_POINT ( 'NONE',  ( 0.3209181455429895857, 0.2499999999999997780, 0.1591121893267794796 ) ) ;
#3153 = CARTESIAN_POINT ( 'NONE',  ( 0.3680186711902042607, 0.2550000000000000600, 0.1353747852824968012 ) ) ;
#3154 = CARTESIAN_POINT ( 'NONE',  ( 0.2690366555843885510, 0.2550000000000000600, 0.1094612920285743668 ) ) ;
#3155 = ORIENTED_EDGE ( 'NONE', *, *, #499, .T. ) ;
#3156 = CARTESIAN_POINT ( 'NONE',  ( 0.2139327387344692466, 0.2500000000000000000, 0.2895556019998379305 ) ) ;
#3157 = MECHANICAL_DESIGN_GEOMETRIC_PRESENTATION_REPRESENTATION (  '', ( #2641 ), #727 ) ;
#3158 =( NAMED_UNIT ( * ) SI_UNIT ( $, .STERADIAN. ) SOLID_ANGLE_UNIT ( ) );
#3159 = DIRECTION ( 'NONE',  ( 0.000000000000000000, -0.000000000000000000, -1.000000000000000000 ) ) ;
#3160 = CARTESIAN_POINT ( 'NONE',  ( 0.2647547241009812757, 0.2550000000000000044, 0.3365394900749550389 ) ) ;
#3161 = CARTESIAN_POINT ( 'NONE',  ( 0.3715048541190846265, 0.2500000000000000000, 0.3931012750767610142 ) ) ;
#3162 = LINE ( 'NONE', #2153, #428 ) ;
#3163 = CARTESIAN_POINT ( 'NONE',  ( 0.5216250464267768727, 0.2550000000000000044, -0.2085213210770852088 ) ) ;
#3164 = CARTESIAN_POINT ( 'NONE',  ( -0.8000000000000001554, 0.2500000000000000000, 1.550000000000000266 ) ) ;
#3165 = ADVANCED_FACE ( 'NONE', ( #2366 ), #1345, .F. ) ;
#3166 = ORIENTED_EDGE ( 'NONE', *, *, #3789, .F. ) ;
#3167 = PLANE ( 'NONE',  #2178 ) ;
#3168 =( NAMED_UNIT ( * ) SI_UNIT ( $, .STERADIAN. ) SOLID_ANGLE_UNIT ( ) );
#3169 = CARTESIAN_POINT ( 'NONE',  ( -0.7500000000000002220, 0.000000000000000000, -1.500000000000000000 ) ) ;
#3170 = CARTESIAN_POINT ( 'NONE',  ( 0.3667365284075024268, 0.2550000000000000600, -0.04148619344910531997 ) ) ;
#3171 = VERTEX_POINT ( 'NONE', #675 ) ;
#3172 = CARTESIAN_POINT ( 'NONE',  ( 0.4324996892528285009, 0.2550000000000000044, -0.009502273605260250222 ) ) ;
#3173 = EDGE_LOOP ( 'NONE', ( #1757, #357, #3119, #841, #1427, #2529, #2095, #1224 ) ) ;
#3174 = CARTESIAN_POINT ( 'NONE',  ( 0.2815637261155051752, 0.2499999999999998890, 0.1490257754766321774 ) ) ;
#3175 = ORIENTED_EDGE ( 'NONE', *, *, #2271, .F. ) ;
#3176 = CARTESIAN_POINT ( 'NONE',  ( 0.2815637261155051752, 0.2550000000000001155, 0.3797950062458630427 ) ) ;
#3177 = CARTESIAN_POINT ( 'NONE',  ( 0.3598411541138852865, 0.2500000000000000555, 0.2162083070380947103 ) ) ;
#3178 = CARTESIAN_POINT ( 'NONE',  ( 0.2574768967972126954, 0.2499999999999999445, -0.01766594510749141395 ) ) ;
#3179 = CARTESIAN_POINT ( 'NONE',  ( 0.3716250464267769060, 0.2550000000000000044, 0.3661781981536840758 ) ) ;
#3180 = CARTESIAN_POINT ( 'NONE',  ( 0.3325618936002193160, 0.2500000000000000000, 0.3912593740084200911 ) ) ;
#3181 = CARTESIAN_POINT ( 'NONE',  ( -0.7550000000000002265, -0.2550000000000000044, 0.6500000000000007994 ) ) ;
#3182 = CARTESIAN_POINT ( 'NONE',  ( 0.3499999999999999223, 0.000000000000000000, 1.100000000000000755 ) ) ;
#3183 = CARTESIAN_POINT ( 'NONE',  ( 0.4223257474083714769, 0.2550000000000000044, 0.3897967988021947550 ) ) ;
#3184 = CARTESIAN_POINT ( 'NONE',  ( 0.3716250464267769615, 0.2550000000000000600, -0.01459103261554668164 ) ) ;
#3185 = DIRECTION ( 'NONE',  ( -0.000000000000000000, -1.000000000000000000, -0.000000000000000000 ) ) ;
#3186 = CARTESIAN_POINT ( 'NONE',  ( 0.3499999999999999223, 0.000000000000000000, 1.505000000000000338 ) ) ;
#3187 = LINE ( 'NONE', #2159, #285 ) ;
#3188 = CARTESIAN_POINT ( 'NONE',  ( 0.4151593434850235909, 0.2549999999999999489, -0.01234270979064651906 ) ) ;
#3189 = VERTEX_POINT ( 'NONE', #1799 ) ;
#3190 = CARTESIAN_POINT ( 'NONE',  ( 0.3669171077351537358, 0.2550000000000000044, 0.1622761251758702561 ) ) ;
#3191 = FILL_AREA_STYLE ('',( #405 ) ) ;
#3192 = CARTESIAN_POINT ( 'NONE',  ( 0.2962043733498538334, 0.2550000000000000044, 0.1240507943075302433 ) ) ;
#3193 = CARTESIAN_POINT ( 'NONE',  ( 0.5283809216234945927, 0.2550000000000000600, 0.04484226547479413377 ) ) ;
#3194 =( GEOMETRIC_REPRESENTATION_CONTEXT ( 3 ) GLOBAL_UNCERTAINTY_ASSIGNED_CONTEXT ( ( #3666 ) ) GLOBAL_UNIT_ASSIGNED_CONTEXT ( ( #1193, #420, #802 ) ) REPRESENTATION_CONTEXT ( 'NONE', 'WORKASPACE' ) );
#3195 = DIRECTION ( 'NONE',  ( -0.000000000000000000, -0.000000000000000000, 1.000000000000000000 ) ) ;
#3196 = PRESENTATION_STYLE_ASSIGNMENT (( #1140 ) ) ;
#3197 = EDGE_CURVE ( 'NONE', #2253, #4192, #2515, .T. ) ;
#3198 = CARTESIAN_POINT ( 'NONE',  ( 0.000000000000000000, 0.2500000000000000000, 0.000000000000000000 ) ) ;
#3199 = ADVANCED_FACE ( 'NONE', ( #470 ), #3578, .F. ) ;
#3200 = CARTESIAN_POINT ( 'NONE',  ( -0.7500000000000002220, -0.2500000000000000000, 1.500000000000000222 ) ) ;
#3201 = CARTESIAN_POINT ( 'NONE',  ( 0.3850919597461412991, 0.2499999999999999445, 0.1621690500100066712 ) ) ;
#3202 = FILL_AREA_STYLE_COLOUR ( '', #4069 ) ;
#3203 = CARTESIAN_POINT ( 'NONE',  ( 0.4618707918203605045, 0.2549999999999999489, 0.3795606725515123236 ) ) ;
#3204 = STYLED_ITEM ( 'NONE', ( #1146 ), #2092 ) ;
#3205 = DIRECTION ( 'NONE',  ( -0.000000000000000000, -0.000000000000000000, 1.000000000000000000 ) ) ;
#3206 = DIRECTION ( 'NONE',  ( 9.637352644315596722E-16, 0.000000000000000000, 1.000000000000000000 ) ) ;
#3207 = PRESENTATION_LAYER_ASSIGNMENT (  '', '', ( #1206 ) ) ;
#3208 = CARTESIAN_POINT ( 'NONE',  ( 0.4777203346176339127, 0.2550000000000001155, 0.3720943830303474198 ) ) ;
#3209 = DIRECTION ( 'NONE',  ( -1.000000000000000000, 0.000000000000000000, 0.000000000000000000 ) ) ;
#3210 = CARTESIAN_POINT ( 'NONE',  ( 0.2447019695037000453, 0.2500000000000000000, 0.05968781353829947373 ) ) ;
#3211 = EDGE_CURVE ( 'NONE', #3485, #1865, #2958, .T. ) ;
#3212 = CARTESIAN_POINT ( 'NONE',  ( 0.4985481233498538778, 0.2550000000000000044, 0.05968781353829947373 ) ) ;
#3213 = EDGE_CURVE ( 'NONE', #1503, #2898, #1538, .T. ) ;
#3214 = EDGE_LOOP ( 'NONE', ( #643, #4110, #2998, #986 ) ) ;
#3215 = CARTESIAN_POINT ( 'NONE',  ( 0.4912969234374190974, 0.2550000000000000044, 0.2612926286687541344 ) ) ;
#3216 = STYLED_ITEM ( 'NONE', ( #2448 ), #3244 ) ;
#3217 = CARTESIAN_POINT ( 'NONE',  ( 0.4985481233498538778, 0.2550000000000000044, 0.05968781353829947373 ) ) ;
#3218 = DIRECTION ( 'NONE',  ( -1.000000000000000000, -0.000000000000000000, -0.000000000000000000 ) ) ;
#3219 = ORIENTED_EDGE ( 'NONE', *, *, #3595, .F. ) ;
#3220 = FILL_AREA_STYLE_COLOUR ( '', #731 ) ;
#3221 = FILL_AREA_STYLE ('',( #2603 ) ) ;
#3222 = CARTESIAN_POINT ( 'NONE',  ( 0.2841510289005065859, 0.2550000000000000600, 0.3498617475027798740 ) ) ;
#3223 = AXIS2_PLACEMENT_3D ( 'NONE', #2886, #849, #1889 ) ;
#3224 = CARTESIAN_POINT ( 'NONE',  ( 0.2139729051418194083, 0.2550000000000000044, 0.2871895921341056090 ) ) ;
#3225 = FACE_OUTER_BOUND ( 'NONE', #4263, .T. ) ;
#3226 = CARTESIAN_POINT ( 'NONE',  ( 0.2690366555843885510, 0.2500000000000000555, 0.1094612920285743668 ) ) ;
#3227 = CARTESIAN_POINT ( 'NONE',  ( 0.5080823443267480366, 0.2500000000000001110, 0.3479710072854499958 ) ) ;
#3228 = STYLED_ITEM ( 'NONE', ( #157 ), #2447 ) ;
#3229 = CARTESIAN_POINT ( 'NONE',  ( -0.8000000000000001554, 0.2500000000000000000, -1.549999999999999822 ) ) ;
#3230 = CARTESIAN_POINT ( 'NONE',  ( -0.3499999999999998668, 0.000000000000000000, -1.550000000000000266 ) ) ;
#3231 = DIRECTION ( 'NONE',  ( -0.000000000000000000, -0.000000000000000000, 1.000000000000000000 ) ) ;
#3232 = SURFACE_STYLE_FILL_AREA ( #447 ) ;
#3233 =( LENGTH_UNIT ( ) NAMED_UNIT ( * ) SI_UNIT ( .MILLI., .METRE. ) );
#3234 = CARTESIAN_POINT ( 'NONE',  ( 0.4053541445208640459, 0.2549999999999999489, -0.01335190231865579676 ) ) ;
#3235 = ORIENTED_EDGE ( 'NONE', *, *, #1308, .T. ) ;
#3236 = CARTESIAN_POINT ( 'NONE',  ( 0.5199740492514313139, 0.2550000000000000044, 0.2496509501832518130 ) ) ;
#3237 = CARTESIAN_POINT ( 'NONE',  ( 0.4530518220437342314, 0.2500000000000000000, -0.002907731225813562064 ) ) ;
#3238 = PRESENTATION_LAYER_ASSIGNMENT (  '', '', ( #2657 ) ) ;
#3239 =( LENGTH_UNIT ( ) NAMED_UNIT ( * ) SI_UNIT ( .MILLI., .METRE. ) );
#3240 = CARTESIAN_POINT ( 'NONE',  ( 0.4205789617790521850, 0.2550000000000001710, 0.3623026690188726473 ) ) ;
#3241 = PRESENTATION_LAYER_ASSIGNMENT (  '', '', ( #2658 ) ) ;
#3242 = EDGE_LOOP ( 'NONE', ( #3219, #2426, #218, #3928 ) ) ;
#3243 = DIRECTION ( 'NONE',  ( 0.000000000000000000, -1.000000000000000000, 0.000000000000000000 ) ) ;
#3244 = ADVANCED_FACE ( 'NONE', ( #3533 ), #4193, .T. ) ;
#3245 = VECTOR ( 'NONE', #2606, 1000.000000000000000 ) ;
#3246 =( LENGTH_UNIT ( ) NAMED_UNIT ( * ) SI_UNIT ( .MILLI., .METRE. ) );
#3247 = CARTESIAN_POINT ( 'NONE',  ( 0.3834691365183243716, 0.2500000000000000555, 0.2162073678038098357 ) ) ;
#3248 = EDGE_LOOP ( 'NONE', ( #609, #4148, #686, #3031 ) ) ;
#3249 = CARTESIAN_POINT ( 'NONE',  ( 0.3676180150993511586, 0.2500000000000000555, -0.01458079429701289627 ) ) ;
#3250 = CARTESIAN_POINT ( 'NONE',  ( 0.4205789617790521295, 0.2550000000000000044, 0.1315334382496416987 ) ) ;
#3251 = CARTESIAN_POINT ( 'NONE',  ( 0.2841510289005064194, 0.2550000000000000044, 0.1190925167335490364 ) ) ;
#3252 = CARTESIAN_POINT ( 'NONE',  ( 0.4106336774163576453, 0.2550000000000000044, 0.3912835041689611826 ) ) ;
#3253 = CARTESIAN_POINT ( 'NONE',  ( 0.2643953523856992227, 0.2500000000000000555, -0.02170178781106716498 ) ) ;
#3254 = CARTESIAN_POINT ( 'NONE',  ( 0.5293173541190846487, 0.2500000000000000000, 0.05878637123060716924 ) ) ;
#3255 = STYLED_ITEM ( 'NONE', ( #2037 ), #3676 ) ;
#3256 = CARTESIAN_POINT ( 'NONE',  ( 0.4779873555264082530, 0.2500000000000000555, 0.1058818914576139247 ) ) ;
#3257 = VERTEX_POINT ( 'NONE', #2857 ) ;
#3258 = CARTESIAN_POINT ( 'NONE',  ( 0.5270754121658555169, 0.2550000000000000600, 0.2688751861662262432 ) ) ;
#3259 = CARTESIAN_POINT ( 'NONE',  ( 0.4588464415272903163, 0.2550000000000000044, -0.0001913018838922150660 ) ) ;
#3260 = CARTESIAN_POINT ( 'NONE',  ( 0.4985481233498538778, 0.2550000000000000044, 0.2904570443075302211 ) ) ;
#3261 = CARTESIAN_POINT ( 'NONE',  ( 0.7550000000000001155, 0.000000000000000000, 1.100000000000000311 ) ) ;
#3262 = UNCERTAINTY_MEASURE_WITH_UNIT (LENGTH_MEASURE( 1.000000000000000082E-05 ), #3034, 'distance_accuracy_value', 'NONE');
#3263 = EDGE_CURVE ( 'NONE', #3825, #3189, #823, .T. ) ;
#3264 = CARTESIAN_POINT ( 'NONE',  ( 0.4978555650724056925, 0.2500000000000000555, -0.008983894065112451102 ) ) ;
#3265 = ORIENTED_EDGE ( 'NONE', *, *, #1189, .T. ) ;
#3266 = CARTESIAN_POINT ( 'NONE',  ( 0.2903682165199149567, 0.2500000000000000000, 0.1521444225309575016 ) ) ;
#3267 = DIRECTION ( 'NONE',  ( 0.000000000000000000, 0.000000000000000000, -1.000000000000000000 ) ) ;
#3268 = VECTOR ( 'NONE', #122, 1000.000000000000000 ) ;
#3269 = CARTESIAN_POINT ( 'NONE',  ( 0.2140521054570817538, 0.2500000000000000000, 0.2825242824974674161 ) ) ;
#3270 = EDGE_CURVE ( 'NONE', #1497, #1449, #2528, .T. ) ;
#3271 = CARTESIAN_POINT ( 'NONE',  ( 0.3716250464267769615, 0.2500000000000000555, -0.01459103261554668164 ) ) ;
#3272 = FACE_OUTER_BOUND ( 'NONE', #1936, .T. ) ;
#3273 = PRESENTATION_STYLE_ASSIGNMENT (( #3898 ) ) ;
#3274 = CARTESIAN_POINT ( 'NONE',  ( 0.3598411541138852310, 0.2500000000000000000, -0.01456092373113605613 ) ) ;
#3275 = CARTESIAN_POINT ( 'NONE',  ( 0.5228570990087788584, 0.2549999999999999489, 0.3237405736722777094 ) ) ;
#3276 = CARTESIAN_POINT ( 'NONE',  ( 0.5165343003413240819, 0.2550000000000000044, 0.1054979276991352827 ) ) ;
#3277 = ORIENTED_EDGE ( 'NONE', *, *, #4367, .F. ) ;
#3278 = CARTESIAN_POINT ( 'NONE',  ( 0.2574768967972126954, 0.2550000000000000044, 0.2131032856617393334 ) ) ;
#3279 = CARTESIAN_POINT ( 'NONE',  ( 0.2798514466872804030, 0.2500000000000000000, 0.2020203723015626118 ) ) ;
#3280 = CARTESIAN_POINT ( 'NONE',  ( 0.5292775705441344902, 0.2550000000000000044, 0.2871894960086713300 ) ) ;
#3281 = VECTOR ( 'NONE', #3267, 1000.000000000000000 ) ;
#3282 = CARTESIAN_POINT ( 'NONE',  ( 0.4955632875088742950, 0.2500000000000001110, 0.03991948423567255599 ) ) ;
#3283 = CARTESIAN_POINT ( 'NONE',  ( 0.4053541445208641569, 0.2549999999999999489, 0.2174173284505749315 ) ) ;
#3284 = CARTESIAN_POINT ( 'NONE',  ( 0.4367276495857305152, 0.2550000000000000044, 0.1277588839568168377 ) ) ;
#3285 = CARTESIAN_POINT ( 'NONE',  ( 0.4367276495857305152, 0.2550000000000000600, 0.3585281147260476198 ) ) ;
#3286 = VECTOR ( 'NONE', #3231, 1000.000000000000000 ) ;
#3287 = VERTEX_POINT ( 'NONE', #4256 ) ;
#3288 = AXIS2_PLACEMENT_3D ( 'NONE', #2694, #4064, #3742 ) ;
#3289 = DIRECTION ( 'NONE',  ( 2.409338161078901646E-16, 0.000000000000000000, -1.000000000000000000 ) ) ;
#3290 = CARTESIAN_POINT ( 'NONE',  ( -0.7550000000000002265, 0.000000000000000000, 1.100000000000000089 ) ) ;
#3291 = CARTESIAN_POINT ( 'NONE',  ( 0.3282068291757977985, 0.2499999999999998890, 0.2183466840639617379 ) ) ;
#3292 = ORIENTED_EDGE ( 'NONE', *, *, #963, .T. ) ;
#3293 = FACE_OUTER_BOUND ( 'NONE', #394, .T. ) ;
#3294 = LINE ( 'NONE', #3682, #4063 ) ;
#3295 = LINE ( 'NONE', #2938, #1081 ) ;
#3296 = DIRECTION ( 'NONE',  ( 0.000000000000000000, -1.000000000000000000, 0.000000000000000000 ) ) ;
#3297 =( NAMED_UNIT ( * ) PLANE_ANGLE_UNIT ( ) SI_UNIT ( $, .RADIAN. ) );
#3298 =( GEOMETRIC_REPRESENTATION_CONTEXT ( 3 ) GLOBAL_UNCERTAINTY_ASSIGNED_CONTEXT ( ( #3760 ) ) GLOBAL_UNIT_ASSIGNED_CONTEXT ( ( #2602, #2885, #2186 ) ) REPRESENTATION_CONTEXT ( 'NONE', 'WORKASPACE' ) );
#3299 = CARTESIAN_POINT ( 'NONE',  ( 0.4919248874227036827, 0.2500000000000001110, 0.2171283727615079540 ) ) ;
#3300 = CARTESIAN_POINT ( 'NONE',  ( 0.4914405513017247595, 0.2549999999999999489, 0.1326140925952868921 ) ) ;
#3301 = PRESENTATION_LAYER_ASSIGNMENT (  '', '', ( #3228 ) ) ;
#3302 = EDGE_CURVE ( 'NONE', #4279, #2491, #4299, .T. ) ;
#3303 = EDGE_CURVE ( 'NONE', #3680, #3754, #622, .T. ) ;
#3304 = CARTESIAN_POINT ( 'NONE',  ( 0.4955568124165435351, 0.2499999999999999445, 0.07923833619549520979 ) ) ;
#3305 = EDGE_LOOP ( 'NONE', ( #3099, #76, #4156, #3654 ) ) ;
#3306 = CARTESIAN_POINT ( 'NONE',  ( 0.2347983456523144441, 0.2500000000000000000, 0.2323274768076707963 ) ) ;
#3307 = LINE ( 'NONE', #3738, #577 ) ;
#3308 = DIRECTION ( 'NONE',  ( -1.000000000000000000, 0.000000000000000000, 0.000000000000000000 ) ) ;
#3309 = UNCERTAINTY_MEASURE_WITH_UNIT (LENGTH_MEASURE( 1.000000000000000082E-05 ), #2672, 'distance_accuracy_value', 'NONE');
#3310 = CARTESIAN_POINT ( 'NONE',  ( 0.4985481233498538778, 0.2550000000000000044, 0.2904570443075302211 ) ) ;
#3311 = ORIENTED_EDGE ( 'NONE', *, *, #3915, .F. ) ;
#3312 =( LENGTH_UNIT ( ) NAMED_UNIT ( * ) SI_UNIT ( .MILLI., .METRE. ) );
#3313 = CARTESIAN_POINT ( 'NONE',  ( 0.7999999999999999334, 0.000000000000000000, 1.550000000000000266 ) ) ;
#3314 = ORIENTED_EDGE ( 'NONE', *, *, #614, .T. ) ;
#3315 = SURFACE_SIDE_STYLE ('',( #3588 ) ) ;
#3316 =( NAMED_UNIT ( * ) SI_UNIT ( $, .STERADIAN. ) SOLID_ANGLE_UNIT ( ) );
#3317 =( LENGTH_UNIT ( ) NAMED_UNIT ( * ) SI_UNIT ( .MILLI., .METRE. ) );
#3318 = FILL_AREA_STYLE ('',( #923 ) ) ;
#3319 = FACE_OUTER_BOUND ( 'NONE', #2208, .T. ) ;
#3320 = CARTESIAN_POINT ( 'NONE',  ( 0.4978555650724056925, 0.2500000000000001110, 0.2217853367041183188 ) ) ;
#3321 = CARTESIAN_POINT ( 'NONE',  ( 0.3193298258350099617, 0.2550000000000000044, -0.03837193776155066460 ) ) ;
#3322 = CARTESIAN_POINT ( 'NONE',  ( 0.5228570990087788584, 0.2550000000000000044, 0.09297134290304688575 ) ) ;
#3323 = CARTESIAN_POINT ( 'NONE',  ( 0.2447019695037000730, 0.2500000000000000555, 0.2904570443075302766 ) ) ;
#3324 = ORIENTED_EDGE ( 'NONE', *, *, #588, .F. ) ;
#3325 = DIRECTION ( 'NONE',  ( -0.000000000000000000, -1.000000000000000000, -0.000000000000000000 ) ) ;
#3326 = CARTESIAN_POINT ( 'NONE',  ( 0.2148647792478709240, 0.2499999999999999445, 0.2756103934606785044 ) ) ;
#3327 = APPLICATION_CONTEXT ( 'automotive_design' ) ;
#3328 = B_SPLINE_SURFACE_WITH_KNOTS ( 'NONE', 3, 1, ( 
 ( #3389, #3773 ),
 ( #3048, #4077 ),
 ( #3095, #342 ),
 ( #1700, #2059 ),
 ( #3458, #3433 ),
 ( #367, #1746 ),
 ( #1442, #1809 ),
 ( #2441, #1787 ),
 ( #2168, #831 ),
 ( #69, #2151 ),
 ( #3179, #1764 ) ),
 .UNSPECIFIED., .F., .F., .F.,
 ( 4, 1, 1, 1, 1, 1, 1, 1, 4 ),
 ( 2, 2 ),
 ( 0.000000000000000000, 0.1105883385953361497, 0.2245417540535959156, 0.3425034940501037739, 0.4643240984173583330, 0.5907560327017666868, 0.7222274753555145699, 0.8588428362087245915, 1.000000000000000000 ),
 ( 0.000000000000000000, 1.000000000000000000 ),
 .UNSPECIFIED. ) ;
#3329 = B_SPLINE_CURVE_WITH_KNOTS ( 'NONE', 3,
 ( #1974, #4280, #553, #2264, #1264, #1902, #3351, #604, #4347, #532, #1580, #261, #3995, #3620, #3278, #1294, #1643, #283, #1195, #2549, #954, #3951, #3929, #2946, #1621, #882, #1599 ),
 .UNSPECIFIED., .F., .F.,
 ( 4, 1, 1, 1, 1, 1, 1, 1, 1, 1, 1, 1, 1, 1, 1, 1, 1, 1, 1, 1, 1, 1, 1, 1, 4 ),
 ( 0.000000000000000000, 0.03378920173289939183, 0.06662571054411649263, 0.09929091792950051065, 0.1316449910201465123, 0.1636017227828676923, 0.1961224403990334542, 0.2289227629684998100, 0.2621805876121068857, 0.2960158121508758011, 0.3302445177381409525, 0.3650886174602971379, 0.4009817122734755657, 0.4376535877480990933, 0.4757430520779057370, 0.5152914703679793984, 0.5563268164025524376, 0.5996807419869993883, 0.6463429061422883981, 0.6964129774199110390, 0.7497662961685440663, 0.8065615401783301497, 0.8674274672223043492, 0.9318826096926672298, 1.000000000000000000 ),
 .UNSPECIFIED. ) ;
#3330 =( NAMED_UNIT ( * ) PLANE_ANGLE_UNIT ( ) SI_UNIT ( $, .RADIAN. ) );
#3331 = CARTESIAN_POINT ( 'NONE',  ( 0.4777203346176338572, 0.2550000000000000600, 0.1413251522611165267 ) ) ;
#3332 = CARTESIAN_POINT ( 'NONE',  ( 0.2140521054570816983, 0.2550000000000000044, 0.05175505172823655770 ) ) ;
#3333 = CARTESIAN_POINT ( 'NONE',  ( 0.4350463232315916473, 0.2499999999999999445, -0.03674802600651652651 ) ) ;
#3334 = MECHANICAL_DESIGN_GEOMETRIC_PRESENTATION_REPRESENTATION (  '', ( #216 ), #1820 ) ;
#3335 = ORIENTED_EDGE ( 'NONE', *, *, #1975, .T. ) ;
#3336 = CARTESIAN_POINT ( 'NONE',  ( 0.2162327779143364825, 0.2500000000000000000, 0.07982561201210329471 ) ) ;
#3337 = CARTESIAN_POINT ( 'NONE',  ( 0.4024302860308482943, 0.2550000000000001710, 0.3648034589245821580 ) ) ;
#3338 = CARTESIAN_POINT ( 'NONE',  ( 0.3108994283731597030, 0.2500000000000000555, 0.2212189490455623575 ) ) ;
#3339 = VERTEX_POINT ( 'NONE', #2592 ) ;
#3340 = FILL_AREA_STYLE_COLOUR ( '', #3619 ) ;
#3341 = CARTESIAN_POINT ( 'NONE',  ( 0.3752313441487289958, 0.2550000000000000600, 0.1353712681826856334 ) ) ;
#3342 = SURFACE_STYLE_USAGE ( .BOTH. , #1258 ) ;
#3343 = EDGE_CURVE ( 'NONE', #1132, #2580, #3329, .T. ) ;
#3344 =( GEOMETRIC_REPRESENTATION_CONTEXT ( 3 ) GLOBAL_UNCERTAINTY_ASSIGNED_CONTEXT ( ( #1862 ) ) GLOBAL_UNIT_ASSIGNED_CONTEXT ( ( #397, #4414, #3080 ) ) REPRESENTATION_CONTEXT ( 'NONE', 'WORKASPACE' ) );
#3345 = CARTESIAN_POINT ( 'NONE',  ( 0.7999999999999999334, 0.2500000000000000000, 1.550000000000000266 ) ) ;
#3346 = CARTESIAN_POINT ( 'NONE',  ( 0.5081691521253463018, 0.2549999999999999489, 0.2321080898110872426 ) ) ;
#3347 = CARTESIAN_POINT ( 'NONE',  ( 0.2396637531941709365, 0.2500000000000000555, -0.003764603968715165856 ) ) ;
#3348 = CARTESIAN_POINT ( 'NONE',  ( 0.4700291176353074696, 0.2500000000000000000, 0.1451284696241161853 ) ) ;
#3349 = CARTESIAN_POINT ( 'NONE',  ( 0.7500000000000001110, 0.000000000000000000, 1.500000000000000222 ) ) ;
#3350 = ORIENTED_EDGE ( 'NONE', *, *, #2887, .T. ) ;
#3351 = CARTESIAN_POINT ( 'NONE',  ( 0.2202767865370284239, 0.2550000000000000600, 0.2559434926016470602 ) ) ;
#3352 = ORIENTED_EDGE ( 'NONE', *, *, #1528, .T. ) ;
#3353 = LINE ( 'NONE', #2948, #985 ) ;
#3354 = DIRECTION ( 'NONE',  ( 0.000000000000000000, 0.000000000000000000, -1.000000000000000000 ) ) ;
#3355 = CARTESIAN_POINT ( 'NONE',  ( -0.7500000000000002220, -0.2500000000000000000, 1.500000000000000222 ) ) ;
#3356 = CARTESIAN_POINT ( 'NONE',  ( -0.7550000000000002265, 0.000000000000000000, 0.6500000000000007994 ) ) ;
#3357 = UNCERTAINTY_MEASURE_WITH_UNIT (LENGTH_MEASURE( 1.000000000000000082E-05 ), #130, 'distance_accuracy_value', 'NONE');
#3358 = CARTESIAN_POINT ( 'NONE',  ( 0.2734453708186652121, 0.2550000000000001155, 0.1454422861831360381 ) ) ;
#3359 = EDGE_CURVE ( 'NONE', #3287, #55, #502, .T. ) ;
#3360 = ORIENTED_EDGE ( 'NONE', *, *, #1399, .F. ) ;
#3361 = AXIS2_PLACEMENT_3D ( 'NONE', #1447, #3819, #750 ) ;
#3362 = CARTESIAN_POINT ( 'NONE',  ( 0.2734453708186652121, 0.2500000000000001110, 0.1454422861831360381 ) ) ;
#3363 = CARTESIAN_POINT ( 'NONE',  ( 0.4509163732389733781, 0.2550000000000000044, 0.3535583188963304924 ) ) ;
#3364 = LINE ( 'NONE', #720, #1137 ) ;
#3365 =( GEOMETRIC_REPRESENTATION_CONTEXT ( 3 ) GLOBAL_UNCERTAINTY_ASSIGNED_CONTEXT ( ( #939 ) ) GLOBAL_UNIT_ASSIGNED_CONTEXT ( ( #3233, #2198, #903 ) ) REPRESENTATION_CONTEXT ( 'NONE', 'WORKASPACE' ) );
#3366 = VECTOR ( 'NONE', #3839, 1000.000000000000000 ) ;
#3367 = CARTESIAN_POINT ( 'NONE',  ( 0.4435254987353813849, 0.2499999999999999445, 0.3855738067239312672 ) ) ;
#3368 = COLOUR_RGB ( '',0.1098039215686274495, 0.1098039215686274495, 0.1098039215686274495 ) ;
#3369 = CARTESIAN_POINT ( 'NONE',  ( 0.4631644588648078931, 0.2499999999999999445, 0.1167758856683011465 ) ) ;
#3370 = B_SPLINE_SURFACE_WITH_KNOTS ( 'NONE', 3, 1, ( 
 ( #679, #3788 ),
 ( #41, #3810 ),
 ( #1398, #1419 ),
 ( #2030, #1259 ),
 ( #337, #4115 ),
 ( #1923, #316 ),
 ( #234, #2345 ),
 ( #3769, #721 ),
 ( #989, #1697 ),
 ( #2055, #1376 ),
 ( #4048, #3747 ),
 ( #2962, #4313 ),
 ( #3724, #659 ),
 ( #1350, #3428 ),
 ( #2009, #3064 ),
 ( #1673, #3044 ),
 ( #1034, #3406 ),
 ( #4404, #2699 ),
 ( #4071, #1014 ),
 ( #2372, #1053 ),
 ( #2728, #2392 ),
 ( #2414, #362 ),
 ( #1720, #3091 ),
 ( #3193, #2813 ),
 ( #1177, #131 ),
 ( #2883, #1457 ),
 ( #1523, #456 ) ),
 .UNSPECIFIED., .F., .F., .F.,
 ( 4, 1, 1, 1, 1, 1, 1, 1, 1, 1, 1, 1, 1, 1, 1, 1, 1, 1, 1, 1, 1, 1, 1, 1, 4 ),
 ( 2, 2 ),
 ( 0.000000000000000000, 0.06859905185027570518, 0.1332546469887012364, 0.1943251344692437099, 0.2512954498164151618, 0.3045331036280987669, 0.3542577818568268255, 0.4005064503556530209, 0.4434393887943418044, 0.4840461245383604894, 0.5232860905060560119, 0.5610786028067862308, 0.5979388495899657929, 0.6335593991789293389, 0.6685506344687421887, 0.7027341618909608290, 0.7369260519635207896, 0.7705360380815170496, 0.8034336592223285667, 0.8361707333883959814, 0.8684517514297860341, 0.9008401352728002687, 0.9334622281405532407, 0.9662553963349059805, 0.9999999999999998890 ),
 ( 0.000000000000000000, 1.000000000000000000 ),
 .UNSPECIFIED. ) ;
#3371 = CARTESIAN_POINT ( 'NONE',  ( 0.3033670858935629822, 0.2550000000000000044, -0.007703311381569148686 ) ) ;
#3372 = SURFACE_STYLE_FILL_AREA ( #950 ) ;
#3373 = CARTESIAN_POINT ( 'NONE',  ( 0.4632751383998677253, 0.2550000000000000044, 0.2017852898145152674 ) ) ;
#3374 = CARTESIAN_POINT ( 'NONE',  ( 0.2941109360743368040, 0.2499999999999999445, 0.3540439526595299813 ) ) ;
#3375 = PLANE ( 'NONE',  #1575 ) ;
#3376 = VERTEX_POINT ( 'NONE', #933 ) ;
#3377 = FILL_AREA_STYLE_COLOUR ( '', #3368 ) ;
#3378 = CARTESIAN_POINT ( 'NONE',  ( 0.2148647792478711183, 0.2550000000000001155, 0.04484116269144788197 ) ) ;
#3379 = CARTESIAN_POINT ( 'NONE',  ( 0.2269301059006316179, 0.2550000000000000600, 0.1056663988313543828 ) ) ;
#3380 = CARTESIAN_POINT ( 'NONE',  ( 0.2451977462291358989, 0.2550000000000000600, 0.2805428867020681727 ) ) ;
#3381 = VERTEX_POINT ( 'NONE', #1222 ) ;
#3382 = CARTESIAN_POINT ( 'NONE',  ( 0.4735615350573204596, 0.2549999999999999489, 0.3405732054758373040 ) ) ;
#3383 = CARTESIAN_POINT ( 'NONE',  ( 0.2517355398281143630, 0.2550000000000000044, 0.08875841868690412251 ) ) ;
#3384 = SURFACE_SIDE_STYLE ('',( #2080 ) ) ;
#3385 = EDGE_CURVE ( 'NONE', #3599, #1497, #2289, .T. ) ;
#3386 = CARTESIAN_POINT ( 'NONE',  ( 0.3715048541190846265, 0.2550000000000000044, 0.1892551212306071706 ) ) ;
#3387 = CARTESIAN_POINT ( 'NONE',  ( -0.8000000000000001554, 0.000000000000000000, 1.100000000000000311 ) ) ;
#3388 = FACE_BOUND ( 'NONE', #4287, .T. ) ;
#3389 = CARTESIAN_POINT ( 'NONE',  ( 0.2962043733498538334, 0.2550000000000000044, 0.3548200250767610253 ) ) ;
#3390 = CARTESIAN_POINT ( 'NONE',  ( 0.4452664430095720771, 0.2550000000000000600, 0.1962682489450511825 ) ) ;
#3391 = CARTESIAN_POINT ( 'NONE',  ( 0.5270754121658554059, 0.2550000000000000044, 0.03810595539699544038 ) ) ;
#3392 = STYLED_ITEM ( 'NONE', ( #3527 ), #412 ) ;
#3393 = CARTESIAN_POINT ( 'NONE',  ( 0.5270754121658555169, 0.2500000000000000555, 0.2688751861662262432 ) ) ;
#3394 = DIRECTION ( 'NONE',  ( 1.000000000000000000, 0.000000000000000000, 0.000000000000000000 ) ) ;
#3395 = CARTESIAN_POINT ( 'NONE',  ( 0.3504766980390017217, 0.2500000000000000000, 0.1347648905958748755 ) ) ;
#3396 = SURFACE_STYLE_USAGE ( .BOTH. , #4061 ) ;
#3397 = LINE ( 'NONE', #2001, #2923 ) ;
#3398 = CARTESIAN_POINT ( 'NONE',  ( 0.2998289512875080831, 0.2549999999999999489, 0.1549178684805466166 ) ) ;
#3399 = CARTESIAN_POINT ( 'NONE',  ( 0.3191939702398286505, 0.2550000000000001155, 0.2197012217059283457 ) ) ;
#3400 = VERTEX_POINT ( 'NONE', #4390 ) ;
#3401 =( NAMED_UNIT ( * ) PLANE_ANGLE_UNIT ( ) SI_UNIT ( $, .RADIAN. ) );
#3402 = ADVANCED_FACE ( 'NONE', ( #730 ), #2042, .F. ) ;
#3403 = CARTESIAN_POINT ( 'NONE',  ( 0.4865844590520803647, 0.2500000000000001110, 0.3268349899532899672 ) ) ;
#3404 =( GEOMETRIC_REPRESENTATION_CONTEXT ( 3 ) GLOBAL_UNCERTAINTY_ASSIGNED_CONTEXT ( ( #2262 ) ) GLOBAL_UNIT_ASSIGNED_CONTEXT ( ( #1637, #3073, #1660 ) ) REPRESENTATION_CONTEXT ( 'NONE', 'WORKASPACE' ) );
#3405 = CARTESIAN_POINT ( 'NONE',  ( 0.2790928080514478160, 0.2550000000000000044, 0.002607234034223803419 ) ) ;
#3406 = CARTESIAN_POINT ( 'NONE',  ( 0.5081691521253465238, 0.2499999999999998335, 0.001338859041856506078 ) ) ;
#3407 = COLOUR_RGB ( '',0.1098039215686274495, 0.1098039215686274495, 0.1098039215686274495 ) ;
#3408 = CARTESIAN_POINT ( 'NONE',  ( 0.3100416389117918170, 0.2500000000000000555, 0.3879185437387104862 ) ) ;
#3409 = CARTESIAN_POINT ( 'NONE',  ( 0.2658206407734284848, 0.2550000000000000044, 0.3723745853079545864 ) ) ;
#3410 = FILL_AREA_STYLE_COLOUR ( '', #1316 ) ;
#3411 = ADVANCED_FACE ( 'NONE', ( #31 ), #3375, .T. ) ;
#3412 = MANIFOLD_SOLID_BREP ( 'Boss-Extrude6', #214 ) ;
#3413 = CARTESIAN_POINT ( 'NONE',  ( 0.7999999999999999334, -0.005000000000000000104, 1.100000000000000311 ) ) ;
#3414 = CARTESIAN_POINT ( 'NONE',  ( 0.5032692303471847373, 0.2550000000000000044, 0.2267621198123118409 ) ) ;
#3415 = DIRECTION ( 'NONE',  ( -1.000000000000000000, 0.000000000000000000, 1.070816960479510155E-15 ) ) ;
#3416 = ORIENTED_EDGE ( 'NONE', *, *, #587, .T. ) ;
#3417 = LINE ( 'NONE', #2361, #39 ) ;
#3418 = ORIENTED_EDGE ( 'NONE', *, *, #859, .T. ) ;
#3419 = DIRECTION ( 'NONE',  ( 1.000000000000000000, 0.000000000000000000, 0.000000000000000000 ) ) ;
#3420 = CARTESIAN_POINT ( 'NONE',  ( 0.4106336774163577008, 0.2550000000000000044, 0.1605142733997305116 ) ) ;
#3421 = CARTESIAN_POINT ( 'NONE',  ( 0.2231860189739853229, 0.2549999999999999489, 0.01900815782039452784 ) ) ;
#3422 = CARTESIAN_POINT ( 'NONE',  ( -0.3462891350418384473, 0.2500000000000000000, -1.359762003597620783 ) ) ;
#3423 = ORIENTED_EDGE ( 'NONE', *, *, #3343, .F. ) ;
#3424 = CARTESIAN_POINT ( 'NONE',  ( 0.4739182371157079632, 0.2550000000000000044, 0.2403198027485014820 ) ) ;
#3425 = ORIENTED_EDGE ( 'NONE', *, *, #270, .F. ) ;
#3426 = CARTESIAN_POINT ( 'NONE',  ( 0.4367276495857305152, 0.2500000000000000555, 0.3585281147260476198 ) ) ;
#3427 = CARTESIAN_POINT ( 'NONE',  ( 0.2448389221446900244, 0.2550000000000000044, 0.06300989968022051302 ) ) ;
#3428 = CARTESIAN_POINT ( 'NONE',  ( 0.4919248874227036272, 0.2499999999999998890, -0.01364085800772288359 ) ) ;
#3429 = CARTESIAN_POINT ( 'NONE',  ( 0.3439268052813400089, 0.2549999999999999489, 0.1899502106826983505 ) ) ;
#3430 = CARTESIAN_POINT ( 'NONE',  ( 0.4223257474083714769, 0.2500000000000000000, 0.3897967988021947550 ) ) ;
#3431 = CARTESIAN_POINT ( 'NONE',  ( 0.4779873555264082530, 0.2499999999999998890, 0.1058818914576139247 ) ) ;
#3432 = MECHANICAL_DESIGN_GEOMETRIC_PRESENTATION_REPRESENTATION (  '', ( #2135 ), #3721 ) ;
#3433 = CARTESIAN_POINT ( 'NONE',  ( 0.3215934521837011117, 0.2499999999999999445, 0.3617914726568177142 ) ) ;
#3434 = MECHANICAL_DESIGN_GEOMETRIC_PRESENTATION_REPRESENTATION (  '', ( #2490 ), #1774 ) ;
#3435 = CARTESIAN_POINT ( 'NONE',  ( 0.2903181480695645189, 0.2500000000000000555, -0.003029028281573119437 ) ) ;
#3436 = APPLICATION_PROTOCOL_DEFINITION ( 'draft international standard', 'automotive_design', 1998, #3704 ) ;
#3437 = CARTESIAN_POINT ( 'NONE',  ( 0.5283809216234944817, 0.2550000000000000044, 0.2756114962440249228 ) ) ;
#3438 =( GEOMETRIC_REPRESENTATION_CONTEXT ( 3 ) GLOBAL_UNCERTAINTY_ASSIGNED_CONTEXT ( ( #399 ) ) GLOBAL_UNIT_ASSIGNED_CONTEXT ( ( #757, #424, #82 ) ) REPRESENTATION_CONTEXT ( 'NONE', 'WORKASPACE' ) );
#3439 = ADVANCED_FACE ( 'NONE', ( #3078 ), #4105, .F. ) ;
#3440 = ORIENTED_EDGE ( 'NONE', *, *, #4169, .T. ) ;
#3441 = EDGE_LOOP ( 'NONE', ( #3972, #3311, #2311, #1752 ) ) ;
#3442 = EDGE_CURVE ( 'NONE', #2074, #2400, #3417, .T. ) ;
#3443 =( GEOMETRIC_REPRESENTATION_CONTEXT ( 3 ) GLOBAL_UNCERTAINTY_ASSIGNED_CONTEXT ( ( #2317 ) ) GLOBAL_UNIT_ASSIGNED_CONTEXT ( ( #2188, #3562, #3879 ) ) REPRESENTATION_CONTEXT ( 'NONE', 'WORKASPACE' ) );
#3444 = SURFACE_STYLE_FILL_AREA ( #4234 ) ;
#3445 = CARTESIAN_POINT ( 'NONE',  ( 0.4908558156575461573, 0.2550000000000000044, -0.1799756480001621362 ) ) ;
#3446 = UNCERTAINTY_MEASURE_WITH_UNIT (LENGTH_MEASURE( 1.000000000000000082E-05 ), #2399, 'distance_accuracy_value', 'NONE');
#3447 = COLOUR_RGB ( '',0.1098039215686274495, 0.1098039215686274495, 0.1098039215686274495 ) ;
#3448 = EDGE_LOOP ( 'NONE', ( #1251, #2408, #2248, #2179 ) ) ;
#3449 = CARTESIAN_POINT ( 'NONE',  ( 0.4530518220437345644, 0.2550000000000001155, 0.2278614995434172785 ) ) ;
#3450 = VERTEX_POINT ( 'NONE', #1384 ) ;
#3451 = CARTESIAN_POINT ( 'NONE',  ( 0.2353964195976299134, 0.2550000000000000600, 0.1174767586305768552 ) ) ;
#3452 = CARTESIAN_POINT ( 'NONE',  ( 0.2988812081612536309, 0.2500000000000000000, 0.1249552315469958791 ) ) ;
#3453 = STYLED_ITEM ( 'NONE', ( #4423 ), #2571 ) ;
#3454 = DIRECTION ( 'NONE',  ( -1.000000000000000000, 0.000000000000000000, 0.000000000000000000 ) ) ;
#3455 = CARTESIAN_POINT ( 'NONE',  ( 0.2404448837047403476, 0.2500000000000001110, 0.3537087067573583821 ) ) ;
#3456 = CARTESIAN_POINT ( 'NONE',  ( 0.5080823443267480366, 0.2500000000000000555, 0.3479710072854499958 ) ) ;
#3457 = CARTESIAN_POINT ( 'NONE',  ( 0.4631644588648078931, 0.2550000000000001155, 0.1167758856683011465 ) ) ;
#3458 = CARTESIAN_POINT ( 'NONE',  ( 0.3215934521837011117, 0.2549999999999999489, 0.3617914726568177142 ) ) ;
#3459 = DIRECTION ( 'NONE',  ( -0.000000000000000000, -1.000000000000000000, -0.000000000000000000 ) ) ;
#3460 = CARTESIAN_POINT ( 'NONE',  ( 0.3308013193309962685, 0.2500000000000001110, 0.3634683325781973284 ) ) ;
#3461 = ADVANCED_FACE ( 'NONE', ( #2738 ), #1318, .F. ) ;
#3462 = DIRECTION ( 'NONE',  ( -1.000000000000000000, 0.000000000000000000, 0.000000000000000000 ) ) ;
#3463 = ORIENTED_EDGE ( 'NONE', *, *, #4360, .T. ) ;
#3464 = ORIENTED_EDGE ( 'NONE', *, *, #4020, .F. ) ;
#3465 = FILL_AREA_STYLE_COLOUR ( '', #1422 ) ;
#3466 = CARTESIAN_POINT ( 'NONE',  ( 0.4588464415272903163, 0.2500000000000000000, -0.0001913018838922150660 ) ) ;
#3467 = VERTEX_POINT ( 'NONE', #3842 ) ;
#3468 = CARTESIAN_POINT ( 'NONE',  ( 0.3676180150993510476, 0.2549999999999999489, 0.2161884364722178598 ) ) ;
#3469 = EDGE_LOOP ( 'NONE', ( #533, #1184, #3870, #3996 ) ) ;
#3470 = CARTESIAN_POINT ( 'NONE',  ( 0.2233996090651760025, 0.2549999999999999489, 0.09949787913143455509 ) ) ;
#3471 = CARTESIAN_POINT ( 'NONE',  ( 0.2216250464267769393, 0.2550000000000000044, -0.1799756480001621362 ) ) ;
#3472 = CARTESIAN_POINT ( 'NONE',  ( 0.2787028081634198018, 0.2550000000000001155, 0.1161728192168171026 ) ) ;
#3473 = FILL_AREA_STYLE ('',( #741 ) ) ;
#3474 = CARTESIAN_POINT ( 'NONE',  ( 0.2998289512875080831, 0.2500000000000000555, 0.3856870992497772876 ) ) ;
#3475 = CARTESIAN_POINT ( 'NONE',  ( 0.3033670858935629822, 0.2500000000000000000, 0.2230659193876616819 ) ) ;
#3476 = CARTESIAN_POINT ( 'NONE',  ( 0.2303991248534654757, 0.2500000000000000555, 0.007130621510016151889 ) ) ;
#3477 = CARTESIAN_POINT ( 'NONE',  ( -0.3499999999999999778, -0.005000000000000000104, 1.100000000000000311 ) ) ;
#3478 =( GEOMETRIC_REPRESENTATION_CONTEXT ( 3 ) GLOBAL_UNCERTAINTY_ASSIGNED_CONTEXT ( ( #840 ) ) GLOBAL_UNIT_ASSIGNED_CONTEXT ( ( #2230, #1593, #3941 ) ) REPRESENTATION_CONTEXT ( 'NONE', 'WORKASPACE' ) );
#3479 = CARTESIAN_POINT ( 'NONE',  ( 0.2140364680349419180, 0.2500000000000000000, 0.2966910655808314146 ) ) ;
#3480 = CARTESIAN_POINT ( 'NONE',  ( 0.5292755413897419769, 0.2500000000000000555, 0.06117226938640783762 ) ) ;
#3481 = LINE ( 'NONE', #1166, #3723 ) ;
#3482 = FACE_OUTER_BOUND ( 'NONE', #3512, .T. ) ;
#3483 = VERTEX_POINT ( 'NONE', #2782 ) ;
#3484 = FILL_AREA_STYLE_COLOUR ( '', #2895 ) ;
#3485 = VERTEX_POINT ( 'NONE', #445 ) ;
#3486 = CARTESIAN_POINT ( 'NONE',  ( 0.4241973999450051602, 0.2500000000000000555, -0.01101908015182492991 ) ) ;
#3487 = UNCERTAINTY_MEASURE_WITH_UNIT (LENGTH_MEASURE( 1.000000000000000082E-05 ), #4271, 'distance_accuracy_value', 'NONE');
#3488 = ORIENTED_EDGE ( 'NONE', *, *, #3213, .F. ) ;
#3489 = ORIENTED_EDGE ( 'NONE', *, *, #400, .T. ) ;
#3490 = CARTESIAN_POINT ( 'NONE',  ( -0.8000000000000001554, 0.2500000000000000000, 1.550000000000000266 ) ) ;
#3491 = CARTESIAN_POINT ( 'NONE',  ( 0.3609219576591826684, 0.2549999999999999489, 0.1353075209049540151 ) ) ;
#3492 = LINE ( 'NONE', #811, #2466 ) ;
#3493 = CARTESIAN_POINT ( 'NONE',  ( 0.2519284730706103925, 0.2549999999999999489, 0.2613267534477513032 ) ) ;
#3494 = CARTESIAN_POINT ( 'NONE',  ( 0.2202767865370283407, 0.2500000000000000555, 0.02517426183241617405 ) ) ;
#3495 = CARTESIAN_POINT ( 'NONE',  ( 0.5293173541190847597, 0.2550000000000000600, 0.2895556019998379860 ) ) ;
#3496 = EDGE_CURVE ( 'NONE', #3450, #3754, #819, .T. ) ;
#3497 = STYLED_ITEM ( 'NONE', ( #62 ), #1671 ) ;
#3498 = CARTESIAN_POINT ( 'NONE',  ( 0.3715048541190846265, 0.2500000000000000000, 0.3931012750767610142 ) ) ;
#3499 = VECTOR ( 'NONE', #1648, 1000.000000000000000 ) ;
#3500 = FACE_BOUND ( 'NONE', #2026, .T. ) ;
#3501 = CARTESIAN_POINT ( 'NONE',  ( 0.2841510289005064194, 0.2500000000000000000, 0.1190925167335490364 ) ) ;
#3502 = VECTOR ( 'NONE', #834, 1000.000000000000000 ) ;
#3503 =( LENGTH_UNIT ( ) NAMED_UNIT ( * ) SI_UNIT ( .MILLI., .METRE. ) );
#3504 = STYLED_ITEM ( 'NONE', ( #510 ), #1207 ) ;
#3505 = MECHANICAL_DESIGN_GEOMETRIC_PRESENTATION_REPRESENTATION (  '', ( #4352 ), #4073 ) ;
#3506 = ORIENTED_EDGE ( 'NONE', *, *, #2968, .F. ) ;
#3507 = VECTOR ( 'NONE', #3135, 1000.000000000000000 ) ;
#3508 =( GEOMETRIC_REPRESENTATION_CONTEXT ( 3 ) GLOBAL_UNCERTAINTY_ASSIGNED_CONTEXT ( ( #4285 ) ) GLOBAL_UNIT_ASSIGNED_CONTEXT ( ( #327, #4413, #3800 ) ) REPRESENTATION_CONTEXT ( 'NONE', 'WORKASPACE' ) );
#3509 =( LENGTH_UNIT ( ) NAMED_UNIT ( * ) SI_UNIT ( .MILLI., .METRE. ) );
#3510 = CARTESIAN_POINT ( 'NONE',  ( -0.8000000000000001554, 0.000000000000000000, 1.550000000000000266 ) ) ;
#3511 = CARTESIAN_POINT ( 'NONE',  ( 0.2688973845536968277, 0.2550000000000000044, -0.02386433258596893162 ) ) ;
#3512 = EDGE_LOOP ( 'NONE', ( #2431, #2291, #1346, #4223 ) ) ;
#3513 = CARTESIAN_POINT ( 'NONE',  ( 0.4980261075446617003, 0.2549999999999998934, 0.04972719836808792843 ) ) ;
#3514 = ORIENTED_EDGE ( 'NONE', *, *, #4060, .F. ) ;
#3515 = CARTESIAN_POINT ( 'NONE',  ( 0.2734453708186652121, 0.2500000000000000000, 0.1454422861831360381 ) ) ;
#3516 = SURFACE_STYLE_FILL_AREA ( #785 ) ;
#3517 = SURFACE_STYLE_USAGE ( .BOTH. , #2146 ) ;
#3518 = PRESENTATION_LAYER_ASSIGNMENT (  '', '', ( #4154 ) ) ;
#3519 = CARTESIAN_POINT ( 'NONE',  ( 0.2308799181315061289, 0.2550000000000000600, 0.3424717110806114739 ) ) ;
#3520 = B_SPLINE_CURVE_WITH_KNOTS ( 'NONE', 3,
 ( #3271, #3249, #181, #1573, #1256, #1236, #2583, #3961, #895, #2255, #2911, #4265, #3632, #569, #1919, #2604, #3656, #1633, #2730, #1675, #2347, #4117, #2702 ),
 .UNSPECIFIED., .F., .F.,
 ( 4, 1, 1, 1, 1, 1, 1, 1, 1, 1, 1, 1, 1, 1, 1, 1, 1, 1, 1, 1, 4 ),
 ( 0.000000000000000000, 0.07295580388491697266, 0.1415928897317563773, 0.2059398346352474540, 0.2653185879161433780, 0.3206180547892742427, 0.3718406517515510101, 0.4188169691711108311, 0.4617287149186187767, 0.5021661945599859012, 0.5408394393269549960, 0.5782180768637673607, 0.6143367624190528842, 0.6497204384179314784, 0.6845870665938523780, 0.7186487713646740882, 0.7523728734028878318, 0.8176405955349003163, 0.8797142646225145635, 0.9399616606279663777, 0.9999999999999998890 ),
 .UNSPECIFIED. ) ;
#3521 = CARTESIAN_POINT ( 'NONE',  ( 0.3033670858935629822, 0.2550000000000000044, 0.2230659193876616819 ) ) ;
#3522 = CARTESIAN_POINT ( 'NONE',  ( 0.2265602760167031438, 0.2500000000000000000, 0.01298444893373784485 ) ) ;
#3523 = CARTESIAN_POINT ( 'NONE',  ( 0.2448389221446900244, 0.2550000000000000044, 0.2937791304494513089 ) ) ;
#3524 = LINE ( 'NONE', #3200, #1117 ) ;
#3525 = DIRECTION ( 'NONE',  ( 0.000000000000000000, 0.000000000000000000, 1.000000000000000000 ) ) ;
#3526 = LINE ( 'NONE', #3182, #1213 ) ;
#3527 = PRESENTATION_STYLE_ASSIGNMENT (( #2523 ) ) ;
#3528 = SURFACE_STYLE_FILL_AREA ( #29 ) ;
#3529 = FACE_OUTER_BOUND ( 'NONE', #1208, .T. ) ;
#3530 = CARTESIAN_POINT ( 'NONE',  ( 0.3982251360867786194, 0.2550000000000001155, 0.3923663020614087671 ) ) ;
#3531 = DIRECTION ( 'NONE',  ( -1.000000000000000000, -0.000000000000000000, 9.637352644315594750E-16 ) ) ;
#3532 = DIRECTION ( 'NONE',  ( -0.000000000000000000, -0.000000000000000000, -1.000000000000000000 ) ) ;
#3533 = FACE_OUTER_BOUND ( 'NONE', #2068, .T. ) ;
#3534 = EDGE_CURVE ( 'NONE', #763, #1319, #1151, .T. ) ;
#3535 = VERTEX_POINT ( 'NONE', #1428 ) ;
#3536 = CARTESIAN_POINT ( 'NONE',  ( 0.2903682165199149567, 0.2550000000000000044, 0.1521444225309575016 ) ) ;
#3537 = CARTESIAN_POINT ( 'NONE',  ( 0.3404390079890804444, 0.2500000000000000000, 0.1338436494573111146 ) ) ;
#3538 = ADVANCED_FACE ( 'NONE', ( #3529 ), #3570, .F. ) ;
#3539 = LINE ( 'NONE', #1084, #4398 ) ;
#3540 = CARTESIAN_POINT ( 'NONE',  ( 0.2613068582814646046, 0.2550000000000000044, 0.2481492524766699681 ) ) ;
#3541 = CARTESIAN_POINT ( 'NONE',  ( 0.3667365284075024268, 0.2500000000000000555, -0.04148619344910531997 ) ) ;
#3542 = CARTESIAN_POINT ( 'NONE',  ( 0.3499999999999999223, 0.000000000000000000, 0.6500000000000007994 ) ) ;
#3543 = CARTESIAN_POINT ( 'NONE',  ( 0.5080823443267479256, 0.2499999999999999445, 0.1172017765162192277 ) ) ;
#3544 = CARTESIAN_POINT ( 'NONE',  ( 0.5293173541190847597, 0.2500000000000000555, 0.2895556019998379860 ) ) ;
#3545 = CARTESIAN_POINT ( 'NONE',  ( 0.4848161154588461752, 0.2549999999999998934, 0.3678452316958816248 ) ) ;
#3546 = MECHANICAL_DESIGN_GEOMETRIC_PRESENTATION_REPRESENTATION (  '', ( #2247 ), #2973 ) ;
#3547 = CARTESIAN_POINT ( 'NONE',  ( 0.2477524364455134243, 0.2550000000000000044, 0.07934439553699591807 ) ) ;
#3548 = ADVANCED_FACE ( 'NONE', ( #2113 ), #3167, .T. ) ;
#3549 = DIRECTION ( 'NONE',  ( 0.000000000000000000, 0.000000000000000000, 1.000000000000000000 ) ) ;
#3550 = CARTESIAN_POINT ( 'NONE',  ( 0.5292755413897418659, 0.2550000000000000600, 0.2919415001556385780 ) ) ;
#3551 = CARTESIAN_POINT ( 'NONE',  ( 0.2179895875073089573, 0.2550000000000000044, 0.03156419398350435862 ) ) ;
#3552 = DIRECTION ( 'NONE',  ( 0.000000000000000000, 0.000000000000000000, 1.000000000000000000 ) ) ;
#3553 = DIRECTION ( 'NONE',  ( -0.000000000000000000, -1.000000000000000000, -0.000000000000000000 ) ) ;
#3554 = ORIENTED_EDGE ( 'NONE', *, *, #2874, .T. ) ;
#3555 = CARTESIAN_POINT ( 'NONE',  ( 0.4642769106751516439, 0.2499999999999999445, 0.2334973959685482103 ) ) ;
#3556 = CARTESIAN_POINT ( 'NONE',  ( 0.2962043733498538334, 0.2550000000000000044, 0.1240507943075302433 ) ) ;
#3557 = PLANE ( 'NONE',  #4268 ) ;
#3558 = EDGE_CURVE ( 'NONE', #1865, #2500, #467, .T. ) ;
#3559 = EDGE_LOOP ( 'NONE', ( #242, #3887, #654, #3827 ) ) ;
#3560 = CARTESIAN_POINT ( 'NONE',  ( 0.3715048541190846265, 0.2500000000000000000, 0.1623320443075302599 ) ) ;
#3561 = SURFACE_STYLE_FILL_AREA ( #1204 ) ;
#3562 =( NAMED_UNIT ( * ) PLANE_ANGLE_UNIT ( ) SI_UNIT ( $, .RADIAN. ) );
#3563 = CARTESIAN_POINT ( 'NONE',  ( 0.2510719378255822920, 0.2499999999999999445, 0.2174671048440267040 ) ) ;
#3564 = CARTESIAN_POINT ( 'NONE',  ( 0.5293173541190846487, 0.2500000000000000000, 0.05878637123060716924 ) ) ;
#3565 = LINE ( 'NONE', #3163, #290 ) ;
#3566 = CARTESIAN_POINT ( 'NONE',  ( 0.3982251360867786194, 0.2500000000000001665, 0.3923663020614087671 ) ) ;
#3567 = STYLED_ITEM ( 'NONE', ( #4136 ), #1627 ) ;
#3568 = CARTESIAN_POINT ( 'NONE',  ( 0.3499999999999999223, -0.005000000000000000104, 1.550000000000000266 ) ) ;
#3569 = STYLED_ITEM ( 'NONE', ( #1270 ), #827 ) ;
#3570 = PLANE ( 'NONE',  #1110 ) ;
#3571 = VECTOR ( 'NONE', #443, 1000.000000000000000 ) ;
#3572 = LINE ( 'NONE', #2893, #3726 ) ;
#3573 = DIRECTION ( 'NONE',  ( 0.000000000000000000, 0.000000000000000000, 1.000000000000000000 ) ) ;
#3574 = ADVANCED_FACE ( 'NONE', ( #752 ), #1490, .F. ) ;
#3575 = B_SPLINE_CURVE_WITH_KNOTS ( 'NONE', 3,
 ( #726, #2379, #2422, #3753, #28, #3460, #1703, #392, #5, #4121, #1811 ),
 .UNSPECIFIED., .F., .F.,
 ( 4, 1, 1, 1, 1, 1, 1, 1, 4 ),
 ( 0.000000000000000000, 0.1105883385953361497, 0.2245417540535959156, 0.3425034940501037739, 0.4643240984173583330, 0.5907560327017666868, 0.7222274753555145699, 0.8588428362087245915, 1.000000000000000000 ),
 .UNSPECIFIED. ) ;
#3576 = STYLED_ITEM ( 'NONE', ( #2182 ), #2650 ) ;
#3577 = EDGE_CURVE ( 'NONE', #4412, #2344, #2916, .T. ) ;
#3578 = PLANE ( 'NONE',  #1506 ) ;
#3579 = ORIENTED_EDGE ( 'NONE', *, *, #2945, .T. ) ;
#3580 = VECTOR ( 'NONE', #2792, 1000.000000000000000 ) ;
#3581 = CARTESIAN_POINT ( 'NONE',  ( 0.2139327387344692466, 0.2499999999999998890, 0.05878637123060716924 ) ) ;
#3582 = DIRECTION ( 'NONE',  ( -0.000000000000000000, -1.000000000000000000, -0.000000000000000000 ) ) ;
#3583 = CARTESIAN_POINT ( 'NONE',  ( 0.5228374215615234633, 0.2499999999999999445, 0.02512991195192196964 ) ) ;
#3584 = VERTEX_POINT ( 'NONE', #1858 ) ;
#3585 = DIRECTION ( 'NONE',  ( -1.000000000000000000, 0.000000000000000000, 0.000000000000000000 ) ) ;
#3586 = COLOUR_RGB ( '',0.1098039215686274495, 0.1098039215686274495, 0.1098039215686274495 ) ;
#3587 = VERTEX_POINT ( 'NONE', #235 ) ;
#3588 = SURFACE_STYLE_FILL_AREA ( #4264 ) ;
#3589 = CARTESIAN_POINT ( 'NONE',  ( 0.2447019695037000453, 0.2550000000000000044, 0.05968781353829947373 ) ) ;
#3590 = DIRECTION ( 'NONE',  ( 0.000000000000000000, 0.000000000000000000, -1.000000000000000000 ) ) ;
#3591 = CARTESIAN_POINT ( 'NONE',  ( 0.4914405513017248706, 0.2550000000000000600, 0.3633833233645176741 ) ) ;
#3592 = DIRECTION ( 'NONE',  ( 0.000000000000000000, 0.000000000000000000, -1.000000000000000000 ) ) ;
#3593 = CARTESIAN_POINT ( 'NONE',  ( 0.3282068291757979650, 0.2500000000000000555, -0.01242254670526895047 ) ) ;
#3594 = CARTESIAN_POINT ( 'NONE',  ( 0.5283931939521229193, 0.2549999999999998934, 0.3037011902249185380 ) ) ;
#3595 = EDGE_CURVE ( 'NONE', #2920, #4261, #1596, .T. ) ;
#3596 =( NAMED_UNIT ( * ) SI_UNIT ( $, .STERADIAN. ) SOLID_ANGLE_UNIT ( ) );
#3597 = SURFACE_STYLE_FILL_AREA ( #1901 ) ;
#3598 = CARTESIAN_POINT ( 'NONE',  ( 0.4631644588648078931, 0.2500000000000001110, 0.1167758856683011465 ) ) ;
#3599 = VERTEX_POINT ( 'NONE', #2942 ) ;
#3600 = CARTESIAN_POINT ( 'NONE',  ( 0.5251901946821933009, 0.2500000000000000555, 0.2623134392057472897 ) ) ;
#3601 = CARTESIAN_POINT ( 'NONE',  ( 0.4468260874201818722, 0.2550000000000000044, -0.005402041832750806467 ) ) ;
#3602 = CARTESIAN_POINT ( 'NONE',  ( 0.3926091995954580915, 0.2550000000000000600, 0.1348129223790340281 ) ) ;
#3603 = CARTESIAN_POINT ( 'NONE',  ( 0.4546658454436268704, 0.2499999999999998890, -0.03194560703279335223 ) ) ;
#3604 = EDGE_CURVE ( 'NONE', #3535, #8, #1238, .T. ) ;
#3605 = ORIENTED_EDGE ( 'NONE', *, *, #4226, .T. ) ;
#3606 = CARTESIAN_POINT ( 'NONE',  ( 0.3100416389117918725, 0.2500000000000000000, 0.1571493129694797319 ) ) ;
#3607 =( GEOMETRIC_REPRESENTATION_CONTEXT ( 3 ) GLOBAL_UNCERTAINTY_ASSIGNED_CONTEXT ( ( #983 ) ) GLOBAL_UNIT_ASSIGNED_CONTEXT ( ( #1126, #3861, #2939 ) ) REPRESENTATION_CONTEXT ( 'NONE', 'WORKASPACE' ) );
#3608 = CARTESIAN_POINT ( 'NONE',  ( 0.4468260874201817057, 0.2499999999999998890, 0.2253671889364799175 ) ) ;
#3609 = EDGE_LOOP ( 'NONE', ( #4199, #488, #202, #2388 ) ) ;
#3610 = CARTESIAN_POINT ( 'NONE',  ( 0.2447019695037000730, 0.2550000000000000600, 0.2904570443075302766 ) ) ;
#3611 = CARTESIAN_POINT ( 'NONE',  ( 0.2451125446705800237, 0.2550000000000001155, 0.3004164438652833224 ) ) ;
#3612 = DIRECTION ( 'NONE',  ( -0.000000000000000000, 1.000000000000000000, -0.000000000000000000 ) ) ;
#3613 = EDGE_CURVE ( 'NONE', #83, #2491, #4314, .T. ) ;
#3614 = CARTESIAN_POINT ( 'NONE',  ( -0.7999999999999999334, -0.005000000000000000104, 0.6500000000000003553 ) ) ;
#3615 = CARTESIAN_POINT ( 'NONE',  ( 0.2265602760167031438, 0.2500000000000000000, 0.01298444893373784485 ) ) ;
#3616 = CARTESIAN_POINT ( 'NONE',  ( 0.5291923890265181063, 0.2500000000000001110, 0.06591707014889505722 ) ) ;
#3617 = MECHANICAL_DESIGN_GEOMETRIC_PRESENTATION_REPRESENTATION (  '', ( #3255 ), #3404 ) ;
#3618 = FACE_OUTER_BOUND ( 'NONE', #3911, .T. ) ;
#3619 = COLOUR_RGB ( '',0.1098039215686274495, 0.1098039215686274495, 0.1098039215686274495 ) ;
#3620 = CARTESIAN_POINT ( 'NONE',  ( 0.2510719378255822920, 0.2550000000000000044, 0.2174671048440267040 ) ) ;
#3621 = ORIENTED_EDGE ( 'NONE', *, *, #4360, .F. ) ;
#3622 = CARTESIAN_POINT ( 'NONE',  ( 0.2510719378255822920, 0.2500000000000000000, 0.2174671048440267040 ) ) ;
#3623 = CARTESIAN_POINT ( 'NONE',  ( 0.5291991250996400664, 0.2500000000000000555, 0.2825239968314393058 ) ) ;
#3624 = CARTESIAN_POINT ( 'NONE',  ( 0.4781948957862315885, 0.2500000000000000555, 0.01332670222425514847 ) ) ;
#3625 = CARTESIAN_POINT ( 'NONE',  ( 0.4530518220437345644, 0.2500000000000000555, 0.2278614995434172785 ) ) ;
#3626 = UNCERTAINTY_MEASURE_WITH_UNIT (LENGTH_MEASURE( 1.000000000000000082E-05 ), #1780, 'distance_accuracy_value', 'NONE');
#3627 = VERTEX_POINT ( 'NONE', #3988 ) ;
#3628 = CARTESIAN_POINT ( 'NONE',  ( 0.2815637261155051752, 0.2500000000000000000, 0.1490257754766321774 ) ) ;
#3629 = DIRECTION ( 'NONE',  ( -0.000000000000000000, -0.000000000000000000, 1.000000000000000000 ) ) ;
#3630 = CARTESIAN_POINT ( 'NONE',  ( 0.3716250464267769060, 0.2500000000000000000, 0.2161781981536840813 ) ) ;
#3631 = CARTESIAN_POINT ( 'NONE',  ( 0.2303991248534655312, 0.2550000000000000600, 0.2378998522792469261 ) ) ;
#3632 = CARTESIAN_POINT ( 'NONE',  ( 0.2790928080514478160, 0.2500000000000000000, 0.002607234034223803419 ) ) ;
#3633 = CARTESIAN_POINT ( 'NONE',  ( 0.4117590748192689887, 0.2550000000000000044, 0.1329802826081294687 ) ) ;
#3634 = ADVANCED_FACE ( 'NONE', ( #3319 ), #658, .T. ) ;
#3635 = CARTESIAN_POINT ( 'NONE',  ( 0.2787028081634198018, 0.2550000000000001155, 0.1161728192168171026 ) ) ;
#3636 = DIRECTION ( 'NONE',  ( 1.000000000000000000, 0.000000000000000000, 0.000000000000000000 ) ) ;
#3637 =( NAMED_UNIT ( * ) PLANE_ANGLE_UNIT ( ) SI_UNIT ( $, .RADIAN. ) );
#3638 = CARTESIAN_POINT ( 'NONE',  ( 0.2265602760167031438, 0.2550000000000000044, 0.01298444893373784485 ) ) ;
#3639 = CARTESIAN_POINT ( 'NONE',  ( 0.4435254987353815515, 0.2550000000000000600, 0.1548045759547006517 ) ) ;
#3640 =( GEOMETRIC_REPRESENTATION_CONTEXT ( 3 ) GLOBAL_UNCERTAINTY_ASSIGNED_CONTEXT ( ( #3672 ) ) GLOBAL_UNIT_ASSIGNED_CONTEXT ( ( #2770, #3297, #2436 ) ) REPRESENTATION_CONTEXT ( 'NONE', 'WORKASPACE' ) );
#3641 =( NAMED_UNIT ( * ) SI_UNIT ( $, .STERADIAN. ) SOLID_ANGLE_UNIT ( ) );
#3642 = AXIS2_PLACEMENT_3D ( 'NONE', #1136, #492, #2453 ) ;
#3643 = VERTEX_POINT ( 'NONE', #615 ) ;
#3644 = CARTESIAN_POINT ( 'NONE',  ( 0.4572685055485782302, 0.2500000000000000000, 0.1198801339335745370 ) ) ;
#3645 = EDGE_LOOP ( 'NONE', ( #514, #3488, #934, #3352 ) ) ;
#3646 = CARTESIAN_POINT ( 'NONE',  ( 0.2265602760167029495, 0.2499999999999998890, 0.2437536797029685731 ) ) ;
#3647 =( GEOMETRIC_REPRESENTATION_CONTEXT ( 3 ) GLOBAL_UNCERTAINTY_ASSIGNED_CONTEXT ( ( #3309 ) ) GLOBAL_UNIT_ASSIGNED_CONTEXT ( ( #2672, #2652, #2322 ) ) REPRESENTATION_CONTEXT ( 'NONE', 'WORKASPACE' ) );
#3648 = CARTESIAN_POINT ( 'NONE',  ( 0.4642769106751516439, 0.2550000000000000044, 0.2334973959685482103 ) ) ;
#3649 = CARTESIAN_POINT ( 'NONE',  ( 0.4452664430095722436, 0.2500000000000001665, -0.03450098182417965509 ) ) ;
#3650 = VECTOR ( 'NONE', #1531, 1000.000000000000000 ) ;
#3651 = ORIENTED_EDGE ( 'NONE', *, *, #2271, .T. ) ;
#3652 = VECTOR ( 'NONE', #4085, 1000.000000000000000 ) ;
#3653 = CARTESIAN_POINT ( 'NONE',  ( 0.3716250464267769060, 0.2500000000000000000, 0.2161781981536840813 ) ) ;
#3654 = ORIENTED_EDGE ( 'NONE', *, *, #1983, .T. ) ;
#3655 = CARTESIAN_POINT ( 'NONE',  ( -0.6602579508131062314, 0.2550000000000000044, -1.359762003597620783 ) ) ;
#3656 = CARTESIAN_POINT ( 'NONE',  ( 0.2613068582814645491, 0.2499999999999999445, 0.01738002170743919647 ) ) ;
#3657 =( LENGTH_UNIT ( ) NAMED_UNIT ( * ) SI_UNIT ( .MILLI., .METRE. ) );
#3658 = FILL_AREA_STYLE_COLOUR ( '', #2812 ) ;
#3659 = STYLED_ITEM ( 'NONE', ( #2304 ), #2149 ) ;
#3660 = DIRECTION ( 'NONE',  ( -0.000000000000000000, 0.000000000000000000, 1.000000000000000000 ) ) ;
#3661 = CARTESIAN_POINT ( 'NONE',  ( 0.4546658454436269814, 0.2549999999999999489, 0.1988236237364373604 ) ) ;
#3662 = CARTESIAN_POINT ( 'NONE',  ( 0.2396637531941709365, 0.2550000000000000600, -0.003764603968715165856 ) ) ;
#3663 = CARTESIAN_POINT ( 'NONE',  ( 0.5283931939521229193, 0.2549999999999999489, 0.07293195945568789473 ) ) ;
#3664 = VECTOR ( 'NONE', #3001, 1000.000000000000000 ) ;
#3665 = CARTESIAN_POINT ( 'NONE',  ( 0.2841510289005065859, 0.2500000000000000555, 0.3498617475027798740 ) ) ;
#3666 = UNCERTAINTY_MEASURE_WITH_UNIT (LENGTH_MEASURE( 1.000000000000000082E-05 ), #1193, 'distance_accuracy_value', 'NONE');
#3667 = CARTESIAN_POINT ( 'NONE',  ( -0.3499999999999998668, 0.000000000000000000, 0.6500000000000003553 ) ) ;
#3668 = ORIENTED_EDGE ( 'NONE', *, *, #324, .F. ) ;
#3669 = CARTESIAN_POINT ( 'NONE',  ( 0.4440743866994875666, 0.2499999999999999445, 0.3561915711565689646 ) ) ;
#3670 = CARTESIAN_POINT ( 'NONE',  ( 0.3761127155309559322, 0.2550000000000000044, 0.1622767672562928920 ) ) ;
#3671 = CARTESIAN_POINT ( 'NONE',  ( 0.4779873555264082530, 0.2550000000000000600, 0.1058818914576139247 ) ) ;
#3672 = UNCERTAINTY_MEASURE_WITH_UNIT (LENGTH_MEASURE( 1.000000000000000082E-05 ), #2770, 'distance_accuracy_value', 'NONE');
#3673 = CARTESIAN_POINT ( 'NONE',  ( 0.4735615350573204596, 0.2549999999999999489, 0.3405732054758373040 ) ) ;
#3674 = EDGE_CURVE ( 'NONE', #1927, #2066, #2707, .T. ) ;
#3675 = EDGE_LOOP ( 'NONE', ( #2313, #583, #2581, #3799 ) ) ;
#3676 = ADVANCED_FACE ( 'NONE', ( #4120 ), #2329, .T. ) ;
#3677 = FACE_OUTER_BOUND ( 'NONE', #419, .T. ) ;
#3678 = CARTESIAN_POINT ( 'NONE',  ( 0.4572685055485783967, 0.2550000000000000600, 0.3506493647028053329 ) ) ;
#3679 = CARTESIAN_POINT ( 'NONE',  ( 0.3033670858935629822, 0.2500000000000000000, 0.2230659193876616819 ) ) ;
#3680 = VERTEX_POINT ( 'NONE', #3752 ) ;
#3681 = CARTESIAN_POINT ( 'NONE',  ( 0.3193298258350099617, 0.2550000000000000044, 0.1923972930076801591 ) ) ;
#3682 = CARTESIAN_POINT ( 'NONE',  ( -0.3499999999999996447, 0.000000000000000000, -1.505000000000000338 ) ) ;
#3683 =( NAMED_UNIT ( * ) SI_UNIT ( $, .STERADIAN. ) SOLID_ANGLE_UNIT ( ) );
#3684 =( LENGTH_UNIT ( ) NAMED_UNIT ( * ) SI_UNIT ( .MILLI., .METRE. ) );
#3685 = CARTESIAN_POINT ( 'NONE',  ( 0.2845240670205327338, 0.2500000000000000000, -0.0003110387559787204052 ) ) ;
#3686 = CARTESIAN_POINT ( 'NONE',  ( 0.3715048541190846265, 0.2500000000000000000, -0.04151410953862359754 ) ) ;
#3687 = CARTESIAN_POINT ( 'NONE',  ( 0.3715048541190846265, 0.2550000000000000044, -0.04151410953862359754 ) ) ;
#3688 = EDGE_CURVE ( 'NONE', #3088, #2808, #684, .T. ) ;
#3689 = CARTESIAN_POINT ( 'NONE',  ( 0.2962043733498538334, 0.2500000000000000000, 0.3548200250767610253 ) ) ;
#3690 = CARTESIAN_POINT ( 'NONE',  ( 0.4735615350573205151, 0.2499999999999999445, 0.1098039747066065080 ) ) ;
#3691 = CARTESIAN_POINT ( 'NONE',  ( 0.4024302860308482943, 0.2500000000000001665, 0.3648034589245821580 ) ) ;
#3692 = CARTESIAN_POINT ( 'NONE',  ( 0.5228570990087788584, 0.2550000000000000044, 0.09297134290304688575 ) ) ;
#3693 = CARTESIAN_POINT ( 'NONE',  ( 0.2885240136352337781, 0.2550000000000000044, -0.03176058942132822804 ) ) ;
#3694 = DIRECTION ( 'NONE',  ( 0.000000000000000000, -1.000000000000000000, 0.000000000000000000 ) ) ;
#3695 = VECTOR ( 'NONE', #3549, 1000.000000000000000 ) ;
#3696 = ORIENTED_EDGE ( 'NONE', *, *, #3303, .F. ) ;
#3697 = CARTESIAN_POINT ( 'NONE',  ( 0.2149433202734679083, 0.2500000000000000555, 0.07294640038358653211 ) ) ;
#3698 = CARTESIAN_POINT ( 'NONE',  ( 0.4117590748192688777, 0.2499999999999998890, 0.3637495133773601119 ) ) ;
#3699 =( NAMED_UNIT ( * ) SI_UNIT ( $, .STERADIAN. ) SOLID_ANGLE_UNIT ( ) );
#3700 = SURFACE_STYLE_FILL_AREA ( #1723 ) ;
#3701 = STYLED_ITEM ( 'NONE', ( #2894 ), #4401 ) ;
#3702 = CARTESIAN_POINT ( 'NONE',  ( 0.3100416389117918170, 0.2549999999999999489, 0.3879185437387104862 ) ) ;
#3703 = CARTESIAN_POINT ( 'NONE',  ( 0.2609306113884458656, 0.2549999999999999489, 0.3325180337801624808 ) ) ;
#3704 = APPLICATION_CONTEXT ( 'automotive_design' ) ;
#3705 = SURFACE_SIDE_STYLE ('',( #2378 ) ) ;
#3706 = CARTESIAN_POINT ( 'NONE',  ( 0.4854884286703767260, 0.2500000000000000000, 0.2128403475062096428 ) ) ;
#3707 = CARTESIAN_POINT ( 'NONE',  ( 0.3763132016404040492, 0.2549999999999999489, 0.1892832370713185830 ) ) ;
#3708 = CARTESIAN_POINT ( 'NONE',  ( 0.2517355398281143630, 0.2499999999999999445, 0.3195276494561348213 ) ) ;
#3709 = ORIENTED_EDGE ( 'NONE', *, *, #1543, .F. ) ;
#3710 = EDGE_LOOP ( 'NONE', ( #1454, #2932, #3782, #4188 ) ) ;
#3711 = CARTESIAN_POINT ( 'NONE',  ( 0.4985481233498538778, 0.2500000000000000000, 0.2904570443075302211 ) ) ;
#3712 = SURFACE_SIDE_STYLE ('',( #2339 ) ) ;
#3713 = CARTESIAN_POINT ( 'NONE',  ( 0.4223257474083713103, 0.2549999999999999489, 0.1590275680329638897 ) ) ;
#3714 = CARTESIAN_POINT ( 'NONE',  ( 0.4908558156575461573, 0.2550000000000000044, -0.1799756480001621362 ) ) ;
#3715 = UNCERTAINTY_MEASURE_WITH_UNIT (LENGTH_MEASURE( 1.000000000000000082E-05 ), #1468, 'distance_accuracy_value', 'NONE');
#3716 = DIRECTION ( 'NONE',  ( -1.000000000000000000, -0.000000000000000000, 9.637352644315594750E-16 ) ) ;
#3717 = VECTOR ( 'NONE', #1892, 1000.000000000000000 ) ;
#3718 = EDGE_CURVE ( 'NONE', #3754, #1716, #4205, .T. ) ;
#3719 = CARTESIAN_POINT ( 'NONE',  ( 0.3108994283731597030, 0.2550000000000000600, 0.2212189490455623575 ) ) ;
#3720 = VERTEX_POINT ( 'NONE', #3816 ) ;
#3721 =( GEOMETRIC_REPRESENTATION_CONTEXT ( 3 ) GLOBAL_UNCERTAINTY_ASSIGNED_CONTEXT ( ( #3084 ) ) GLOBAL_UNIT_ASSIGNED_CONTEXT ( ( #649, #1665, #2741 ) ) REPRESENTATION_CONTEXT ( 'NONE', 'WORKASPACE' ) );
#3722 = DIRECTION ( 'NONE',  ( -1.000000000000000000, 0.000000000000000000, -0.000000000000000000 ) ) ;
#3723 = VECTOR ( 'NONE', #2522, 1000.000000000000000 ) ;
#3724 = CARTESIAN_POINT ( 'NONE',  ( 0.4854884286703768370, 0.2550000000000000044, -0.01792888326302108370 ) ) ;
#3725 =( GEOMETRIC_REPRESENTATION_CONTEXT ( 3 ) GLOBAL_UNCERTAINTY_ASSIGNED_CONTEXT ( ( #1606 ) ) GLOBAL_UNIT_ASSIGNED_CONTEXT ( ( #123, #1819, #735 ) ) REPRESENTATION_CONTEXT ( 'NONE', 'WORKASPACE' ) );
#3726 = VECTOR ( 'NONE', #3185, 1000.000000000000000 ) ;
#3727 = PRESENTATION_LAYER_ASSIGNMENT (  '', '', ( #2490 ) ) ;
#3728 = CARTESIAN_POINT ( 'NONE',  ( 0.2998289512875080831, 0.2549999999999999489, 0.3856870992497772876 ) ) ;
#3729 =( GEOMETRIC_REPRESENTATION_CONTEXT ( 3 ) GLOBAL_UNCERTAINTY_ASSIGNED_CONTEXT ( ( #266 ) ) GLOBAL_UNIT_ASSIGNED_CONTEXT ( ( #3239, #3907, #2204 ) ) REPRESENTATION_CONTEXT ( 'NONE', 'WORKASPACE' ) );
#3730 = CARTESIAN_POINT ( 'NONE',  ( 0.4955568124165435351, 0.2549999999999999489, 0.07923833619549520979 ) ) ;
#3731 = CARTESIAN_POINT ( 'NONE',  ( 0.2841510289005065859, 0.2550000000000000600, 0.3498617475027798740 ) ) ;
#3732 = B_SPLINE_SURFACE_WITH_KNOTS ( 'NONE', 3, 1, ( 
 ( #4214, #754 ),
 ( #1451, #4168 ),
 ( #2468, #778 ),
 ( #1153, #1796 ),
 ( #2513, #2176 ),
 ( #3551, #237 ),
 ( #1555, #4342 ),
 ( #2984, #4316 ),
 ( #3638, #3615 ),
 ( #2569, #2636 ),
 ( #1970, #1577 ),
 ( #3662, #3347 ),
 ( #277, #1878 ),
 ( #550, #2548 ),
 ( #210, #1218 ),
 ( #951, #3253 ),
 ( #2610, #4296 ),
 ( #1899, #2943 ),
 ( #1286, #3010 ),
 ( #617, #575 ),
 ( #1617, #3925 ),
 ( #3321, #928 ),
 ( #4013, #2307 ),
 ( #257, #2918 ),
 ( #188, #1240 ),
 ( #4272, #2588 ),
 ( #1639, #3686 ) ),
 .UNSPECIFIED., .F., .F., .F.,
 ( 4, 1, 1, 1, 1, 1, 1, 1, 1, 1, 1, 1, 1, 1, 1, 1, 1, 1, 1, 1, 1, 1, 1, 1, 4 ),
 ( 2, 2 ),
 ( 0.000000000000000000, 0.03378920173289932244, 0.06662571054411649263, 0.09929091792950051065, 0.1316449910201465123, 0.1636017227828676923, 0.1961224403990335929, 0.2289227629684998100, 0.2621805876121068302, 0.2960158121508758011, 0.3302445177381408414, 0.3650886174602970824, 0.4009817122734755657, 0.4376535877480990933, 0.4757430520779057370, 0.5152914703679793984, 0.5563268164025524376, 0.5996807419869993883, 0.6463429061422883981, 0.6964129774199110390, 0.7497662961685440663, 0.8065615401783301497, 0.8674274672223043492, 0.9318826096926672298, 1.000000000000000000 ),
 ( 0.000000000000000000, 1.000000000000000000 ),
 .UNSPECIFIED. ) ;
#3733 = CARTESIAN_POINT ( 'NONE',  ( 0.2613068582814645491, 0.2499999999999999445, 0.01738002170743919647 ) ) ;
#3734 = CARTESIAN_POINT ( 'NONE',  ( 0.4239581713153415810, 0.2550000000000001710, 0.1923379500496305294 ) ) ;
#3735 = CARTESIAN_POINT ( 'NONE',  ( 0.5081691521253463018, 0.2499999999999999445, 0.2321080898110872426 ) ) ;
#3736 = EDGE_CURVE ( 'NONE', #4065, #2686, #2458, .T. ) ;
#3737 = LINE ( 'NONE', #1001, #2836 ) ;
#3738 = CARTESIAN_POINT ( 'NONE',  ( -0.7550000000000002265, 0.000000000000000000, 1.100000000000000089 ) ) ;
#3739 = CARTESIAN_POINT ( 'NONE',  ( 0.3504766980390016662, 0.2550000000000000044, 0.3655341213651056020 ) ) ;
#3740 = CARTESIAN_POINT ( 'NONE',  ( 0.4985481233498538778, 0.2550000000000000044, 0.2904570443075302211 ) ) ;
#3741 = CARTESIAN_POINT ( 'NONE',  ( 0.3499999999999999223, 0.000000000000000000, 1.100000000000000755 ) ) ;
#3742 = DIRECTION ( 'NONE',  ( 0.000000000000000000, -0.000000000000000000, 1.000000000000000000 ) ) ;
#3743 = ORIENTED_EDGE ( 'NONE', *, *, #600, .F. ) ;
#3744 = SURFACE_SIDE_STYLE ('',( #2368 ) ) ;
#3745 = FACE_OUTER_BOUND ( 'NONE', #3248, .T. ) ;
#3746 = PRESENTATION_STYLE_ASSIGNMENT (( #966 ) ) ;
#3747 = CARTESIAN_POINT ( 'NONE',  ( 0.4712104578500319607, 0.2499999999999998890, -0.02564222643020427558 ) ) ;
#3748 = ADVANCED_FACE ( 'NONE', ( #479 ), #1145, .F. ) ;
#3749 = CARTESIAN_POINT ( 'NONE',  ( 0.5165343003413241929, 0.2500000000000000555, 0.3362671584683661341 ) ) ;
#3750 = CARTESIAN_POINT ( 'NONE',  ( 0.4865844590520803647, 0.2499999999999999445, 0.09606575918405915737 ) ) ;
#3751 = CARTESIAN_POINT ( 'NONE',  ( 0.2941109360743368040, 0.2499999999999999445, 0.3540439526595299813 ) ) ;
#3752 = CARTESIAN_POINT ( 'NONE',  ( 0.3499999999999999223, -0.005000000000000000104, 0.6500000000000007994 ) ) ;
#3753 = CARTESIAN_POINT ( 'NONE',  ( 0.3127475009890209878, 0.2500000000000000000, 0.3599275812965008203 ) ) ;
#3754 = VERTEX_POINT ( 'NONE', #3857 ) ;
#3755 = CARTESIAN_POINT ( 'NONE',  ( 0.3499999999999999223, 0.000000000000000000, -1.505000000000000115 ) ) ;
#3756 = ORIENTED_EDGE ( 'NONE', *, *, #600, .T. ) ;
#3757 = PLANE ( 'NONE',  #769 ) ;
#3758 = CARTESIAN_POINT ( 'NONE',  ( 0.5270670976866719259, 0.2550000000000000044, 0.07978478931693923359 ) ) ;
#3759 = CARTESIAN_POINT ( 'NONE',  ( 0.2161899763799059460, 0.2549999999999998934, 0.03811535856502918512 ) ) ;
#3760 = UNCERTAINTY_MEASURE_WITH_UNIT (LENGTH_MEASURE( 1.000000000000000082E-05 ), #2602, 'distance_accuracy_value', 'NONE');
#3761 = CARTESIAN_POINT ( 'NONE',  ( -0.6602579508131062314, 0.2500000000000000000, -1.359762003597620783 ) ) ;
#3762 = PLANE ( 'NONE',  #364 ) ;
#3763 = VERTEX_POINT ( 'NONE', #3498 ) ;
#3764 = DIRECTION ( 'NONE',  ( 0.000000000000000000, 0.000000000000000000, -1.000000000000000000 ) ) ;
#3765 = CARTESIAN_POINT ( 'NONE',  ( 0.4205789617790521850, 0.2550000000000001710, 0.3623026690188726473 ) ) ;
#3766 = AXIS2_PLACEMENT_3D ( 'NONE', #1794, #3206, #800 ) ;
#3767 = CARTESIAN_POINT ( 'NONE',  ( 0.2451125446705799127, 0.2500000000000000000, 0.06964721309605237387 ) ) ;
#3768 = B_SPLINE_SURFACE_WITH_KNOTS ( 'NONE', 3, 1, ( 
 ( #2356, #665 ),
 ( #1948, #1357 ),
 ( #2609, #2708 ),
 ( #2015, #1638 ),
 ( #1313, #3989 ),
 ( #4035, #974 ),
 ( #4012, #4079 ),
 ( #3390, #574 ),
 ( #3661, #1597 ),
 ( #4341, #2330 ),
 ( #1924, #616 ),
 ( #927, #323 ),
 ( #2306, #3706 ),
 ( #236, #3299 ),
 ( #638, #3320 ),
 ( #1285, #2635 ),
 ( #3346, #1992 ),
 ( #440, #2421 ),
 ( #244, #2899 ),
 ( #3236, #1245 ),
 ( #3976, #2551 ),
 ( #1882, #3600 ),
 ( #3258, #194 ),
 ( #1602, #2242 ),
 ( #1267, #3623 ),
 ( #3280, #3110 ),
 ( #2451, #1802 ) ),
 .UNSPECIFIED., .F., .F., .F.,
 ( 4, 1, 1, 1, 1, 1, 1, 1, 1, 1, 1, 1, 1, 1, 1, 1, 1, 1, 1, 1, 1, 1, 1, 1, 4 ),
 ( 2, 2 ),
 ( 0.000000000000000000, 0.06859905185027570518, 0.1332546469887012364, 0.1943251344692437377, 0.2512954498164152173, 0.3045331036280988224, 0.3542577818568268810, 0.4005064503556531319, 0.4434393887943418600, 0.4840461245383606004, 0.5232860905060560119, 0.5610786028067862308, 0.5979388495899659040, 0.6335593991789295609, 0.6685506344687422997, 0.7027341618909609400, 0.7369260519635210116, 0.7705360380815172716, 0.8034336592223287887, 0.8361707333883960924, 0.8684517514297861451, 0.9008401352728003797, 0.9334622281405533517, 0.9662553963349062025, 1.000000000000000000 ),
 ( 0.000000000000000000, 1.000000000000000000 ),
 .UNSPECIFIED. ) ;
#3769 = CARTESIAN_POINT ( 'NONE',  ( 0.4452664430095722436, 0.2550000000000001710, -0.03450098182417965509 ) ) ;
#3770 =( GEOMETRIC_REPRESENTATION_CONTEXT ( 3 ) GLOBAL_UNCERTAINTY_ASSIGNED_CONTEXT ( ( #2855 ) ) GLOBAL_UNIT_ASSIGNED_CONTEXT ( ( #4309, #1854, #1942 ) ) REPRESENTATION_CONTEXT ( 'NONE', 'WORKASPACE' ) );
#3771 =( LENGTH_UNIT ( ) NAMED_UNIT ( * ) SI_UNIT ( .MILLI., .METRE. ) );
#3772 = FILL_AREA_STYLE_COLOUR ( '', #71 ) ;
#3773 = CARTESIAN_POINT ( 'NONE',  ( 0.2962043733498538334, 0.2500000000000000000, 0.3548200250767610253 ) ) ;
#3774 = EDGE_CURVE ( 'NONE', #2937, #2265, #116, .T. ) ;
#3775 = CARTESIAN_POINT ( 'NONE',  ( 0.3191939702398286505, 0.2500000000000001110, -0.01106800906330241904 ) ) ;
#3776 = CARTESIAN_POINT ( 'NONE',  ( 0.4786180227454666092, 0.2550000000000000044, -0.02200466566272002780 ) ) ;
#3777 = ORIENTED_EDGE ( 'NONE', *, *, #1937, .T. ) ;
#3778 = LINE ( 'NONE', #877, #580 ) ;
#3779 = SURFACE_STYLE_FILL_AREA ( #4087 ) ;
#3780 = CARTESIAN_POINT ( 'NONE',  ( 0.4530196210655036970, 0.2500000000000000555, 0.3827224142720188627 ) ) ;
#3781 = CARTESIAN_POINT ( 'NONE',  ( 0.3312143445168359568, 0.2550000000000000044, -0.03983118465375818512 ) ) ;
#3782 = ORIENTED_EDGE ( 'NONE', *, *, #239, .T. ) ;
#3783 = CARTESIAN_POINT ( 'NONE',  ( 0.2567221737742453325, 0.2549999999999999489, 0.2538447132545692542 ) ) ;
#3784 = ORIENTED_EDGE ( 'NONE', *, *, #282, .T. ) ;
#3785 = CARTESIAN_POINT ( 'NONE',  ( 0.2404448837047402643, 0.2499999999999998335, 0.1229394759881276278 ) ) ;
#3786 = CARTESIAN_POINT ( 'NONE',  ( 0.3716250464267769060, 0.2550000000000000044, 0.1354089673844532937 ) ) ;
#3787 = CARTESIAN_POINT ( 'NONE',  ( 0.3379999892286715268, 0.2549999999999999489, -0.01333465813273852080 ) ) ;
#3788 = CARTESIAN_POINT ( 'NONE',  ( 0.3715048541190846265, 0.2499999999999998890, -0.04151410953862359754 ) ) ;
#3789 = EDGE_CURVE ( 'NONE', #2049, #605, #2129, .T. ) ;
#3790 = LINE ( 'NONE', #22, #4183 ) ;
#3791 = CARTESIAN_POINT ( 'NONE',  ( 0.5292755413897418659, 0.2500000000000000555, 0.2919415001556385780 ) ) ;
#3792 = CARTESIAN_POINT ( 'NONE',  ( 0.2181160411711690061, 0.2550000000000000044, 0.3173061713101225645 ) ) ;
#3793 = AXIS2_PLACEMENT_3D ( 'NONE', #1561, #2224, #2205 ) ;
#3794 = CARTESIAN_POINT ( 'NONE',  ( 0.2787028081634196353, 0.2499999999999999445, 0.3469420499860477181 ) ) ;
#3795 = COLOUR_RGB ( '',0.1098039215686274495, 0.1098039215686274495, 0.1098039215686274495 ) ;
#3796 = CARTESIAN_POINT ( 'NONE',  ( 0.2460160721585485100, 0.2500000000000000000, 0.3588464060886857321 ) ) ;
#3797 = CARTESIAN_POINT ( 'NONE',  ( 0.4120316229970328870, 0.2549999999999999489, 0.1909547464445738030 ) ) ;
#3798 = LINE ( 'NONE', #371, #642 ) ;
#3799 = ORIENTED_EDGE ( 'NONE', *, *, #695, .F. ) ;
#3800 =( NAMED_UNIT ( * ) SI_UNIT ( $, .STERADIAN. ) SOLID_ANGLE_UNIT ( ) );
#3801 = FILL_AREA_STYLE_COLOUR ( '', #1210 ) ;
#3802 = LINE ( 'NONE', #449, #4426 ) ;
#3803 = UNCERTAINTY_MEASURE_WITH_UNIT (LENGTH_MEASURE( 1.000000000000000082E-05 ), #2900, 'distance_accuracy_value', 'NONE');
#3804 = MECHANICAL_DESIGN_GEOMETRIC_PRESENTATION_REPRESENTATION (  '', ( #2796 ), #1515 ) ;
#3805 = ORIENTED_EDGE ( 'NONE', *, *, #3302, .F. ) ;
#3806 = DIRECTION ( 'NONE',  ( 0.000000000000000000, 0.000000000000000000, 1.000000000000000000 ) ) ;
#3807 = EDGE_LOOP ( 'NONE', ( #1903, #452, #1338, #4392 ) ) ;
#3808 = CARTESIAN_POINT ( 'NONE',  ( 0.2353964195976299134, 0.2499999999999999445, 0.1174767586305768552 ) ) ;
#3809 = CARTESIAN_POINT ( 'NONE',  ( 0.2647547241009812757, 0.2550000000000000600, 0.1057702593057242568 ) ) ;
#3810 = CARTESIAN_POINT ( 'NONE',  ( 0.3763132016404041602, 0.2499999999999998335, -0.04148599369791215047 ) ) ;
#3811 = EDGE_CURVE ( 'NONE', #3584, #2837, #795, .T. ) ;
#3812 = CARTESIAN_POINT ( 'NONE',  ( 0.2149433202734679083, 0.2500000000000001665, 0.3037156311528172448 ) ) ;
#3813 = CARTESIAN_POINT ( 'NONE',  ( 0.3191939702398286505, 0.2500000000000001110, 0.2197012217059283457 ) ) ;
#3814 = DIRECTION ( 'NONE',  ( 0.000000000000000000, -1.000000000000000000, 0.000000000000000000 ) ) ;
#3815 = DIRECTION ( 'NONE',  ( -0.000000000000000000, -1.000000000000000000, -0.000000000000000000 ) ) ;
#3816 = CARTESIAN_POINT ( 'NONE',  ( -0.3499999999999998668, -0.005000000000000000104, -1.550000000000000266 ) ) ;
#3817 = CARTESIAN_POINT ( 'NONE',  ( 0.4908558156575461573, 0.2500000000000000000, -0.2261294941540082926 ) ) ;
#3818 = CARTESIAN_POINT ( 'NONE',  ( 0.3716250464267769060, 0.2500000000000000000, 0.1354089673844532937 ) ) ;
#3819 = DIRECTION ( 'NONE',  ( 0.000000000000000000, 0.000000000000000000, -1.000000000000000000 ) ) ;
#3820 = ORIENTED_EDGE ( 'NONE', *, *, #3893, .T. ) ;
#3821 = DIRECTION ( 'NONE',  ( 0.000000000000000000, -1.000000000000000000, 0.000000000000000000 ) ) ;
#3822 = ORIENTED_EDGE ( 'NONE', *, *, #2874, .F. ) ;
#3823 = DIRECTION ( 'NONE',  ( -0.000000000000000000, -1.000000000000000000, -0.000000000000000000 ) ) ;
#3824 = VECTOR ( 'NONE', #4033, 1000.000000000000000 ) ;
#3825 = VERTEX_POINT ( 'NONE', #2818 ) ;
#3826 = DIRECTION ( 'NONE',  ( -0.000000000000000000, 1.000000000000000000, -0.000000000000000000 ) ) ;
#3827 = ORIENTED_EDGE ( 'NONE', *, *, #924, .T. ) ;
#3828 = CARTESIAN_POINT ( 'NONE',  ( 0.2269301059006316179, 0.2499999999999999445, 0.1056663988313543828 ) ) ;
#3829 = CARTESIAN_POINT ( 'NONE',  ( 0.2609306113884458656, 0.2500000000000000555, 0.1017488030109317820 ) ) ;
#3830 = CARTESIAN_POINT ( 'NONE',  ( -0.8000000000000001554, 0.000000000000000000, -1.549999999999999822 ) ) ;
#3831 = CARTESIAN_POINT ( 'NONE',  ( 0.2269301059006315624, 0.2550000000000000044, 0.3364356296005851510 ) ) ;
#3832 = VECTOR ( 'NONE', #2963, 1000.000000000000000 ) ;
#3833 = CARTESIAN_POINT ( 'NONE',  ( 0.3716250464267769060, 0.2550000000000000044, 0.2161781981536840813 ) ) ;
#3834 = FACE_OUTER_BOUND ( 'NONE', #2879, .T. ) ;
#3835 = FILL_AREA_STYLE ('',( #2520 ) ) ;
#3836 = STYLED_ITEM ( 'NONE', ( #873 ), #3900 ) ;
#3837 = CARTESIAN_POINT ( 'NONE',  ( 0.2181160411711690061, 0.2500000000000000000, 0.3173061713101225645 ) ) ;
#3838 = CARTESIAN_POINT ( 'NONE',  ( 0.5251881570081580186, 0.2500000000000000000, 0.08644634406295194362 ) ) ;
#3839 = DIRECTION ( 'NONE',  ( 1.000000000000000000, 0.000000000000000000, -9.637352644315594750E-16 ) ) ;
#3840 = PRESENTATION_STYLE_ASSIGNMENT (( #4122 ) ) ;
#3841 = EDGE_LOOP ( 'NONE', ( #2639, #712, #3166, #729 ) ) ;
#3842 = CARTESIAN_POINT ( 'NONE',  ( 0.3499999999999999223, -0.005000000000000000104, -1.550000000000000266 ) ) ;
#3843 = DIRECTION ( 'NONE',  ( -0.000000000000000000, 0.000000000000000000, -1.000000000000000000 ) ) ;
#3844 = LINE ( 'NONE', #101, #628 ) ;
#3845 = AXIS2_PLACEMENT_3D ( 'NONE', #2964, #1261, #1020 ) ;
#3846 = FILL_AREA_STYLE ('',( #79 ) ) ;
#3847 = ORIENTED_EDGE ( 'NONE', *, *, #3886, .F. ) ;
#3848 = ORIENTED_EDGE ( 'NONE', *, *, #716, .T. ) ;
#3849 = CARTESIAN_POINT ( 'NONE',  ( 0.2181160411711690339, 0.2499999999999998335, 0.08653694054089176857 ) ) ;
#3850 = CARTESIAN_POINT ( 'NONE',  ( 0.3716250464267769060, 0.2550000000000000044, 0.3661781981536840758 ) ) ;
#3851 = CARTESIAN_POINT ( 'NONE',  ( 0.2900163870072657302, 0.2550000000000000600, 0.1217568036659914116 ) ) ;
#3852 = FILL_AREA_STYLE ('',( #154 ) ) ;
#3853 = CARTESIAN_POINT ( 'NONE',  ( 0.2308799181315061289, 0.2500000000000001665, 0.3424717110806114739 ) ) ;
#3854 = CARTESIAN_POINT ( 'NONE',  ( 0.2790928080514478715, 0.2500000000000000000, 0.2333764648034545586 ) ) ;
#3855 = CARTESIAN_POINT ( 'NONE',  ( 0.2139729051418194083, 0.2500000000000000000, 0.05642036136487479925 ) ) ;
#3856 = DIRECTION ( 'NONE',  ( -0.000000000000000000, 0.000000000000000000, 1.000000000000000000 ) ) ;
#3857 = CARTESIAN_POINT ( 'NONE',  ( 0.3499999999999999223, 0.000000000000000000, 0.6500000000000007994 ) ) ;
#3858 = COLOUR_RGB ( '',0.1098039215686274495, 0.1098039215686274495, 0.1098039215686274495 ) ;
#3859 = CARTESIAN_POINT ( 'NONE',  ( 0.4700291176353074696, 0.2500000000000000000, 0.1451284696241161853 ) ) ;
#3860 = CARTESIAN_POINT ( 'NONE',  ( 0.2477524364455134243, 0.2500000000000000000, 0.07934439553699591807 ) ) ;
#3861 =( NAMED_UNIT ( * ) PLANE_ANGLE_UNIT ( ) SI_UNIT ( $, .RADIAN. ) );
#3862 = SURFACE_SIDE_STYLE ('',( #2484 ) ) ;
#3863 = VECTOR ( 'NONE', #2158, 1000.000000000000000 ) ;
#3864 = CARTESIAN_POINT ( 'NONE',  ( 0.000000000000000000, 0.000000000000000000, 0.000000000000000000 ) ) ;
#3865 = AXIS2_PLACEMENT_3D ( 'NONE', #2139, #1131, #2493 ) ;
#3866 = SURFACE_STYLE_USAGE ( .BOTH. , #1092 ) ;
#3867 = EDGE_CURVE ( 'NONE', #3974, #1716, #2152, .T. ) ;
#3868 = ORIENTED_EDGE ( 'NONE', *, *, #1937, .F. ) ;
#3869 = CARTESIAN_POINT ( 'NONE',  ( 0.4692927124641247949, 0.2549999999999999489, 0.005996708984112694880 ) ) ;
#3870 = ORIENTED_EDGE ( 'NONE', *, *, #1172, .F. ) ;
#3871 = CARTESIAN_POINT ( 'NONE',  ( 0.2734453708186652121, 0.2550000000000001155, 0.1454422861831360381 ) ) ;
#3872 = CARTESIAN_POINT ( 'NONE',  ( 0.3127475009890208213, 0.2549999999999999489, 0.1291583505272700660 ) ) ;
#3873 = COLOUR_RGB ( '',0.1098039215686274495, 0.1098039215686274495, 0.1098039215686274495 ) ;
#3874 = PRODUCT_DEFINITION ( 'UNKNOWN', '', #556, #2613 ) ;
#3875 = CARTESIAN_POINT ( 'NONE',  ( -0.3462891350418384473, 0.2500000000000000000, 1.359762003597620783 ) ) ;
#3876 = VECTOR ( 'NONE', #3912, 1000.000000000000000 ) ;
#3877 = CARTESIAN_POINT ( 'NONE',  ( 0.3598411541138852865, 0.2550000000000000600, 0.2162083070380947103 ) ) ;
#3878 = CARTESIAN_POINT ( 'NONE',  ( 0.2140521054570816983, 0.2500000000000000000, 0.05175505172823655770 ) ) ;
#3879 =( NAMED_UNIT ( * ) SI_UNIT ( $, .STERADIAN. ) SOLID_ANGLE_UNIT ( ) );
#3880 = CARTESIAN_POINT ( 'NONE',  ( -0.3499999999999999778, -0.005000000000000000104, 1.100000000000000311 ) ) ;
#3881 = CARTESIAN_POINT ( 'NONE',  ( 0.3982251360867783974, 0.2500000000000000555, 0.1615970712921778463 ) ) ;
#3882 = CARTESIAN_POINT ( 'NONE',  ( 0.4700291176353074696, 0.2500000000000000000, 0.3758977003933468009 ) ) ;
#3883 = CARTESIAN_POINT ( 'NONE',  ( 0.2962043733498538334, 0.2550000000000000044, 0.1240507943075302433 ) ) ;
#3884 = SURFACE_SIDE_STYLE ('',( #1091 ) ) ;
#3885 = SURFACE_SIDE_STYLE ('',( #4237 ) ) ;
#3886 = EDGE_CURVE ( 'NONE', #763, #36, #3524, .T. ) ;
#3887 = ORIENTED_EDGE ( 'NONE', *, *, #1308, .F. ) ;
#3888 = CARTESIAN_POINT ( 'NONE',  ( 0.4692927124641247949, 0.2549999999999999489, 0.005996708984112694880 ) ) ;
#3889 = CARTESIAN_POINT ( 'NONE',  ( 0.4053541445208641569, 0.2499999999999998890, 0.2174173284505749315 ) ) ;
#3890 = CARTESIAN_POINT ( 'NONE',  ( 0.2564453260069082807, 0.2500000000000000000, 0.09613601356795135888 ) ) ;
#3891 = DIRECTION ( 'NONE',  ( 1.000000000000000000, 0.000000000000000000, 0.000000000000000000 ) ) ;
#3892 = PRESENTATION_STYLE_ASSIGNMENT (( #1142 ) ) ;
#3893 = EDGE_CURVE ( 'NONE', #3763, #4092, #1725, .T. ) ;
#3894 = CARTESIAN_POINT ( 'NONE',  ( 0.2303991248534655312, 0.2500000000000000000, 0.2378998522792469261 ) ) ;
#3895 = LINE ( 'NONE', #2801, #133 ) ;
#3896 =( NAMED_UNIT ( * ) SI_UNIT ( $, .STERADIAN. ) SOLID_ANGLE_UNIT ( ) );
#3897 = STYLED_ITEM ( 'NONE', ( #1260 ), #3574 ) ;
#3898 = SURFACE_STYLE_USAGE ( .BOTH. , #3862 ) ;
#3899 = ADVANCED_FACE ( 'NONE', ( #414 ), #3137, .F. ) ;
#3900 = ADVANCED_FACE ( 'NONE', ( #3293 ), #2717, .T. ) ;
#3901 = DIRECTION ( 'NONE',  ( -0.000000000000000000, -0.000000000000000000, 1.000000000000000000 ) ) ;
#3902 = PRESENTATION_STYLE_ASSIGNMENT (( #1536 ) ) ;
#3903 = VERTEX_POINT ( 'NONE', #2325 ) ;
#3904 = CARTESIAN_POINT ( 'NONE',  ( 0.4739182371157081852, 0.2550000000000000600, 0.009550571979270752049 ) ) ;
#3905 = ORIENTED_EDGE ( 'NONE', *, *, #4037, .F. ) ;
#3906 = CARTESIAN_POINT ( 'NONE',  ( 0.4983742236826438909, 0.2549999999999999489, 0.05636962346420985176 ) ) ;
#3907 =( NAMED_UNIT ( * ) PLANE_ANGLE_UNIT ( ) SI_UNIT ( $, .RADIAN. ) );
#3908 = LINE ( 'NONE', #844, #63 ) ;
#3909 = CARTESIAN_POINT ( 'NONE',  ( 0.5081691521253465238, 0.2499999999999999445, 0.001338859041856506078 ) ) ;
#3910 = VECTOR ( 'NONE', #670, 1000.000000000000000 ) ;
#3911 = EDGE_LOOP ( 'NONE', ( #2470, #629, #57, #2953, #1234, #1393, #1383, #3848, #4291, #1372, #645, #1872 ) ) ;
#3912 = DIRECTION ( 'NONE',  ( -0.000000000000000000, -0.000000000000000000, -1.000000000000000000 ) ) ;
#3913 =( NAMED_UNIT ( * ) SI_UNIT ( $, .STERADIAN. ) SOLID_ANGLE_UNIT ( ) );
#3914 = FILL_AREA_STYLE ('',( #3984 ) ) ;
#3915 = EDGE_CURVE ( 'NONE', #1042, #3400, #4097, .T. ) ;
#3916 = ORIENTED_EDGE ( 'NONE', *, *, #2668, .F. ) ;
#3917 = CARTESIAN_POINT ( 'NONE',  ( 0.2347983456523144441, 0.2499999999999999445, 0.2323274768076707963 ) ) ;
#3918 =( NAMED_UNIT ( * ) SI_UNIT ( $, .STERADIAN. ) SOLID_ANGLE_UNIT ( ) );
#3919 = DIRECTION ( 'NONE',  ( -0.000000000000000000, -0.000000000000000000, -1.000000000000000000 ) ) ;
#3920 = CARTESIAN_POINT ( 'NONE',  ( 0.5125379680007563499, 0.2550000000000000044, 0.3422097545415005437 ) ) ;
#3921 = MECHANICAL_DESIGN_GEOMETRIC_PRESENTATION_REPRESENTATION (  '', ( #3204 ), #640 ) ;
#3922 = AXIS2_PLACEMENT_3D ( 'NONE', #1439, #1824, #3111 ) ;
#3923 = DIRECTION ( 'NONE',  ( 1.000000000000000000, 0.000000000000000000, 0.000000000000000000 ) ) ;
#3924 = CARTESIAN_POINT ( 'NONE',  ( 0.3499999999999999223, -0.005000000000000000104, 1.100000000000000755 ) ) ;
#3925 = CARTESIAN_POINT ( 'NONE',  ( 0.3082523242278371045, 0.2499999999999999445, -0.03660186503082960702 ) ) ;
#3926 = B_SPLINE_CURVE_WITH_KNOTS ( 'NONE', 3,
 ( #2873, #525, #1237, #3547, #1896, #1875, #547, #1533, #482, #4251, #3635, #3251, #2545, #2216, #3883 ),
 .UNSPECIFIED., .F., .F.,
 ( 4, 1, 1, 1, 1, 1, 1, 1, 1, 1, 1, 1, 4 ),
 ( 0.000000000000000000, 0.1128134007444582809, 0.2253938839207291212, 0.3395948145627006864, 0.4596754102248637452, 0.5217351900879330096, 0.5839258387389159033, 0.6481741447653693866, 0.7138810381130663574, 0.7810044549073894560, 0.8514509275565551594, 0.9240506926641781638, 1.000000000000000000 ),
 .UNSPECIFIED. ) ;
#3927 = MECHANICAL_DESIGN_GEOMETRIC_PRESENTATION_REPRESENTATION (  '', ( #1368 ), #1078 ) ;
#3928 = ORIENTED_EDGE ( 'NONE', *, *, #1710, .F. ) ;
#3929 = CARTESIAN_POINT ( 'NONE',  ( 0.3312143445168359568, 0.2550000000000000044, 0.1909380461154725483 ) ) ;
#3930 = ORIENTED_EDGE ( 'NONE', *, *, #2828, .F. ) ;
#3931 = CARTESIAN_POINT ( 'NONE',  ( 0.4985481233498538778, 0.2500000000000000000, 0.05968781353829947373 ) ) ;
#3932 = CARTESIAN_POINT ( 'NONE',  ( 0.4588464415272900943, 0.2549999999999998934, 0.2305779288853384845 ) ) ;
#3933 = CARTESIAN_POINT ( 'NONE',  ( 0.4735615350573205151, 0.2549999999999999489, 0.1098039747066065080 ) ) ;
#3934 = CARTESIAN_POINT ( 'NONE',  ( 0.3499999999999999223, 0.000000000000000000, 0.6500000000000007994 ) ) ;
#3935 = ORIENTED_EDGE ( 'NONE', *, *, #4277, .T. ) ;
#3936 = LINE ( 'NONE', #1589, #3876 ) ;
#3937 = CARTESIAN_POINT ( 'NONE',  ( 0.2790928080514478715, 0.2500000000000000000, 0.2333764648034545586 ) ) ;
#3938 = ADVANCED_FACE ( 'NONE', ( #3007 ), #4394, .T. ) ;
#3939 = PRESENTATION_LAYER_ASSIGNMENT (  '', '', ( #1230 ) ) ;
#3940 = VERTEX_POINT ( 'NONE', #3875 ) ;
#3941 =( NAMED_UNIT ( * ) SI_UNIT ( $, .STERADIAN. ) SOLID_ANGLE_UNIT ( ) );
#3942 = PLANE ( 'NONE',  #2867 ) ;
#3943 = CARTESIAN_POINT ( 'NONE',  ( 0.4205789617790521295, 0.2499999999999998335, 0.1315334382496416987 ) ) ;
#3944 = SURFACE_STYLE_FILL_AREA ( #1894 ) ;
#3945 = PLANE ( 'NONE',  #2997 ) ;
#3946 = DIRECTION ( 'NONE',  ( -0.000000000000000000, -0.000000000000000000, -1.000000000000000000 ) ) ;
#3947 = CARTESIAN_POINT ( 'NONE',  ( -0.3462891350418384473, 0.2550000000000000044, 1.359762003597620783 ) ) ;
#3948 =( NAMED_UNIT ( * ) SI_UNIT ( $, .STERADIAN. ) SOLID_ANGLE_UNIT ( ) );
#3949 = CARTESIAN_POINT ( 'NONE',  ( 0.4332762827193807897, 0.2549999999999999489, 0.1571084875468378717 ) ) ;
#3950 = SURFACE_SIDE_STYLE ('',( #2896 ) ) ;
#3951 = CARTESIAN_POINT ( 'NONE',  ( 0.3193298258350099617, 0.2550000000000000044, 0.1923972930076801591 ) ) ;
#3952 = ORIENTED_EDGE ( 'NONE', *, *, #2081, .F. ) ;
#3953 = CARTESIAN_POINT ( 'NONE',  ( 0.2451173818072016342, 0.2500000000000000000, 0.2220657021861815739 ) ) ;
#3954 = CARTESIAN_POINT ( 'NONE',  ( 0.4324996892528283898, 0.2550000000000000044, 0.2212669571639704624 ) ) ;
#3955 = DIRECTION ( 'NONE',  ( 0.000000000000000000, -1.000000000000000000, 0.000000000000000000 ) ) ;
#3956 = CARTESIAN_POINT ( 'NONE',  ( 0.5292775705441344902, 0.2500000000000000000, 0.05642026523944056876 ) ) ;
#3957 = ORIENTED_EDGE ( 'NONE', *, *, #4054, .T. ) ;
#3958 = SURFACE_STYLE_USAGE ( .BOTH. , #2211 ) ;
#3959 = CARTESIAN_POINT ( 'NONE',  ( 0.2519284730706103925, 0.2499999999999999445, 0.2613267534477513032 ) ) ;
#3960 = ORIENTED_EDGE ( 'NONE', *, *, #2632, .T. ) ;
#3961 = CARTESIAN_POINT ( 'NONE',  ( 0.3108994283731597030, 0.2500000000000000555, -0.009550281723668457498 ) ) ;
#3962 = CARTESIAN_POINT ( 'NONE',  ( 0.3716250464267769060, 0.2550000000000000044, 0.1354089673844532937 ) ) ;
#3963 =( NAMED_UNIT ( * ) SI_UNIT ( $, .STERADIAN. ) SOLID_ANGLE_UNIT ( ) );
#3964 = DIRECTION ( 'NONE',  ( 0.000000000000000000, -1.000000000000000000, 0.000000000000000000 ) ) ;
#3965 = CARTESIAN_POINT ( 'NONE',  ( 0.3676180150993511586, 0.2500000000000000555, -0.01458079429701289627 ) ) ;
#3966 = CARTESIAN_POINT ( 'NONE',  ( 0.4223257474083714769, 0.2550000000000000044, 0.3897967988021947550 ) ) ;
#3967 =( LENGTH_UNIT ( ) NAMED_UNIT ( * ) SI_UNIT ( .MILLI., .METRE. ) );
#3968 = CARTESIAN_POINT ( 'NONE',  ( 0.5251881570081580186, 0.2500000000000000000, 0.08644634406295194362 ) ) ;
#3969 =( GEOMETRIC_REPRESENTATION_CONTEXT ( 3 ) GLOBAL_UNCERTAINTY_ASSIGNED_CONTEXT ( ( #3487 ) ) GLOBAL_UNIT_ASSIGNED_CONTEXT ( ( #4271, #949, #548 ) ) REPRESENTATION_CONTEXT ( 'NONE', 'WORKASPACE' ) );
#3970 = CARTESIAN_POINT ( 'NONE',  ( 0.7999999999999999334, 0.000000000000000000, 1.550000000000000266 ) ) ;
#3971 = VECTOR ( 'NONE', #2776, 1000.000000000000000 ) ;
#3972 = ORIENTED_EDGE ( 'NONE', *, *, #614, .F. ) ;
#3973 = CARTESIAN_POINT ( 'NONE',  ( 0.4024302860308480168, 0.2499999999999999445, 0.1340342281553511539 ) ) ;
#3974 = VERTEX_POINT ( 'NONE', #2815 ) ;
#3975 = CARTESIAN_POINT ( 'NONE',  ( -0.8000000000000001554, 0.2500000000000000000, 1.550000000000000266 ) ) ;
#3976 = CARTESIAN_POINT ( 'NONE',  ( 0.5228374215615236853, 0.2550000000000000600, 0.2558991427211528280 ) ) ;
#3977 = CARTESIAN_POINT ( 'NONE',  ( 0.4642769106751517549, 0.2550000000000001155, 0.002728165199317463853 ) ) ;
#3978 = CARTESIAN_POINT ( 'NONE',  ( 0.3834691365183243716, 0.2500000000000000000, 0.2162073678038098357 ) ) ;
#3979 = UNCERTAINTY_MEASURE_WITH_UNIT (LENGTH_MEASURE( 1.000000000000000082E-05 ), #146, 'distance_accuracy_value', 'NONE');
#3980 = CARTESIAN_POINT ( 'NONE',  ( 0.3992635981670665246, 0.2500000000000000555, -0.04082379931561226638 ) ) ;
#3981 = ORIENTED_EDGE ( 'NONE', *, *, #1680, .T. ) ;
#3982 = DIRECTION ( 'NONE',  ( -1.000000000000000000, 0.000000000000000000, -5.354084802397549790E-16 ) ) ;
#3983 = SURFACE_STYLE_FILL_AREA ( #3221 ) ;
#3984 = FILL_AREA_STYLE_COLOUR ( '', #4350 ) ;
#3985 = PRESENTATION_LAYER_ASSIGNMENT (  '', '', ( #3701 ) ) ;
#3986 = SURFACE_STYLE_USAGE ( .BOTH. , #2630 ) ;
#3987 = FACE_OUTER_BOUND ( 'NONE', #3054, .T. ) ;
#3988 = CARTESIAN_POINT ( 'NONE',  ( -0.3499999999999999778, -0.2550000000000000044, 1.505000000000000338 ) ) ;
#3989 = CARTESIAN_POINT ( 'NONE',  ( 0.4120316229970328870, 0.2500000000000000000, 0.1909547464445738030 ) ) ;
#3990 =( GEOMETRIC_REPRESENTATION_CONTEXT ( 3 ) GLOBAL_UNCERTAINTY_ASSIGNED_CONTEXT ( ( #309 ) ) GLOBAL_UNIT_ASSIGNED_CONTEXT ( ( #408, #2124, #1848 ) ) REPRESENTATION_CONTEXT ( 'NONE', 'WORKASPACE' ) );
#3991 = EDGE_CURVE ( 'NONE', #192, #1965, #3492, .T. ) ;
#3992 = CARTESIAN_POINT ( 'NONE',  ( 0.4452664430095720771, 0.2500000000000000555, 0.1962682489450511825 ) ) ;
#3993 = EDGE_CURVE ( 'NONE', #1927, #1231, #3539, .T. ) ;
#3994 = ORIENTED_EDGE ( 'NONE', *, *, #4060, .T. ) ;
#3995 = CARTESIAN_POINT ( 'NONE',  ( 0.2451173818072016342, 0.2550000000000000044, 0.2220657021861815739 ) ) ;
#3996 = ORIENTED_EDGE ( 'NONE', *, *, #1655, .T. ) ;
#3997 = CARTESIAN_POINT ( 'NONE',  ( 0.3926091995954577585, 0.2499999999999998335, 0.3655821531482645881 ) ) ;
#3998 = VECTOR ( 'NONE', #536, 1000.000000000000000 ) ;
#3999 =( NAMED_UNIT ( * ) PLANE_ANGLE_UNIT ( ) SI_UNIT ( $, .RADIAN. ) );
#4000 = CARTESIAN_POINT ( 'NONE',  ( 0.4205789617790521295, 0.2550000000000000044, 0.1315334382496416987 ) ) ;
#4001 = CARTESIAN_POINT ( 'NONE',  ( 0.3752313441487289958, 0.2550000000000000044, 0.3661404989519164710 ) ) ;
#4002 = AXIS2_PLACEMENT_3D ( 'NONE', #1211, #1920, #896 ) ;
#4003 = VERTEX_POINT ( 'NONE', #2478 ) ;
#4004 = VECTOR ( 'NONE', #3826, 1000.000000000000000 ) ;
#4005 = CARTESIAN_POINT ( 'NONE',  ( 0.3715048541190846265, 0.2550000000000000044, 0.1892551212306071706 ) ) ;
#4006 = PLANE ( 'NONE',  #2290 ) ;
#4007 = CARTESIAN_POINT ( 'NONE',  ( 0.4642769106751516439, 0.2500000000000000000, 0.2334973959685482103 ) ) ;
#4008 = ORIENTED_EDGE ( 'NONE', *, *, #2887, .F. ) ;
#4009 = CARTESIAN_POINT ( 'NONE',  ( 0.4985481233498538778, 0.2550000000000000044, 0.2904570443075302211 ) ) ;
#4010 = DIRECTION ( 'NONE',  ( -0.000000000000000000, -1.000000000000000000, -0.000000000000000000 ) ) ;
#4011 = PRESENTATION_LAYER_ASSIGNMENT (  '', '', ( #3659 ) ) ;
#4012 = CARTESIAN_POINT ( 'NONE',  ( 0.4350463232315916473, 0.2549999999999999489, 0.1940212047627142278 ) ) ;
#4013 = CARTESIAN_POINT ( 'NONE',  ( 0.3312143445168359568, 0.2550000000000000044, -0.03983118465375818512 ) ) ;
#4014 = CARTESIAN_POINT ( 'NONE',  ( 0.3715048541190846265, 0.2550000000000000044, 0.1623320443075302599 ) ) ;
#4015 = PRESENTATION_LAYER_ASSIGNMENT (  '', '', ( #3453 ) ) ;
#4016 = CARTESIAN_POINT ( 'NONE',  ( 0.2787028081634196353, 0.2499999999999999445, 0.3469420499860477181 ) ) ;
#4017 = CARTESIAN_POINT ( 'NONE',  ( 0.4289025680023328957, 0.2500000000000000000, 0.1297959221826419374 ) ) ;
#4018 = ORIENTED_EDGE ( 'NONE', *, *, #2957, .F. ) ;
#4019 = CARTESIAN_POINT ( 'NONE',  ( 0.2574768967972126954, 0.2500000000000000000, 0.2131032856617393334 ) ) ;
#4020 = EDGE_CURVE ( 'NONE', #1863, #1113, #3790, .T. ) ;
#4021 = CARTESIAN_POINT ( 'NONE',  ( 0.3609219576591826684, 0.2499999999999999445, 0.1353075209049540151 ) ) ;
#4022 = CARTESIAN_POINT ( 'NONE',  ( 0.4848161154588463972, 0.2550000000000000044, 0.1370760009266509816 ) ) ;
#4023 = LINE ( 'NONE', #4376, #2349 ) ;
#4024 = UNCERTAINTY_MEASURE_WITH_UNIT (LENGTH_MEASURE( 1.000000000000000082E-05 ), #1954, 'distance_accuracy_value', 'NONE');
#4025 = LINE ( 'NONE', #4418, #1911 ) ;
#4026 = EDGE_LOOP ( 'NONE', ( #2593, #3668, #906, #1272 ) ) ;
#4027 = CARTESIAN_POINT ( 'NONE',  ( 0.3715048541190846265, 0.2550000000000000044, 0.1623320443075302599 ) ) ;
#4028 = CARTESIAN_POINT ( 'NONE',  ( 0.4980260946465296934, 0.2500000000000000000, 0.3002986546214612695 ) ) ;
#4029 = VECTOR ( 'NONE', #3296, 1000.000000000000000 ) ;
#4030 = CARTESIAN_POINT ( 'NONE',  ( 0.2718723217780564805, 0.2499999999999999445, 0.2054369774203609611 ) ) ;
#4031 = DIRECTION ( 'NONE',  ( -1.000000000000000000, 0.000000000000000000, 0.000000000000000000 ) ) ;
#4032 = CARTESIAN_POINT ( 'NONE',  ( 0.4735615350573205151, 0.2499999999999997780, 0.1098039747066065080 ) ) ;
#4033 = DIRECTION ( 'NONE',  ( 1.000000000000000000, -0.000000000000000000, 3.097720492815729138E-16 ) ) ;
#4034 = CARTESIAN_POINT ( 'NONE',  ( 0.3033670858935629822, 0.2500000000000000000, -0.007703311381569148686 ) ) ;
#4035 = CARTESIAN_POINT ( 'NONE',  ( 0.4239581713153415810, 0.2550000000000001710, 0.1923379500496305294 ) ) ;
#4036 = CARTESIAN_POINT ( 'NONE',  ( 0.5292755413897419769, 0.2550000000000000600, 0.06117226938640783762 ) ) ;
#4037 = EDGE_CURVE ( 'NONE', #281, #979, #722, .T. ) ;
#4038 = CARTESIAN_POINT ( 'NONE',  ( 0.3715048541190846265, 0.2500000000000000000, 0.1892551212306071706 ) ) ;
#4039 = FILL_AREA_STYLE_COLOUR ( '', #2462 ) ;
#4040 = CARTESIAN_POINT ( 'NONE',  ( 0.4685873095345627348, 0.2500000000000000555, 0.3441728055419675525 ) ) ;
#4041 = CARTESIAN_POINT ( 'NONE',  ( 0.3499999999999999223, 0.000000000000000000, 1.100000000000000755 ) ) ;
#4042 = LINE ( 'NONE', #3355, #291 ) ;
#4043 = SURFACE_SIDE_STYLE ('',( #1299 ) ) ;
#4044 = CARTESIAN_POINT ( 'NONE',  ( 0.3715048541190846265, 0.2550000000000000044, 0.1623320443075302599 ) ) ;
#4045 = ORIENTED_EDGE ( 'NONE', *, *, #1975, .F. ) ;
#4046 = FILL_AREA_STYLE ('',( #2724 ) ) ;
#4047 = CARTESIAN_POINT ( 'NONE',  ( 0.2694343435391757247, 0.2550000000000000044, 0.009429831966789549089 ) ) ;
#4048 = CARTESIAN_POINT ( 'NONE',  ( 0.4712104578500319607, 0.2550000000000000044, -0.02564222643020427558 ) ) ;
#4049 = CARTESIAN_POINT ( 'NONE',  ( 0.3715048541190846265, 0.2500000000000001110, 0.3931012750767610142 ) ) ;
#4050 = CARTESIAN_POINT ( 'NONE',  ( 0.3761127155309559322, 0.2500000000000000000, 0.3930459980255236463 ) ) ;
#4051 = STYLED_ITEM ( 'NONE', ( #2446 ), #4207 ) ;
#4052 = CARTESIAN_POINT ( 'NONE',  ( 0.2139674348922808722, 0.2550000000000000600, 0.2919423256096289054 ) ) ;
#4053 = CARTESIAN_POINT ( 'NONE',  ( 0.2477524364455134798, 0.2500000000000000000, 0.3101136263062266862 ) ) ;
#4054 = EDGE_CURVE ( 'NONE', #1539, #4129, #1420, .T. ) ;
#4055 = CARTESIAN_POINT ( 'NONE',  ( 0.2448670368211717796, 0.2550000000000000600, 0.05638692562451774748 ) ) ;
#4056 = CARTESIAN_POINT ( 'NONE',  ( 0.5293173541190847597, 0.2550000000000000600, 0.2895556019998379860 ) ) ;
#4057 = CARTESIAN_POINT ( 'NONE',  ( 0.5199740492514313139, 0.2500000000000000000, 0.2496509501832518130 ) ) ;
#4058 = SURFACE_SIDE_STYLE ('',( #4125 ) ) ;
#4059 = ORIENTED_EDGE ( 'NONE', *, *, #42, .F. ) ;
#4060 = EDGE_CURVE ( 'NONE', #1363, #3587, #43, .T. ) ;
#4061 = SURFACE_SIDE_STYLE ('',( #307 ) ) ;
#4062 = SURFACE_STYLE_FILL_AREA ( #2693 ) ;
#4063 = VECTOR ( 'NONE', #1594, 1000.000000000000000 ) ;
#4064 = DIRECTION ( 'NONE',  ( 0.000000000000000000, 1.000000000000000000, 0.000000000000000000 ) ) ;
#4065 = VERTEX_POINT ( 'NONE', #1100 ) ;
#4066 =( GEOMETRIC_REPRESENTATION_CONTEXT ( 3 ) GLOBAL_UNCERTAINTY_ASSIGNED_CONTEXT ( ( #3357 ) ) GLOBAL_UNIT_ASSIGNED_CONTEXT ( ( #130, #109, #809 ) ) REPRESENTATION_CONTEXT ( 'NONE', 'WORKASPACE' ) );
#4067 = FILL_AREA_STYLE ('',( #1347 ) ) ;
#4068 = CARTESIAN_POINT ( 'NONE',  ( 0.4820019532783511584, 0.2499999999999999445, 0.3325621779070341844 ) ) ;
#4069 = COLOUR_RGB ( '',0.1098039215686274495, 0.1098039215686274495, 0.1098039215686274495 ) ;
#4070 = CARTESIAN_POINT ( 'NONE',  ( 0.4908558156575461573, 0.2550000000000000044, -0.1799756480001621362 ) ) ;
#4071 = CARTESIAN_POINT ( 'NONE',  ( 0.5164853700966769434, 0.2550000000000000600, 0.01285661629490546763 ) ) ;
#4072 =( GEOMETRIC_REPRESENTATION_CONTEXT ( 3 ) GLOBAL_UNCERTAINTY_ASSIGNED_CONTEXT ( ( #1736 ) ) GLOBAL_UNIT_ASSIGNED_CONTEXT ( ( #1840, #4320, #3641 ) ) REPRESENTATION_CONTEXT ( 'NONE', 'WORKASPACE' ) );
#4073 =( GEOMETRIC_REPRESENTATION_CONTEXT ( 3 ) GLOBAL_UNCERTAINTY_ASSIGNED_CONTEXT ( ( #3626 ) ) GLOBAL_UNIT_ASSIGNED_CONTEXT ( ( #1780, #108, #129 ) ) REPRESENTATION_CONTEXT ( 'NONE', 'WORKASPACE' ) );
#4074 = CARTESIAN_POINT ( 'NONE',  ( 0.2979735486261178568, 0.2550000000000000044, 0.1963683870467829162 ) ) ;
#4075 = PRESENTATION_STYLE_ASSIGNMENT (( #1352 ) ) ;
#4076 = CARTESIAN_POINT ( 'NONE',  ( 0.4685873095345626238, 0.2499999999999997780, 0.1134035747727367566 ) ) ;
#4077 = CARTESIAN_POINT ( 'NONE',  ( 0.2988812081612535754, 0.2500000000000000000, 0.3557244623162266195 ) ) ;
#4078 = DIRECTION ( 'NONE',  ( -0.000000000000000000, 0.000000000000000000, 1.000000000000000000 ) ) ;
#4079 = CARTESIAN_POINT ( 'NONE',  ( 0.4350463232315916473, 0.2500000000000000000, 0.1940212047627142278 ) ) ;
#4080 = SHAPE_DEFINITION_REPRESENTATION ( #1679, #1276 ) ;
#4081 = CARTESIAN_POINT ( 'NONE',  ( 0.5270754121658555169, 0.2550000000000000600, 0.2688751861662262432 ) ) ;
#4082 = DIRECTION ( 'NONE',  ( 0.000000000000000000, -0.000000000000000000, 1.000000000000000000 ) ) ;
#4083 = COLOUR_RGB ( '',0.1098039215686274495, 0.1098039215686274495, 0.1098039215686274495 ) ;
#4084 = EDGE_LOOP ( 'NONE', ( #14, #3905, #2020, #3235 ) ) ;
#4085 = DIRECTION ( 'NONE',  ( 1.257775142094552450E-16, 0.000000000000000000, -1.000000000000000000 ) ) ;
#4086 = VERTEX_POINT ( 'NONE', #432 ) ;
#4087 = FILL_AREA_STYLE ('',( #2739 ) ) ;
#4088 = PLANE ( 'NONE',  #651 ) ;
#4089 = CARTESIAN_POINT ( 'NONE',  ( 0.3680186711902042607, 0.2550000000000000600, 0.3661440160517275832 ) ) ;
#4090 = CARTESIAN_POINT ( 'NONE',  ( 0.3579780709994244137, 0.2550000000000000044, 0.1621671690282746603 ) ) ;
#4091 = CARTESIAN_POINT ( 'NONE',  ( 0.4324996892528283898, 0.2550000000000000044, 0.2212669571639704624 ) ) ;
#4092 = VERTEX_POINT ( 'NONE', #3156 ) ;
#4093 = SURFACE_SIDE_STYLE ('',( #2027 ) ) ;
#4094 =( NAMED_UNIT ( * ) SI_UNIT ( $, .STERADIAN. ) SOLID_ANGLE_UNIT ( ) );
#4095 = FILL_AREA_STYLE_COLOUR ( '', #3858 ) ;
#4096 = ADVANCED_FACE ( 'NONE', ( #88 ), #4374, .T. ) ;
#4097 = LINE ( 'NONE', #4009, #184 ) ;
#4098 = CARTESIAN_POINT ( 'NONE',  ( 0.5228570990087788584, 0.2499999999999999445, 0.3237405736722777094 ) ) ;
#4099 = CARTESIAN_POINT ( 'NONE',  ( 0.2162327779143364825, 0.2549999999999999489, 0.3105948427813340351 ) ) ;
#4100 = LINE ( 'NONE', #46, #20 ) ;
#4101 = CARTESIAN_POINT ( 'NONE',  ( 0.2478055244684747027, 0.2550000000000000600, 0.04003296568510476133 ) ) ;
#4102 = CARTESIAN_POINT ( 'NONE',  ( 0.3856534860068833170, 0.2549999999999999489, 0.1893378524971552901 ) ) ;
#4103 = CARTESIAN_POINT ( 'NONE',  ( 0.3499999999999999223, -0.2550000000000000044, 1.505000000000000338 ) ) ;
#4104 = EDGE_LOOP ( 'NONE', ( #946, #1581, #3335, #3416 ) ) ;
#4105 = PLANE ( 'NONE',  #2110 ) ;
#4106 = SURFACE_STYLE_FILL_AREA ( #4150 ) ;
#4107 = CARTESIAN_POINT ( 'NONE',  ( 0.3850919597461412991, 0.2549999999999999489, 0.3929382807792374255 ) ) ;
#4108 = UNCERTAINTY_MEASURE_WITH_UNIT (LENGTH_MEASURE( 1.000000000000000082E-05 ), #1311, 'distance_accuracy_value', 'NONE');
#4109 = CARTESIAN_POINT ( 'NONE',  ( -0.3499999999999999223, 0.000000000000000000, 1.550000000000000266 ) ) ;
#4110 = ORIENTED_EDGE ( 'NONE', *, *, #1164, .F. ) ;
#4111 = CARTESIAN_POINT ( 'NONE',  ( 0.3834691365183243716, 0.2550000000000000600, 0.2162073678038098357 ) ) ;
#4112 = ORIENTED_EDGE ( 'NONE', *, *, #1083, .T. ) ;
#4113 = SURFACE_STYLE_FILL_AREA ( #2747 ) ;
#4114 = VECTOR ( 'NONE', #1897, 1000.000000000000000 ) ;
#4115 = CARTESIAN_POINT ( 'NONE',  ( 0.4120316229970328870, 0.2499999999999998890, -0.03981448432465694437 ) ) ;
#4116 = CARTESIAN_POINT ( 'NONE',  ( 0.2521063102726366356, 0.2500000000000000555, 0.3636629979881789709 ) ) ;
#4117 = CARTESIAN_POINT ( 'NONE',  ( 0.2448670368211717796, 0.2500000000000000555, 0.05638692562451774748 ) ) ;
#4118 = CARTESIAN_POINT ( 'NONE',  ( 0.2587306498150886425, 0.2550000000000000600, 0.3681515161366792910 ) ) ;
#4119 = CARTESIAN_POINT ( 'NONE',  ( 0.2609306113884458656, 0.2499999999999999445, 0.3325180337801624808 ) ) ;
#4120 = FACE_OUTER_BOUND ( 'NONE', #312, .T. ) ;
#4121 = CARTESIAN_POINT ( 'NONE',  ( 0.3680186711902042607, 0.2500000000000000555, 0.3661440160517275832 ) ) ;
#4122 = SURFACE_STYLE_USAGE ( .BOTH. , #728 ) ;
#4123 = PRESENTATION_LAYER_ASSIGNMENT (  '', '', ( #2539 ) ) ;
#4124 = ORIENTED_EDGE ( 'NONE', *, *, #2169, .T. ) ;
#4125 = SURFACE_STYLE_FILL_AREA ( #1707 ) ;
#4126 = EDGE_LOOP ( 'NONE', ( #4308, #334, #2822, #868 ) ) ;
#4127 = SURFACE_STYLE_USAGE ( .BOTH. , #53 ) ;
#4128 = ADVANCED_FACE ( 'NONE', ( #1582 ), #606, .F. ) ;
#4129 = VERTEX_POINT ( 'NONE', #2991 ) ;
#4130 = CARTESIAN_POINT ( 'NONE',  ( 0.4912969234374190974, 0.2550000000000000044, 0.2612926286687541344 ) ) ;
#4131 = ORIENTED_EDGE ( 'NONE', *, *, #2461, .F. ) ;
#4132 = CARTESIAN_POINT ( 'NONE',  ( 0.3325618936002194270, 0.2550000000000000044, 0.1604901432391893368 ) ) ;
#4133 = CARTESIAN_POINT ( 'NONE',  ( 0.3715048541190846265, 0.2550000000000000044, -0.04151410953862359754 ) ) ;
#4134 = COLOUR_RGB ( '',0.1098039215686274495, 0.1098039215686274495, 0.1098039215686274495 ) ;
#4135 = FILL_AREA_STYLE_COLOUR ( '', #1070 ) ;
#4136 = PRESENTATION_STYLE_ASSIGNMENT (( #2674 ) ) ;
#4137 = AXIS2_PLACEMENT_3D ( 'NONE', #1199, #3955, #2296 ) ;
#4138 = PRESENTATION_LAYER_ASSIGNMENT (  '', '', ( #925 ) ) ;
#4139 = CARTESIAN_POINT ( 'NONE',  ( 0.2587306498150886425, 0.2500000000000001665, 0.3681515161366792910 ) ) ;
#4140 = SURFACE_SIDE_STYLE ('',( #2519 ) ) ;
#4141 = DIRECTION ( 'NONE',  ( -0.000000000000000000, -0.000000000000000000, -1.000000000000000000 ) ) ;
#4142 = COLOUR_RGB ( '',0.1098039215686274495, 0.1098039215686274495, 0.1098039215686274495 ) ;
#4143 = SURFACE_STYLE_USAGE ( .BOTH. , #390 ) ;
#4144 =( GEOMETRIC_REPRESENTATION_CONTEXT ( 3 ) GLOBAL_UNCERTAINTY_ASSIGNED_CONTEXT ( ( #2995 ) ) GLOBAL_UNIT_ASSIGNED_CONTEXT ( ( #937, #2363, #286 ) ) REPRESENTATION_CONTEXT ( 'NONE', 'WORKASPACE' ) );
#4145 = EDGE_CURVE ( 'NONE', #2138, #3450, #3353, .T. ) ;
#4146 = CARTESIAN_POINT ( 'NONE',  ( 0.2404448837047403476, 0.2500000000000000000, 0.3537087067573583821 ) ) ;
#4147 = CARTESIAN_POINT ( 'NONE',  ( 0.5199353461137072863, 0.2500000000000000000, 0.09930874927267417662 ) ) ;
#4148 = ORIENTED_EDGE ( 'NONE', *, *, #3991, .F. ) ;
#4149 = DIRECTION ( 'NONE',  ( 0.000000000000000000, -1.000000000000000000, 0.000000000000000000 ) ) ;
#4150 = FILL_AREA_STYLE ('',( #3801 ) ) ;
#4151 = SURFACE_STYLE_FILL_AREA ( #11 ) ;
#4152 = CARTESIAN_POINT ( 'NONE',  ( -0.3499999999999999778, 0.000000000000000000, 1.100000000000000311 ) ) ;
#4153 = B_SPLINE_CURVE_WITH_KNOTS ( 'NONE', 3,
 ( #959, #2045, #648, #1664, #3758, #2993, #3692, #1005, #4326, #3017, #2645, #2618, #287, #2023, #4022, #3331, #689, #1625, #1369, #1955, #2340, #3713, #3420, #350, #2719, #3670, #4353 ),
 .UNSPECIFIED., .F., .F.,
 ( 4, 1, 1, 1, 1, 1, 1, 1, 1, 1, 1, 1, 1, 1, 1, 1, 1, 1, 1, 1, 1, 1, 1, 1, 4 ),
 ( 0.000000000000000000, 0.03378811616271036600, 0.06719393237388002205, 0.09986241085682509566, 0.1325666121262583930, 0.1651511732547863709, 0.1979131873557919419, 0.2313190035669618894, 0.2650832782673731569, 0.2992553087581145133, 0.3343985665049785116, 0.3699428235093078499, 0.4062835607000607197, 0.4440638196985083330, 0.4829977068727754341, 0.5233544466133044359, 0.5655365896041492091, 0.6096129240658194615, 0.6563908113764169716, 0.7058854949364574694, 0.7583245002617312602, 0.8138317829411503279, 0.8727945590393898501, 0.9347222295400738901, 1.000000000000000000 ),
 .UNSPECIFIED. ) ;
#4154 = STYLED_ITEM ( 'NONE', ( #1609 ), #2407 ) ;
#4155 = CARTESIAN_POINT ( 'NONE',  ( 0.2790928080514478715, 0.2550000000000000044, 0.2333764648034545586 ) ) ;
#4156 = ORIENTED_EDGE ( 'NONE', *, *, #1841, .T. ) ;
#4157 = CARTESIAN_POINT ( 'NONE',  ( 0.3449037504082403394, 0.2499999999999998335, 0.1616042335444328737 ) ) ;
#4158 = CARTESIAN_POINT ( 'NONE',  ( 0.2962043733498538334, 0.2500000000000000000, 0.1240507943075302433 ) ) ;
#4159 = CARTESIAN_POINT ( 'NONE',  ( 0.2690366555843885510, 0.2500000000000001110, 0.1094612920285743668 ) ) ;
#4160 = LINE ( 'NONE', #3830, #4344 ) ;
#4161 = DIRECTION ( 'NONE',  ( 0.000000000000000000, 0.000000000000000000, 1.000000000000000000 ) ) ;
#4162 = CARTESIAN_POINT ( 'NONE',  ( 0.2962043733498538334, 0.2550000000000000044, 0.3548200250767610253 ) ) ;
#4163 = DIRECTION ( 'NONE',  ( -1.000000000000000000, 0.000000000000000000, -0.000000000000000000 ) ) ;
#4164 = FACE_BOUND ( 'NONE', #2162, .T. ) ;
#4165 = CARTESIAN_POINT ( 'NONE',  ( 0.3499999999999999223, -0.005000000000000000104, 0.6500000000000007994 ) ) ;
#4166 = FACE_OUTER_BOUND ( 'NONE', #1537, .T. ) ;
#4167 = VERTEX_POINT ( 'NONE', #3975 ) ;
#4168 = CARTESIAN_POINT ( 'NONE',  ( 0.2139729051418194083, 0.2500000000000000000, 0.05642036136487479925 ) ) ;
#4169 = EDGE_CURVE ( 'NONE', #2222, #3400, #2714, .T. ) ;
#4170 = STYLED_ITEM ( 'NONE', ( #2961 ), #434 ) ;
#4171 = CARTESIAN_POINT ( 'NONE',  ( 0.3439268052813400089, 0.2549999999999999489, -0.04081902008653240377 ) ) ;
#4172 = ORIENTED_EDGE ( 'NONE', *, *, #3774, .F. ) ;
#4173 = CARTESIAN_POINT ( 'NONE',  ( 0.4820830765531594619, 0.2550000000000000044, 0.01736579399005554192 ) ) ;
#4174 = EDGE_LOOP ( 'NONE', ( #1685, #3265, #3045, #1076, #1128 ) ) ;
#4175 = CARTESIAN_POINT ( 'NONE',  ( 0.3043163308106933695, 0.2500000000000001110, 0.1267916270183495620 ) ) ;
#4176 = CARTESIAN_POINT ( 'NONE',  ( 0.2988812081612536309, 0.2550000000000000044, 0.1249552315469958791 ) ) ;
#4177 = SURFACE_STYLE_FILL_AREA ( #3473 ) ;
#4178 = ORIENTED_EDGE ( 'NONE', *, *, #2599, .F. ) ;
#4179 = CARTESIAN_POINT ( 'NONE',  ( 0.2521063102726366356, 0.2549999999999999489, 0.3636629979881789709 ) ) ;
#4180 = VECTOR ( 'NONE', #973, 1000.000000000000000 ) ;
#4181 = CARTESIAN_POINT ( 'NONE',  ( 0.2478055244684747027, 0.2550000000000000600, 0.2708021964543356197 ) ) ;
#4182 = CARTESIAN_POINT ( 'NONE',  ( -0.8000000000000001554, 0.000000000000000000, 1.550000000000000266 ) ) ;
#4183 = VECTOR ( 'NONE', #1054, 1000.000000000000000 ) ;
#4184 = SURFACE_SIDE_STYLE ('',( #1464 ) ) ;
#4185 = CARTESIAN_POINT ( 'NONE',  ( 0.5270670976866719259, 0.2500000000000000000, 0.07978478931693923359 ) ) ;
#4186 = DIRECTION ( 'NONE',  ( 0.000000000000000000, 0.000000000000000000, -1.000000000000000000 ) ) ;
#4187 = EDGE_CURVE ( 'NONE', #2185, #611, #1827, .T. ) ;
#4188 = ORIENTED_EDGE ( 'NONE', *, *, #97, .T. ) ;
#4189 = VERTEX_POINT ( 'NONE', #132 ) ;
#4190 = CARTESIAN_POINT ( 'NONE',  ( 0.7500000000000001110, -0.2500000000000000000, -1.500000000000000000 ) ) ;
#4191 = CARTESIAN_POINT ( 'NONE',  ( 0.4983742236826438909, 0.2499999999999999445, 0.05636962346420985176 ) ) ;
#4192 = VERTEX_POINT ( 'NONE', #2594 ) ;
#4193 = PLANE ( 'NONE',  #3865 ) ;
#4194 = EDGE_CURVE ( 'NONE', #4092, #3381, #103, .T. ) ;
#4195 = ORIENTED_EDGE ( 'NONE', *, *, #2174, .F. ) ;
#4196 = CARTESIAN_POINT ( 'NONE',  ( 0.2962043733498538334, 0.2550000000000000044, 0.1240507943075302433 ) ) ;
#4197 = CARTESIAN_POINT ( 'NONE',  ( 0.3043163308106933695, 0.2550000000000001155, 0.1267916270183495620 ) ) ;
#4198 = PRESENTATION_STYLE_ASSIGNMENT (( #3517 ) ) ;
#4199 = ORIENTED_EDGE ( 'NONE', *, *, #2833, .F. ) ;
#4200 = CARTESIAN_POINT ( 'NONE',  ( 0.2139327387344692466, 0.2550000000000000044, 0.2895556019998379305 ) ) ;
#4201 = COLOUR_RGB ( '',0.1098039215686274495, 0.1098039215686274495, 0.1098039215686274495 ) ;
#4202 = CARTESIAN_POINT ( 'NONE',  ( 0.2448670368211717796, 0.2550000000000000600, 0.2871561563937485295 ) ) ;
#4203 = CARTESIAN_POINT ( 'NONE',  ( 0.2347983456523144719, 0.2500000000000000000, 0.001558246038440029048 ) ) ;
#4204 = CARTESIAN_POINT ( 'NONE',  ( 0.2941109360743368040, 0.2549999999999999489, 0.3540439526595299813 ) ) ;
#4205 = LINE ( 'NONE', #3542, #1255 ) ;
#4206 = VECTOR ( 'NONE', #455, 1000.000000000000114 ) ;
#4207 = ADVANCED_FACE ( 'NONE', ( #1365 ), #3757, .T. ) ;
#4208 = SURFACE_STYLE_FILL_AREA ( #462 ) ;
#4209 = LINE ( 'NONE', #416, #360 ) ;
#4210 = MECHANICAL_DESIGN_GEOMETRIC_PRESENTATION_REPRESENTATION (  '', ( #142 ), #4144 ) ;
#4211 = CARTESIAN_POINT ( 'NONE',  ( -0.7550000000000002265, -0.2550000000000000044, 1.100000000000000089 ) ) ;
#4212 = FILL_AREA_STYLE ('',( #3484 ) ) ;
#4213 = DIRECTION ( 'NONE',  ( 0.000000000000000000, 0.000000000000000000, -1.000000000000000000 ) ) ;
#4214 = CARTESIAN_POINT ( 'NONE',  ( 0.2139327387344692466, 0.2550000000000000044, 0.05878637123060716924 ) ) ;
#4215 = CARTESIAN_POINT ( 'NONE',  ( 0.3574562401603848527, 0.2550000000000000600, -0.04143186214433881159 ) ) ;
#4216 = CARTESIAN_POINT ( 'NONE',  ( 0.4912969234374189864, 0.2549999999999999489, 0.03052339789952335930 ) ) ;
#4217 = ORIENTED_EDGE ( 'NONE', *, *, #3112, .T. ) ;
#4218 = CARTESIAN_POINT ( 'NONE',  ( 0.4151593434850235909, 0.2499999999999999445, -0.01234270979064651906 ) ) ;
#4219 = CARTESIAN_POINT ( 'NONE',  ( 0.4588464415272900943, 0.2499999999999998335, 0.2305779288853384845 ) ) ;
#4220 = CARTESIAN_POINT ( 'NONE',  ( 0.3215934521837010562, 0.2550000000000000044, 0.1310222418875869876 ) ) ;
#4221 = EDGE_CURVE ( 'NONE', #3467, #3450, #2761, .T. ) ;
#4222 =( GEOMETRIC_REPRESENTATION_CONTEXT ( 3 ) GLOBAL_UNCERTAINTY_ASSIGNED_CONTEXT ( ( #3036 ) ) GLOBAL_UNIT_ASSIGNED_CONTEXT ( ( #3771, #2032, #2083 ) ) REPRESENTATION_CONTEXT ( 'NONE', 'WORKASPACE' ) );
#4223 = ORIENTED_EDGE ( 'NONE', *, *, #2988, .T. ) ;
#4224 = CARTESIAN_POINT ( 'NONE',  ( 0.2140521054570817538, 0.2500000000000000555, 0.2825242824974674161 ) ) ;
#4225 = MECHANICAL_DESIGN_GEOMETRIC_PRESENTATION_REPRESENTATION (  '', ( #3228 ), #1380 ) ;
#4226 = EDGE_CURVE ( 'NONE', #1768, #2686, #3737, .T. ) ;
#4227 = CARTESIAN_POINT ( 'NONE',  ( 0.2845240670205326783, 0.2550000000000000600, 0.2304581920132520445 ) ) ;
#4228 = DIRECTION ( 'NONE',  ( -1.000000000000000000, 7.796643232561547150E-14, 0.000000000000000000 ) ) ;
#4229 = CARTESIAN_POINT ( 'NONE',  ( 0.2451125446705800237, 0.2550000000000001155, 0.3004164438652833224 ) ) ;
#4230 = EDGE_CURVE ( 'NONE', #4412, #3150, #2785, .T. ) ;
#4231 = CARTESIAN_POINT ( 'NONE',  ( 0.2903682165199150123, 0.2500000000000000000, 0.3829136533001883391 ) ) ;
#4232 = SURFACE_STYLE_USAGE ( .BOTH. , #1508 ) ;
#4233 = CARTESIAN_POINT ( 'NONE',  ( 0.2447019695037000453, 0.2500000000000000000, 0.05968781353829947373 ) ) ;
#4234 = FILL_AREA_STYLE ('',( #1167 ) ) ;
#4235 = FACE_OUTER_BOUND ( 'NONE', #4084, .T. ) ;
#4236 =( NAMED_UNIT ( * ) PLANE_ANGLE_UNIT ( ) SI_UNIT ( $, .RADIAN. ) );
#4237 = SURFACE_STYLE_FILL_AREA ( #2587 ) ;
#4238 = DIRECTION ( 'NONE',  ( 0.000000000000000000, 1.000000000000000000, 0.000000000000000000 ) ) ;
#4239 = CARTESIAN_POINT ( 'NONE',  ( 0.4468260874201818722, 0.2550000000000000044, -0.005402041832750806467 ) ) ;
#4240 = ORIENTED_EDGE ( 'NONE', *, *, #3886, .T. ) ;
#4241 = CARTESIAN_POINT ( 'NONE',  ( 0.3716250464267769060, 0.2550000000000000044, 0.2161781981536840813 ) ) ;
#4242 =( LENGTH_UNIT ( ) NAMED_UNIT ( * ) SI_UNIT ( .MILLI., .METRE. ) );
#4243 = ADVANCED_FACE ( 'NONE', ( #349 ), #4393, .F. ) ;
#4244 = DIRECTION ( 'NONE',  ( -0.000000000000000000, 1.000000000000000000, -0.000000000000000000 ) ) ;
#4245 = ORIENTED_EDGE ( 'NONE', *, *, #1115, .F. ) ;
#4246 = CARTESIAN_POINT ( 'NONE',  ( 0.3499999999999999223, -0.005000000000000000104, -1.550000000000000266 ) ) ;
#4247 = AXIS2_PLACEMENT_3D ( 'NONE', #508, #3660, #3636 ) ;
#4248 = CARTESIAN_POINT ( 'NONE',  ( 0.2347983456523144441, 0.2550000000000000044, 0.2323274768076707963 ) ) ;
#4249 = DIRECTION ( 'NONE',  ( -1.000000000000000000, 0.000000000000000000, 1.070816960479510155E-15 ) ) ;
#4250 = CARTESIAN_POINT ( 'NONE',  ( 0.4914405513017248706, 0.2500000000000001110, 0.3633833233645176741 ) ) ;
#4251 = CARTESIAN_POINT ( 'NONE',  ( 0.2736565952342381869, 0.2549999999999999489, 0.1129620413018266462 ) ) ;
#4252 = CARTESIAN_POINT ( 'NONE',  ( 0.3676180150993511586, 0.2550000000000000600, -0.01458079429701289627 ) ) ;
#4253 = LINE ( 'NONE', #1534, #3286 ) ;
#4254 = FACE_OUTER_BOUND ( 'NONE', #1793, .T. ) ;
#4255 = DIRECTION ( 'NONE',  ( 0.000000000000000000, 0.000000000000000000, -1.000000000000000000 ) ) ;
#4256 = CARTESIAN_POINT ( 'NONE',  ( 0.3716250464267769060, 0.2500000000000000000, 0.1354089673844532937 ) ) ;
#4257 = ORIENTED_EDGE ( 'NONE', *, *, #1860, .F. ) ;
#4258 = CARTESIAN_POINT ( 'NONE',  ( 0.4241973999450051602, 0.2500000000000000555, -0.01101908015182492991 ) ) ;
#4259 = EDGE_CURVE ( 'NONE', #2335, #3106, #376, .T. ) ;
#4260 = CARTESIAN_POINT ( 'NONE',  ( 0.4779873555264082530, 0.2550000000000000600, 0.3366511222268447345 ) ) ;
#4261 = VERTEX_POINT ( 'NONE', #2021 ) ;
#4262 = CARTESIAN_POINT ( 'NONE',  ( 0.4692927124641249614, 0.2500000000000000555, 0.2367659397533434795 ) ) ;
#4263 = EDGE_LOOP ( 'NONE', ( #1407, #1775, #2043, #1795 ) ) ;
#4264 = FILL_AREA_STYLE ('',( #2910 ) ) ;
#4265 = CARTESIAN_POINT ( 'NONE',  ( 0.2845240670205327338, 0.2500000000000000000, -0.0003110387559787204052 ) ) ;
#4266 = CARTESIAN_POINT ( 'NONE',  ( 0.3926091995954580915, 0.2550000000000000600, 0.1348129223790340281 ) ) ;
#4267 = CARTESIAN_POINT ( 'NONE',  ( 0.2448389221446900244, 0.2550000000000000044, 0.2937791304494513089 ) ) ;
#4268 = AXIS2_PLACEMENT_3D ( 'NONE', #2476, #2996, #4329 ) ;
#4269 = CARTESIAN_POINT ( 'NONE',  ( -0.6602579508131062314, 0.2500000000000000000, 1.359762003597620783 ) ) ;
#4270 = AXIS2_PLACEMENT_3D ( 'NONE', #2691, #626, #2046 ) ;
#4271 =( LENGTH_UNIT ( ) NAMED_UNIT ( * ) SI_UNIT ( .MILLI., .METRE. ) );
#4272 = CARTESIAN_POINT ( 'NONE',  ( 0.3667365284075024268, 0.2550000000000000600, -0.04148619344910531997 ) ) ;
#4273 = CARTESIAN_POINT ( 'NONE',  ( 0.4848161154588463972, 0.2550000000000000044, 0.1370760009266509816 ) ) ;
#4274 = VECTOR ( 'NONE', #4010, 1000.000000000000000 ) ;
#4275 = VECTOR ( 'NONE', #4255, 1000.000000000000000 ) ;
#4276 = CARTESIAN_POINT ( 'NONE',  ( 0.3834691365183244827, 0.2500000000000000000, -0.01456186296542092556 ) ) ;
#4277 = EDGE_CURVE ( 'NONE', #3106, #423, #1818, .T. ) ;
#4278 = COLOUR_RGB ( '',0.1098039215686274495, 0.1098039215686274495, 0.1098039215686274495 ) ;
#4279 = VERTEX_POINT ( 'NONE', #2526 ) ;
#4280 = CARTESIAN_POINT ( 'NONE',  ( 0.2139729051418194083, 0.2550000000000000044, 0.2871895921341056090 ) ) ;
#4281 = ORIENTED_EDGE ( 'NONE', *, *, #2794, .F. ) ;
#4282 = CARTESIAN_POINT ( 'NONE',  ( 0.3947895301926683254, 0.2500000000000000555, -0.01404000543975725962 ) ) ;
#4283 = CARTESIAN_POINT ( 'NONE',  ( 0.4781948957862314775, 0.2550000000000000600, 0.2440959329934860034 ) ) ;
#4284 = CARTESIAN_POINT ( 'NONE',  ( 0.3715048541190846265, 0.2550000000000000044, 0.1623320443075302599 ) ) ;
#4285 = UNCERTAINTY_MEASURE_WITH_UNIT (LENGTH_MEASURE( 1.000000000000000082E-05 ), #327, 'distance_accuracy_value', 'NONE');
#4286 = CARTESIAN_POINT ( 'NONE',  ( 0.5270754121658554059, 0.2500000000000000000, 0.03810595539699544038 ) ) ;
#4287 = EDGE_LOOP ( 'NONE', ( #2987, #2737, #199, #171, #3743 ) ) ;
#4288 = MECHANICAL_DESIGN_GEOMETRIC_PRESENTATION_REPRESENTATION (  '', ( #2439 ), #2505 ) ;
#4289 = SURFACE_STYLE_USAGE ( .BOTH. , #2956 ) ;
#4290 = COLOUR_RGB ( '',0.1098039215686274495, 0.1098039215686274495, 0.1098039215686274495 ) ;
#4291 = ORIENTED_EDGE ( 'NONE', *, *, #2036, .T. ) ;
#4292 = LINE ( 'NONE', #3589, #1446 ) ;
#4293 = PLANE ( 'NONE',  #531 ) ;
#4294 = CARTESIAN_POINT ( 'NONE',  ( 0.3499999999999999223, 0.000000000000000000, -1.505000000000000115 ) ) ;
#4295 = CARTESIAN_POINT ( 'NONE',  ( 0.5080823443267480366, 0.2550000000000000600, 0.3479710072854499958 ) ) ;
#4296 = CARTESIAN_POINT ( 'NONE',  ( 0.2718723217780564805, 0.2500000000000000000, -0.02533225334886974808 ) ) ;
#4297 = CARTESIAN_POINT ( 'NONE',  ( 0.5292755413897419769, 0.2500000000000000555, 0.06117226938640783762 ) ) ;
#4298 = SURFACE_STYLE_FILL_AREA ( #486 ) ;
#4299 = LINE ( 'NONE', #1880, #582 ) ;
#4300 = VERTEX_POINT ( 'NONE', #167 ) ;
#4301 = CARTESIAN_POINT ( 'NONE',  ( 0.4631644588648077820, 0.2499999999999999445, 0.3475451164375318869 ) ) ;
#4302 = CARTESIAN_POINT ( 'NONE',  ( 0.4912969234374189864, 0.2549999999999999489, 0.03052339789952335930 ) ) ;
#4303 = SURFACE_SIDE_STYLE ('',( #2531 ) ) ;
#4304 = CARTESIAN_POINT ( 'NONE',  ( 0.4685873095345627348, 0.2550000000000000600, 0.3441728055419675525 ) ) ;
#4305 = EDGE_LOOP ( 'NONE', ( #2076, #891, #2302, #3128, #1293, #1930, #2091, #846 ) ) ;
#4306 = CARTESIAN_POINT ( 'NONE',  ( 0.5216250464267768727, 0.2500000000000000000, -0.1530525710770851977 ) ) ;
#4307 = CARTESIAN_POINT ( 'NONE',  ( 0.3676180150993510476, 0.2499999999999999445, 0.2161884364722178598 ) ) ;
#4308 = ORIENTED_EDGE ( 'NONE', *, *, #2502, .F. ) ;
#4309 =( LENGTH_UNIT ( ) NAMED_UNIT ( * ) SI_UNIT ( .MILLI., .METRE. ) );
#4310 = LINE ( 'NONE', #3610, #1722 ) ;
#4311 = CARTESIAN_POINT ( 'NONE',  ( 0.3926091995954580915, 0.2499999999999998890, 0.1348129223790340281 ) ) ;
#4312 = CARTESIAN_POINT ( 'NONE',  ( -0.3462891350418384473, 0.2550000000000000044, -1.359762003597620783 ) ) ;
#4313 = CARTESIAN_POINT ( 'NONE',  ( 0.4786180227454666092, 0.2499999999999998890, -0.02200466566272002780 ) ) ;
#4314 = LINE ( 'NONE', #2567, #4114 ) ;
#4315 =( LENGTH_UNIT ( ) NAMED_UNIT ( * ) SI_UNIT ( .MILLI., .METRE. ) );
#4316 = CARTESIAN_POINT ( 'NONE',  ( 0.2231860189739853229, 0.2499999999999999445, 0.01900815782039452784 ) ) ;
#4317 = ADVANCED_FACE ( 'NONE', ( #1514 ), #2876, .T. ) ;
#4318 = CARTESIAN_POINT ( 'NONE',  ( 0.5270670976866719259, 0.2550000000000000044, 0.07978478931693923359 ) ) ;
#4319 = VECTOR ( 'NONE', #2086, 1000.000000000000000 ) ;
#4320 =( NAMED_UNIT ( * ) PLANE_ANGLE_UNIT ( ) SI_UNIT ( $, .RADIAN. ) );
#4321 = ORIENTED_EDGE ( 'NONE', *, *, #1035, .T. ) ;
#4322 = CARTESIAN_POINT ( 'NONE',  ( 0.4983742392490947970, 0.2500000000000000000, 0.06296598492727233098 ) ) ;
#4323 = ORIENTED_EDGE ( 'NONE', *, *, #450, .T. ) ;
#4324 = CARTESIAN_POINT ( 'NONE',  ( 0.4820019532783511584, 0.2499999999999999445, 0.3325621779070341844 ) ) ;
#4325 = DIRECTION ( 'NONE',  ( -9.637352644315596722E-16, 0.000000000000000000, -1.000000000000000000 ) ) ;
#4326 = CARTESIAN_POINT ( 'NONE',  ( 0.5165343003413240819, 0.2550000000000000044, 0.1054979276991352827 ) ) ;
#4327 = CARTESIAN_POINT ( 'NONE',  ( 0.4024302860308480168, 0.2549999999999999489, 0.1340342281553511539 ) ) ;
#4328 = UNCERTAINTY_MEASURE_WITH_UNIT (LENGTH_MEASURE( 1.000000000000000082E-05 ), #4315, 'distance_accuracy_value', 'NONE');
#4329 = DIRECTION ( 'NONE',  ( -1.000000000000000000, 0.000000000000000000, -3.097720492815729631E-16 ) ) ;
#4330 = EDGE_CURVE ( 'NONE', #4129, #2344, #484, .T. ) ;
#4331 = ORIENTED_EDGE ( 'NONE', *, *, #87, .T. ) ;
#4332 = DIRECTION ( 'NONE',  ( 0.000000000000000000, -1.000000000000000000, 0.000000000000000000 ) ) ;
#4333 = LINE ( 'NONE', #3313, #3281 ) ;
#4334 = MECHANICAL_DESIGN_GEOMETRIC_PRESENTATION_REPRESENTATION (  '', ( #4051 ), #3344 ) ;
#4335 = ORIENTED_EDGE ( 'NONE', *, *, #1099, .T. ) ;
#4336 = CARTESIAN_POINT ( 'NONE',  ( 0.3715048541190846265, 0.2499999999999999445, 0.1892551212306071706 ) ) ;
#4337 = FILL_AREA_STYLE ('',( #1943 ) ) ;
#4338 =( NAMED_UNIT ( * ) SI_UNIT ( $, .STERADIAN. ) SOLID_ANGLE_UNIT ( ) );
#4339 = ADVANCED_FACE ( 'NONE', ( #4254 ), #1838, .F. ) ;
#4340 =( NAMED_UNIT ( * ) SI_UNIT ( $, .STERADIAN. ) SOLID_ANGLE_UNIT ( ) );
#4341 = CARTESIAN_POINT ( 'NONE',  ( 0.4632751383998677253, 0.2550000000000000044, 0.2017852898145152674 ) ) ;
#4342 = CARTESIAN_POINT ( 'NONE',  ( 0.2202767865370283407, 0.2500000000000000555, 0.02517426183241617405 ) ) ;
#4343 = CARTESIAN_POINT ( 'NONE',  ( 0.4435254987353815515, 0.2500000000000000555, 0.1548045759547006517 ) ) ;
#4344 = VECTOR ( 'NONE', #3218, 1000.000000000000000 ) ;
#4345 = DIRECTION ( 'NONE',  ( 0.000000000000000000, 1.000000000000000000, 0.000000000000000000 ) ) ;
#4346 = ORIENTED_EDGE ( 'NONE', *, *, #27, .F. ) ;
#4347 = CARTESIAN_POINT ( 'NONE',  ( 0.2265602760167029495, 0.2549999999999998934, 0.2437536797029685731 ) ) ;
#4348 = ORIENTED_EDGE ( 'NONE', *, *, #770, .F. ) ;
#4349 = CARTESIAN_POINT ( 'NONE',  ( -0.7500000000000002220, -0.2500000000000000000, -1.500000000000000000 ) ) ;
#4350 = COLOUR_RGB ( '',0.1098039215686274495, 0.1098039215686274495, 0.1098039215686274495 ) ;
#4351 = CARTESIAN_POINT ( 'NONE',  ( 0.3215934521837010562, 0.2500000000000000000, 0.1310222418875869876 ) ) ;
#4352 = STYLED_ITEM ( 'NONE', ( #1741 ), #262 ) ;
#4353 = CARTESIAN_POINT ( 'NONE',  ( 0.3715048541190846265, 0.2550000000000000044, 0.1623320443075302599 ) ) ;
#4354 = CARTESIAN_POINT ( 'NONE',  ( 0.2451173818072016897, 0.2550000000000000600, -0.008703528583049190831 ) ) ;
#4355 = CARTESIAN_POINT ( 'NONE',  ( 0.4919248874227036272, 0.2500000000000000000, -0.01364085800772288359 ) ) ;
#4356 = EDGE_CURVE ( 'NONE', #2066, #2138, #1492, .T. ) ;
#4357 = ORIENTED_EDGE ( 'NONE', *, *, #4367, .T. ) ;
#4358 = CARTESIAN_POINT ( 'NONE',  ( 0.2216250464267769393, 0.2500000000000000000, -0.1799756480001621362 ) ) ;
#4359 =( NAMED_UNIT ( * ) PLANE_ANGLE_UNIT ( ) SI_UNIT ( $, .RADIAN. ) );
#4360 = EDGE_CURVE ( 'NONE', #8, #763, #1469, .T. ) ;
#4361 = CARTESIAN_POINT ( 'NONE',  ( 0.3716250464267769615, 0.2550000000000000600, -0.01459103261554668164 ) ) ;
#4362 = EDGE_CURVE ( 'NONE', #3088, #1822, #3844, .T. ) ;
#4363 = CARTESIAN_POINT ( 'NONE',  ( 0.3574562401603848527, 0.2500000000000000000, 0.1893373686248920051 ) ) ;
#4364 = CARTESIAN_POINT ( 'NONE',  ( 0.5251881570081580186, 0.2500000000000000555, 0.3172155748321827118 ) ) ;
#4365 = CARTESIAN_POINT ( 'NONE',  ( 0.3822869060884304671, 0.2550000000000000044, 0.1352975113623516024 ) ) ;
#4366 = CARTESIAN_POINT ( 'NONE',  ( -0.3499999999999998668, -0.005000000000000000104, -1.550000000000000266 ) ) ;
#4367 = EDGE_CURVE ( 'NONE', #955, #563, #1129, .T. ) ;
#4368 = CARTESIAN_POINT ( 'NONE',  ( 0.2965452994871731751, 0.2500000000000000000, -0.005517995235309650602 ) ) ;
#4369 = CARTESIAN_POINT ( 'NONE',  ( -0.7999999999999999334, -0.005000000000000000104, 0.6500000000000003553 ) ) ;
#4370 = CARTESIAN_POINT ( 'NONE',  ( 0.4777203346176338572, 0.2500000000000000555, 0.1413251522611165267 ) ) ;
#4371 = CARTESIAN_POINT ( 'NONE',  ( 0.4712104578500320717, 0.2500000000000001110, 0.2051270043390265585 ) ) ;
#4372 = DIRECTION ( 'NONE',  ( -1.000000000000000000, 0.000000000000000000, -0.000000000000000000 ) ) ;
#4373 = ORIENTED_EDGE ( 'NONE', *, *, #3270, .T. ) ;
#4374 = PLANE ( 'NONE',  #1624 ) ;
#4375 = CARTESIAN_POINT ( 'NONE',  ( 0.3756521501242605088, 0.2500000000000000000, -0.01458111465604385905 ) ) ;
#4376 = CARTESIAN_POINT ( 'NONE',  ( 0.5216250464267768727, 0.2500000000000000000, -0.1530525710770851977 ) ) ;
#4377 = UNCERTAINTY_MEASURE_WITH_UNIT (LENGTH_MEASURE( 1.000000000000000082E-05 ), #3317, 'distance_accuracy_value', 'NONE');
#4378 = CARTESIAN_POINT ( 'NONE',  ( 0.7999999999999999334, 0.2500000000000000000, 1.550000000000000266 ) ) ;
#4379 = VERTEX_POINT ( 'NONE', #1859 ) ;
#4380 = CARTESIAN_POINT ( 'NONE',  ( 0.2139674348922808722, 0.2499999999999999445, 0.06117309484039811646 ) ) ;
#4381 = EDGE_CURVE ( 'NONE', #824, #4379, #2487, .T. ) ;
#4382 = CARTESIAN_POINT ( 'NONE',  ( 0.4912568901640653185, 0.2550000000000000044, 0.3193371939639387258 ) ) ;
#4383 = CARTESIAN_POINT ( 'NONE',  ( 0.2740795347585978647, 0.2549999999999999489, 0.005878927304729142031 ) ) ;
#4384 = CARTESIAN_POINT ( 'NONE',  ( 0.2353964195976297746, 0.2549999999999999489, 0.3482459893998075540 ) ) ;
#4385 = PRESENTATION_STYLE_ASSIGNMENT (( #4143 ) ) ;
#4386 = CARTESIAN_POINT ( 'NONE',  ( 0.2845240670205327338, 0.2550000000000000044, -0.0003110387559787204052 ) ) ;
#4387 = SURFACE_STYLE_USAGE ( .BOTH. , #995 ) ;
#4388 = CARTESIAN_POINT ( 'NONE',  ( 0.5228374215615234633, 0.2549999999999999489, 0.02512991195192196964 ) ) ;
#4389 = CARTESIAN_POINT ( 'NONE',  ( 0.2564453260069082807, 0.2500000000000000000, 0.3269052443371821548 ) ) ;
#4390 = CARTESIAN_POINT ( 'NONE',  ( 0.4985481233498538778, 0.2500000000000000000, 0.2904570443075302211 ) ) ;
#4391 = PRESENTATION_LAYER_ASSIGNMENT (  '', '', ( #2247 ) ) ;
#4392 = ORIENTED_EDGE ( 'NONE', *, *, #3558, .T. ) ;
#4393 = PLANE ( 'NONE',  #485 ) ;
#4394 = B_SPLINE_SURFACE_WITH_KNOTS ( 'NONE', 3, 1, ( 
 ( #296, #4049 ),
 ( #2303, #1656 ),
 ( #990, #1015 ),
 ( #1632, #2374 ),
 ( #2031, #2653 ),
 ( #4405, #1328 ),
 ( #2346, #3408 ),
 ( #3728, #3474 ),
 ( #1458, #2438 ),
 ( #3176, #475 ),
 ( #2165, #1400 ),
 ( #2771, #2750 ),
 ( #2147, #4139 ),
 ( #4179, #4116 ),
 ( #2082, #2454 ),
 ( #3092, #3455 ),
 ( #787, #3132 ),
 ( #3519, #3853 ),
 ( #3831, #2416 ),
 ( #1440, #457 ),
 ( #111, #1806 ),
 ( #1480, #1784 ),
 ( #1139, #764 ),
 ( #2795, #3812 ),
 ( #2125, #2103 ),
 ( #65, #2838 ),
 ( #4200, #2501 ) ),
 .UNSPECIFIED., .F., .F., .F.,
 ( 4, 1, 1, 1, 1, 1, 1, 1, 1, 1, 1, 1, 1, 1, 1, 1, 1, 1, 1, 1, 1, 1, 1, 1, 4 ),
 ( 2, 2 ),
 ( 0.000000000000000000, 0.06505443418246396881, 0.1267559120129200523, 0.1854905136151527856, 0.2407319099066662915, 0.2929399200274550030, 0.3421407007848329962, 0.3888818632284784527, 0.4326355745586135670, 0.4744826467630678390, 0.5146234406660603611, 0.5535935061967396376, 0.5914088715710092981, 0.6280056034120586883, 0.6635828890423903781, 0.6987588027965658810, 0.7333612457672682439, 0.7673935930107674830, 0.8009689012590153201, 0.8340198941834590096, 0.8669987993126963000, 0.8997333901562398761, 0.9327110721003745164, 0.9661804870619420393, 1.000000000000000000 ),
 ( 0.000000000000000000, 1.000000000000000000 ),
 .UNSPECIFIED. ) ;
#4395 = CARTESIAN_POINT ( 'NONE',  ( 0.5293173541190846487, 0.2500000000000000555, 0.2895556019998379305 ) ) ;
#4396 = CARTESIAN_POINT ( 'NONE',  ( 0.2347983456523144719, 0.2550000000000000044, 0.001558246038440029048 ) ) ;
#4397 = CARTESIAN_POINT ( 'NONE',  ( 0.2149433202734679083, 0.2550000000000000600, 0.07294640038358653211 ) ) ;
#4398 = VECTOR ( 'NONE', #1120, 1000.000000000000000 ) ;
#4399 = CARTESIAN_POINT ( 'NONE',  ( -0.3499999999999998668, -0.005000000000000000104, 0.6500000000000003553 ) ) ;
#4400 = ORIENTED_EDGE ( 'NONE', *, *, #1815, .T. ) ;
#4401 = ADVANCED_FACE ( 'NONE', ( #821 ), #3732, .T. ) ;
#4402 = LINE ( 'NONE', #4358, #1157 ) ;
#4403 = CARTESIAN_POINT ( 'NONE',  ( 0.2517355398281143630, 0.2500000000000000555, 0.08875841868690412251 ) ) ;
#4404 = CARTESIAN_POINT ( 'NONE',  ( 0.5126136477912353051, 0.2550000000000000044, 0.006948284794253757266 ) ) ;
#4405 = CARTESIAN_POINT ( 'NONE',  ( 0.3209181455429897523, 0.2550000000000000600, 0.3898814200960103449 ) ) ;
#4406 = COLOUR_RGB ( '',0.1098039215686274495, 0.1098039215686274495, 0.1098039215686274495 ) ;
#4407 = CARTESIAN_POINT ( 'NONE',  ( 0.4912568901640653185, 0.2549999999999999489, 0.08856796319470792989 ) ) ;
#4408 = DIRECTION ( 'NONE',  ( 1.000000000000000000, 0.000000000000000000, 0.000000000000000000 ) ) ;
#4409 = CARTESIAN_POINT ( 'NONE',  ( -0.7550000000000002265, 0.000000000000000000, 1.100000000000000089 ) ) ;
#4410 = CARTESIAN_POINT ( 'NONE',  ( 0.4978555650724056925, 0.2550000000000000600, 0.2217853367041183188 ) ) ;
#4411 = CARTESIAN_POINT ( 'NONE',  ( 0.3856534860068833170, 0.2499999999999999445, 0.1893378524971552901 ) ) ;
#4412 = VERTEX_POINT ( 'NONE', #4369 ) ;
#4413 =( NAMED_UNIT ( * ) PLANE_ANGLE_UNIT ( ) SI_UNIT ( $, .RADIAN. ) );
#4414 =( NAMED_UNIT ( * ) PLANE_ANGLE_UNIT ( ) SI_UNIT ( $, .RADIAN. ) );
#4415 = SURFACE_STYLE_FILL_AREA ( #958 ) ;
#4416 = CARTESIAN_POINT ( 'NONE',  ( 0.2574768967972126954, 0.2549999999999999489, -0.01766594510749141395 ) ) ;
#4417 = UNCERTAINTY_MEASURE_WITH_UNIT (LENGTH_MEASURE( 1.000000000000000082E-05 ), #3503, 'distance_accuracy_value', 'NONE');
#4418 = CARTESIAN_POINT ( 'NONE',  ( -0.3499999999999999778, 0.000000000000000000, 1.505000000000000338 ) ) ;
#4419 = COLOUR_RGB ( '',0.1098039215686274495, 0.1098039215686274495, 0.1098039215686274495 ) ;
#4420 = DIRECTION ( 'NONE',  ( -0.000000000000000000, -1.000000000000000000, -0.000000000000000000 ) ) ;
#4421 = VERTEX_POINT ( 'NONE', #1949 ) ;
#4422 = MECHANICAL_DESIGN_GEOMETRIC_PRESENTATION_REPRESENTATION (  '', ( #1914 ), #3647 ) ;
#4423 = PRESENTATION_STYLE_ASSIGNMENT (( #1984 ) ) ;
#4424 = CARTESIAN_POINT ( 'NONE',  ( 0.3752313441487289958, 0.2550000000000000044, 0.3661404989519164710 ) ) ;
#4425 = CARTESIAN_POINT ( 'NONE',  ( 0.3485403031918936634, 0.2550000000000000600, -0.01404182080356756145 ) ) ;
#4426 = VECTOR ( 'NONE', #3532, 1000.000000000000000 ) ;
#4427 = MECHANICAL_DESIGN_GEOMETRIC_PRESENTATION_REPRESENTATION (  '', ( #2207 ), #2931 ) ;
#4428 = COLOUR_RGB ( '',0.1098039215686274495, 0.1098039215686274495, 0.1098039215686274495 ) ;
#4429 = FILL_AREA_STYLE ('',( #3340 ) ) ;
#4430 = CARTESIAN_POINT ( 'NONE',  ( 0.5283931939521229193, 0.2499999999999998890, 0.3037011902249185380 ) ) ;
ENDSEC;
END-ISO-10303-21;
