ISO-10303-21;
HEADER;
/* Generated by software containing ST-Developer
 * from STEP Tools, Inc. (www.steptools.com) 
 */

FILE_DESCRIPTION(
/* description */ (''),
/* implementation_level */ '2;1');

FILE_NAME(
/* name */ 'Molex_Micro-Fit_3.0_43650-0415_1x04_P3.step',
/* time_stamp */ '2026-09-29T23:35:23+10:00',
/* author */ (''),
/* organization */ (''),
/* preprocessor_version */ 'ST-DEVELOPER v20.2',
/* originating_system */ 'Autodesk Translation Framework v15.15.0.0',
/* authorisation */ '');

FILE_SCHEMA (('AUTOMOTIVE_DESIGN { 1 0 10303 214 3 1 1 }'));
ENDSEC;

DATA;
#10=MECHANICAL_DESIGN_GEOMETRIC_PRESENTATION_REPRESENTATION('',(#2903,#2904,
#2905,#2906,#2907,#2908,#2909,#2910,#2911,#2912,#2913,#2914,#2915,#2916,
#2917,#2918,#2919,#2920,#2921,#2922,#2923,#2924,#2925,#2926,#2927,#2928,
#2929,#2930,#2931,#2932,#2933,#2934,#2935,#2936,#2937,#2938,#2939,#2940,
#2941,#2942,#2943,#2944,#2945,#2946,#2947,#2948,#2949,#2950,#2951,#2952,
#2953,#2954,#2955,#2956,#2957,#2958,#2959,#2960,#2961,#2962,#2963,#2964,
#2965,#2966,#2967,#2968,#2969,#2970,#2971,#2972,#2973,#2974,#2975,#2976,
#2977,#2978,#2979,#2980,#2981,#2982,#2983,#2984,#2985,#2986,#2987,#2988,
#2989,#2990,#2991,#2992,#2993,#2994,#2995,#2996,#2997,#2998,#2999),#5106);
#11=SHAPE_REPRESENTATION_RELATIONSHIP('SRR','None',#5113,#12);
#12=ADVANCED_BREP_SHAPE_REPRESENTATION('',(#13),#5105);
#13=MANIFOLD_SOLID_BREP('Body1',#3176);
#14=CYLINDRICAL_SURFACE('',#3342,0.64);
#15=CYLINDRICAL_SURFACE('',#3343,1.52);
#16=CYLINDRICAL_SURFACE('',#3344,0.639999999999999);
#17=CYLINDRICAL_SURFACE('',#3347,0.640000000000009);
#18=CYLINDRICAL_SURFACE('',#3348,0.88);
#19=CYLINDRICAL_SURFACE('',#3349,1.28);
#20=CYLINDRICAL_SURFACE('',#3362,0.64);
#21=CYLINDRICAL_SURFACE('',#3363,1.52);
#22=CYLINDRICAL_SURFACE('',#3364,0.639999999999999);
#23=CYLINDRICAL_SURFACE('',#3367,0.640000000000009);
#24=CYLINDRICAL_SURFACE('',#3368,0.88);
#25=CYLINDRICAL_SURFACE('',#3369,1.28);
#26=CYLINDRICAL_SURFACE('',#3382,1.28);
#27=CYLINDRICAL_SURFACE('',#3383,0.88);
#28=CYLINDRICAL_SURFACE('',#3384,1.26141965408795);
#29=CYLINDRICAL_SURFACE('',#3387,0.64);
#30=CYLINDRICAL_SURFACE('',#3388,1.52);
#31=CYLINDRICAL_SURFACE('',#3389,0.64);
#32=CYLINDRICAL_SURFACE('',#3402,1.28);
#33=CYLINDRICAL_SURFACE('',#3403,0.88);
#34=CYLINDRICAL_SURFACE('',#3404,1.26141965408795);
#35=CYLINDRICAL_SURFACE('',#3407,0.64);
#36=CYLINDRICAL_SURFACE('',#3408,1.52);
#37=CYLINDRICAL_SURFACE('',#3409,0.64);
#38=FACE_BOUND('',#290,.T.);
#39=FACE_BOUND('',#291,.T.);
#40=FACE_BOUND('',#292,.T.);
#41=FACE_BOUND('',#293,.T.);
#42=FACE_BOUND('',#295,.T.);
#43=FACE_BOUND('',#301,.T.);
#44=FACE_BOUND('',#308,.T.);
#45=FACE_BOUND('',#309,.T.);
#46=FACE_BOUND('',#313,.T.);
#47=FACE_BOUND('',#314,.T.);
#48=FACE_BOUND('',#315,.T.);
#49=FACE_BOUND('',#316,.T.);
#50=FACE_BOUND('',#318,.T.);
#51=FACE_BOUND('',#351,.T.);
#52=FACE_BOUND('',#362,.T.);
#53=CIRCLE('',#3192,1.26141965408795);
#54=CIRCLE('',#3193,0.64);
#55=CIRCLE('',#3194,1.52);
#56=CIRCLE('',#3195,0.64);
#57=CIRCLE('',#3196,1.28);
#58=CIRCLE('',#3197,0.88);
#59=CIRCLE('',#3199,1.26141965408795);
#60=CIRCLE('',#3200,0.88);
#61=CIRCLE('',#3201,1.28);
#62=CIRCLE('',#3202,0.64);
#63=CIRCLE('',#3203,1.52);
#64=CIRCLE('',#3204,0.64);
#65=CIRCLE('',#3208,1.26141965408795);
#66=CIRCLE('',#3209,0.64);
#67=CIRCLE('',#3210,1.52);
#68=CIRCLE('',#3211,0.64);
#69=CIRCLE('',#3212,1.28);
#70=CIRCLE('',#3213,0.88);
#71=CIRCLE('',#3215,1.26141965408795);
#72=CIRCLE('',#3216,0.88);
#73=CIRCLE('',#3217,1.28);
#74=CIRCLE('',#3218,0.64);
#75=CIRCLE('',#3219,1.52);
#76=CIRCLE('',#3220,0.64);
#77=CIRCLE('',#3224,0.640000000000009);
#78=CIRCLE('',#3225,0.88);
#79=CIRCLE('',#3226,1.28);
#80=CIRCLE('',#3227,0.64);
#81=CIRCLE('',#3228,1.52);
#82=CIRCLE('',#3229,0.639999999999999);
#83=CIRCLE('',#3231,0.640000000000009);
#84=CIRCLE('',#3232,0.639999999999999);
#85=CIRCLE('',#3233,1.52);
#86=CIRCLE('',#3234,0.64);
#87=CIRCLE('',#3235,1.28);
#88=CIRCLE('',#3236,0.88);
#89=CIRCLE('',#3242,0.640000000000009);
#90=CIRCLE('',#3243,0.88);
#91=CIRCLE('',#3244,1.28);
#92=CIRCLE('',#3245,0.64);
#93=CIRCLE('',#3246,1.52);
#94=CIRCLE('',#3247,0.639999999999999);
#95=CIRCLE('',#3249,0.640000000000009);
#96=CIRCLE('',#3250,0.639999999999999);
#97=CIRCLE('',#3251,1.52);
#98=CIRCLE('',#3252,0.64);
#99=CIRCLE('',#3253,1.28);
#100=CIRCLE('',#3254,0.88);
#101=FACE_OUTER_BOUND('',#277,.T.);
#102=FACE_OUTER_BOUND('',#278,.T.);
#103=FACE_OUTER_BOUND('',#279,.T.);
#104=FACE_OUTER_BOUND('',#280,.T.);
#105=FACE_OUTER_BOUND('',#281,.T.);
#106=FACE_OUTER_BOUND('',#282,.T.);
#107=FACE_OUTER_BOUND('',#283,.T.);
#108=FACE_OUTER_BOUND('',#284,.T.);
#109=FACE_OUTER_BOUND('',#285,.T.);
#110=FACE_OUTER_BOUND('',#286,.T.);
#111=FACE_OUTER_BOUND('',#287,.T.);
#112=FACE_OUTER_BOUND('',#288,.T.);
#113=FACE_OUTER_BOUND('',#289,.T.);
#114=FACE_OUTER_BOUND('',#294,.T.);
#115=FACE_OUTER_BOUND('',#296,.T.);
#116=FACE_OUTER_BOUND('',#297,.T.);
#117=FACE_OUTER_BOUND('',#298,.T.);
#118=FACE_OUTER_BOUND('',#299,.T.);
#119=FACE_OUTER_BOUND('',#300,.T.);
#120=FACE_OUTER_BOUND('',#302,.T.);
#121=FACE_OUTER_BOUND('',#303,.T.);
#122=FACE_OUTER_BOUND('',#304,.T.);
#123=FACE_OUTER_BOUND('',#305,.T.);
#124=FACE_OUTER_BOUND('',#306,.T.);
#125=FACE_OUTER_BOUND('',#307,.T.);
#126=FACE_OUTER_BOUND('',#310,.T.);
#127=FACE_OUTER_BOUND('',#311,.T.);
#128=FACE_OUTER_BOUND('',#312,.T.);
#129=FACE_OUTER_BOUND('',#317,.T.);
#130=FACE_OUTER_BOUND('',#319,.T.);
#131=FACE_OUTER_BOUND('',#320,.T.);
#132=FACE_OUTER_BOUND('',#321,.T.);
#133=FACE_OUTER_BOUND('',#322,.T.);
#134=FACE_OUTER_BOUND('',#323,.T.);
#135=FACE_OUTER_BOUND('',#324,.T.);
#136=FACE_OUTER_BOUND('',#325,.T.);
#137=FACE_OUTER_BOUND('',#326,.T.);
#138=FACE_OUTER_BOUND('',#327,.T.);
#139=FACE_OUTER_BOUND('',#328,.T.);
#140=FACE_OUTER_BOUND('',#329,.T.);
#141=FACE_OUTER_BOUND('',#330,.T.);
#142=FACE_OUTER_BOUND('',#331,.T.);
#143=FACE_OUTER_BOUND('',#332,.T.);
#144=FACE_OUTER_BOUND('',#333,.T.);
#145=FACE_OUTER_BOUND('',#334,.T.);
#146=FACE_OUTER_BOUND('',#335,.T.);
#147=FACE_OUTER_BOUND('',#336,.T.);
#148=FACE_OUTER_BOUND('',#337,.T.);
#149=FACE_OUTER_BOUND('',#338,.T.);
#150=FACE_OUTER_BOUND('',#339,.T.);
#151=FACE_OUTER_BOUND('',#340,.T.);
#152=FACE_OUTER_BOUND('',#341,.T.);
#153=FACE_OUTER_BOUND('',#342,.T.);
#154=FACE_OUTER_BOUND('',#343,.T.);
#155=FACE_OUTER_BOUND('',#344,.T.);
#156=FACE_OUTER_BOUND('',#345,.T.);
#157=FACE_OUTER_BOUND('',#346,.T.);
#158=FACE_OUTER_BOUND('',#347,.T.);
#159=FACE_OUTER_BOUND('',#348,.T.);
#160=FACE_OUTER_BOUND('',#349,.T.);
#161=FACE_OUTER_BOUND('',#350,.T.);
#162=FACE_OUTER_BOUND('',#352,.T.);
#163=FACE_OUTER_BOUND('',#353,.T.);
#164=FACE_OUTER_BOUND('',#354,.T.);
#165=FACE_OUTER_BOUND('',#355,.T.);
#166=FACE_OUTER_BOUND('',#356,.T.);
#167=FACE_OUTER_BOUND('',#357,.T.);
#168=FACE_OUTER_BOUND('',#358,.T.);
#169=FACE_OUTER_BOUND('',#359,.T.);
#170=FACE_OUTER_BOUND('',#360,.T.);
#171=FACE_OUTER_BOUND('',#361,.T.);
#172=FACE_OUTER_BOUND('',#363,.T.);
#173=FACE_OUTER_BOUND('',#364,.T.);
#174=FACE_OUTER_BOUND('',#365,.T.);
#175=FACE_OUTER_BOUND('',#366,.T.);
#176=FACE_OUTER_BOUND('',#367,.T.);
#177=FACE_OUTER_BOUND('',#368,.T.);
#178=FACE_OUTER_BOUND('',#369,.T.);
#179=FACE_OUTER_BOUND('',#370,.T.);
#180=FACE_OUTER_BOUND('',#371,.T.);
#181=FACE_OUTER_BOUND('',#372,.T.);
#182=FACE_OUTER_BOUND('',#373,.T.);
#183=FACE_OUTER_BOUND('',#374,.T.);
#184=FACE_OUTER_BOUND('',#375,.T.);
#185=FACE_OUTER_BOUND('',#376,.T.);
#186=FACE_OUTER_BOUND('',#377,.T.);
#187=FACE_OUTER_BOUND('',#378,.T.);
#188=FACE_OUTER_BOUND('',#379,.T.);
#189=FACE_OUTER_BOUND('',#380,.T.);
#190=FACE_OUTER_BOUND('',#381,.T.);
#191=FACE_OUTER_BOUND('',#382,.T.);
#192=FACE_OUTER_BOUND('',#383,.T.);
#193=FACE_OUTER_BOUND('',#384,.T.);
#194=FACE_OUTER_BOUND('',#385,.T.);
#195=FACE_OUTER_BOUND('',#386,.T.);
#196=FACE_OUTER_BOUND('',#387,.T.);
#197=FACE_OUTER_BOUND('',#388,.T.);
#198=FACE_OUTER_BOUND('',#389,.T.);
#199=FACE_OUTER_BOUND('',#390,.T.);
#200=FACE_OUTER_BOUND('',#391,.T.);
#201=FACE_OUTER_BOUND('',#392,.T.);
#202=FACE_OUTER_BOUND('',#393,.T.);
#203=FACE_OUTER_BOUND('',#394,.T.);
#204=FACE_OUTER_BOUND('',#395,.T.);
#205=FACE_OUTER_BOUND('',#396,.T.);
#206=FACE_OUTER_BOUND('',#397,.T.);
#207=FACE_OUTER_BOUND('',#398,.T.);
#208=FACE_OUTER_BOUND('',#399,.T.);
#209=FACE_OUTER_BOUND('',#400,.T.);
#210=FACE_OUTER_BOUND('',#401,.T.);
#211=FACE_OUTER_BOUND('',#402,.T.);
#212=FACE_OUTER_BOUND('',#403,.T.);
#213=FACE_OUTER_BOUND('',#404,.T.);
#214=FACE_OUTER_BOUND('',#405,.T.);
#215=FACE_OUTER_BOUND('',#406,.T.);
#216=FACE_OUTER_BOUND('',#407,.T.);
#217=FACE_OUTER_BOUND('',#408,.T.);
#218=FACE_OUTER_BOUND('',#409,.T.);
#219=FACE_OUTER_BOUND('',#410,.T.);
#220=FACE_OUTER_BOUND('',#411,.T.);
#221=FACE_OUTER_BOUND('',#412,.T.);
#222=FACE_OUTER_BOUND('',#413,.T.);
#223=FACE_OUTER_BOUND('',#414,.T.);
#224=FACE_OUTER_BOUND('',#415,.T.);
#225=FACE_OUTER_BOUND('',#416,.T.);
#226=FACE_OUTER_BOUND('',#417,.T.);
#227=FACE_OUTER_BOUND('',#418,.T.);
#228=FACE_OUTER_BOUND('',#419,.T.);
#229=FACE_OUTER_BOUND('',#420,.T.);
#230=FACE_OUTER_BOUND('',#421,.T.);
#231=FACE_OUTER_BOUND('',#422,.T.);
#232=FACE_OUTER_BOUND('',#423,.T.);
#233=FACE_OUTER_BOUND('',#424,.T.);
#234=FACE_OUTER_BOUND('',#425,.T.);
#235=FACE_OUTER_BOUND('',#426,.T.);
#236=FACE_OUTER_BOUND('',#427,.T.);
#237=FACE_OUTER_BOUND('',#428,.T.);
#238=FACE_OUTER_BOUND('',#429,.T.);
#239=FACE_OUTER_BOUND('',#430,.T.);
#240=FACE_OUTER_BOUND('',#431,.T.);
#241=FACE_OUTER_BOUND('',#432,.T.);
#242=FACE_OUTER_BOUND('',#433,.T.);
#243=FACE_OUTER_BOUND('',#434,.T.);
#244=FACE_OUTER_BOUND('',#435,.T.);
#245=FACE_OUTER_BOUND('',#436,.T.);
#246=FACE_OUTER_BOUND('',#437,.T.);
#247=FACE_OUTER_BOUND('',#438,.T.);
#248=FACE_OUTER_BOUND('',#439,.T.);
#249=FACE_OUTER_BOUND('',#440,.T.);
#250=FACE_OUTER_BOUND('',#441,.T.);
#251=FACE_OUTER_BOUND('',#442,.T.);
#252=FACE_OUTER_BOUND('',#443,.T.);
#253=FACE_OUTER_BOUND('',#444,.T.);
#254=FACE_OUTER_BOUND('',#445,.T.);
#255=FACE_OUTER_BOUND('',#446,.T.);
#256=FACE_OUTER_BOUND('',#447,.T.);
#257=FACE_OUTER_BOUND('',#448,.T.);
#258=FACE_OUTER_BOUND('',#449,.T.);
#259=FACE_OUTER_BOUND('',#450,.T.);
#260=FACE_OUTER_BOUND('',#451,.T.);
#261=FACE_OUTER_BOUND('',#452,.T.);
#262=FACE_OUTER_BOUND('',#453,.T.);
#263=FACE_OUTER_BOUND('',#454,.T.);
#264=FACE_OUTER_BOUND('',#455,.T.);
#265=FACE_OUTER_BOUND('',#456,.T.);
#266=FACE_OUTER_BOUND('',#457,.T.);
#267=FACE_OUTER_BOUND('',#458,.T.);
#268=FACE_OUTER_BOUND('',#459,.T.);
#269=FACE_OUTER_BOUND('',#460,.T.);
#270=FACE_OUTER_BOUND('',#461,.T.);
#271=FACE_OUTER_BOUND('',#462,.T.);
#272=FACE_OUTER_BOUND('',#463,.T.);
#273=FACE_OUTER_BOUND('',#464,.T.);
#274=FACE_OUTER_BOUND('',#465,.T.);
#275=FACE_OUTER_BOUND('',#466,.T.);
#276=FACE_OUTER_BOUND('',#467,.T.);
#277=EDGE_LOOP('',(#1905,#1906,#1907,#1908));
#278=EDGE_LOOP('',(#1909,#1910,#1911,#1912,#1913,#1914,#1915,#1916,#1917,
#1918));
#279=EDGE_LOOP('',(#1919,#1920,#1921,#1922,#1923,#1924,#1925,#1926,#1927,
#1928));
#280=EDGE_LOOP('',(#1929,#1930,#1931,#1932));
#281=EDGE_LOOP('',(#1933,#1934,#1935,#1936));
#282=EDGE_LOOP('',(#1937,#1938,#1939,#1940,#1941,#1942,#1943,#1944,#1945,
#1946));
#283=EDGE_LOOP('',(#1947,#1948,#1949,#1950,#1951,#1952,#1953,#1954,#1955,
#1956));
#284=EDGE_LOOP('',(#1957,#1958,#1959,#1960));
#285=EDGE_LOOP('',(#1961,#1962,#1963,#1964));
#286=EDGE_LOOP('',(#1965,#1966,#1967,#1968,#1969,#1970,#1971,#1972,#1973,
#1974));
#287=EDGE_LOOP('',(#1975,#1976,#1977,#1978,#1979,#1980,#1981,#1982,#1983,
#1984));
#288=EDGE_LOOP('',(#1985,#1986,#1987,#1988));
#289=EDGE_LOOP('',(#1989,#1990,#1991,#1992,#1993,#1994,#1995,#1996));
#290=EDGE_LOOP('',(#1997,#1998,#1999,#2000));
#291=EDGE_LOOP('',(#2001,#2002,#2003,#2004));
#292=EDGE_LOOP('',(#2005,#2006,#2007,#2008));
#293=EDGE_LOOP('',(#2009,#2010,#2011,#2012));
#294=EDGE_LOOP('',(#2013,#2014,#2015,#2016,#2017));
#295=EDGE_LOOP('',(#2018,#2019,#2020,#2021));
#296=EDGE_LOOP('',(#2022,#2023,#2024,#2025));
#297=EDGE_LOOP('',(#2026,#2027,#2028,#2029,#2030,#2031,#2032,#2033,#2034,
#2035));
#298=EDGE_LOOP('',(#2036,#2037,#2038,#2039,#2040,#2041,#2042,#2043,#2044,
#2045));
#299=EDGE_LOOP('',(#2046,#2047,#2048,#2049));
#300=EDGE_LOOP('',(#2050,#2051,#2052,#2053,#2054));
#301=EDGE_LOOP('',(#2055,#2056,#2057,#2058));
#302=EDGE_LOOP('',(#2059,#2060,#2061));
#303=EDGE_LOOP('',(#2062,#2063,#2064));
#304=EDGE_LOOP('',(#2065,#2066,#2067,#2068,#2069));
#305=EDGE_LOOP('',(#2070,#2071,#2072,#2073,#2074,#2075,#2076,#2077,#2078,
#2079));
#306=EDGE_LOOP('',(#2080,#2081,#2082,#2083,#2084));
#307=EDGE_LOOP('',(#2085,#2086,#2087,#2088,#2089,#2090,#2091,#2092,#2093,
#2094,#2095,#2096));
#308=EDGE_LOOP('',(#2097,#2098,#2099,#2100));
#309=EDGE_LOOP('',(#2101,#2102,#2103,#2104));
#310=EDGE_LOOP('',(#2105,#2106,#2107,#2108));
#311=EDGE_LOOP('',(#2109,#2110,#2111,#2112));
#312=EDGE_LOOP('',(#2113,#2114,#2115,#2116,#2117,#2118,#2119,#2120));
#313=EDGE_LOOP('',(#2121,#2122,#2123,#2124,#2125));
#314=EDGE_LOOP('',(#2126,#2127,#2128,#2129));
#315=EDGE_LOOP('',(#2130,#2131,#2132,#2133,#2134));
#316=EDGE_LOOP('',(#2135,#2136,#2137,#2138,#2139));
#317=EDGE_LOOP('',(#2140,#2141,#2142,#2143,#2144,#2145));
#318=EDGE_LOOP('',(#2146,#2147,#2148,#2149));
#319=EDGE_LOOP('',(#2150,#2151,#2152,#2153,#2154,#2155,#2156,#2157,#2158,
#2159));
#320=EDGE_LOOP('',(#2160,#2161,#2162,#2163));
#321=EDGE_LOOP('',(#2164,#2165,#2166,#2167));
#322=EDGE_LOOP('',(#2168,#2169,#2170,#2171));
#323=EDGE_LOOP('',(#2172,#2173,#2174,#2175));
#324=EDGE_LOOP('',(#2176,#2177,#2178,#2179));
#325=EDGE_LOOP('',(#2180,#2181,#2182,#2183,#2184));
#326=EDGE_LOOP('',(#2185,#2186,#2187,#2188,#2189));
#327=EDGE_LOOP('',(#2190,#2191,#2192,#2193));
#328=EDGE_LOOP('',(#2194,#2195,#2196,#2197));
#329=EDGE_LOOP('',(#2198,#2199,#2200));
#330=EDGE_LOOP('',(#2201,#2202,#2203));
#331=EDGE_LOOP('',(#2204,#2205,#2206,#2207));
#332=EDGE_LOOP('',(#2208,#2209,#2210,#2211));
#333=EDGE_LOOP('',(#2212,#2213,#2214));
#334=EDGE_LOOP('',(#2215,#2216,#2217));
#335=EDGE_LOOP('',(#2218,#2219,#2220,#2221));
#336=EDGE_LOOP('',(#2222,#2223,#2224,#2225));
#337=EDGE_LOOP('',(#2226,#2227,#2228,#2229));
#338=EDGE_LOOP('',(#2230,#2231,#2232,#2233,#2234,#2235,#2236));
#339=EDGE_LOOP('',(#2237,#2238,#2239,#2240));
#340=EDGE_LOOP('',(#2241,#2242,#2243,#2244));
#341=EDGE_LOOP('',(#2245,#2246,#2247,#2248));
#342=EDGE_LOOP('',(#2249,#2250,#2251,#2252,#2253,#2254,#2255));
#343=EDGE_LOOP('',(#2256,#2257,#2258,#2259));
#344=EDGE_LOOP('',(#2260,#2261,#2262,#2263));
#345=EDGE_LOOP('',(#2264,#2265,#2266,#2267));
#346=EDGE_LOOP('',(#2268,#2269,#2270,#2271));
#347=EDGE_LOOP('',(#2272,#2273,#2274,#2275));
#348=EDGE_LOOP('',(#2276,#2277,#2278,#2279));
#349=EDGE_LOOP('',(#2280,#2281,#2282,#2283));
#350=EDGE_LOOP('',(#2284,#2285,#2286,#2287,#2288));
#351=EDGE_LOOP('',(#2289,#2290,#2291,#2292));
#352=EDGE_LOOP('',(#2293,#2294,#2295,#2296));
#353=EDGE_LOOP('',(#2297,#2298,#2299,#2300));
#354=EDGE_LOOP('',(#2301,#2302,#2303,#2304));
#355=EDGE_LOOP('',(#2305,#2306,#2307,#2308));
#356=EDGE_LOOP('',(#2309,#2310,#2311,#2312));
#357=EDGE_LOOP('',(#2313,#2314,#2315,#2316));
#358=EDGE_LOOP('',(#2317,#2318,#2319,#2320));
#359=EDGE_LOOP('',(#2321,#2322,#2323,#2324));
#360=EDGE_LOOP('',(#2325,#2326,#2327,#2328));
#361=EDGE_LOOP('',(#2329,#2330,#2331,#2332));
#362=EDGE_LOOP('',(#2333,#2334,#2335,#2336));
#363=EDGE_LOOP('',(#2337,#2338,#2339,#2340));
#364=EDGE_LOOP('',(#2341,#2342,#2343,#2344));
#365=EDGE_LOOP('',(#2345,#2346,#2347,#2348));
#366=EDGE_LOOP('',(#2349,#2350,#2351,#2352));
#367=EDGE_LOOP('',(#2353,#2354,#2355,#2356));
#368=EDGE_LOOP('',(#2357,#2358,#2359,#2360));
#369=EDGE_LOOP('',(#2361,#2362,#2363,#2364));
#370=EDGE_LOOP('',(#2365,#2366,#2367,#2368));
#371=EDGE_LOOP('',(#2369,#2370,#2371,#2372));
#372=EDGE_LOOP('',(#2373,#2374,#2375,#2376));
#373=EDGE_LOOP('',(#2377,#2378,#2379,#2380));
#374=EDGE_LOOP('',(#2381,#2382,#2383,#2384));
#375=EDGE_LOOP('',(#2385,#2386,#2387,#2388));
#376=EDGE_LOOP('',(#2389,#2390,#2391,#2392));
#377=EDGE_LOOP('',(#2393,#2394,#2395,#2396));
#378=EDGE_LOOP('',(#2397,#2398,#2399,#2400));
#379=EDGE_LOOP('',(#2401,#2402,#2403));
#380=EDGE_LOOP('',(#2404,#2405,#2406));
#381=EDGE_LOOP('',(#2407,#2408,#2409,#2410));
#382=EDGE_LOOP('',(#2411,#2412,#2413));
#383=EDGE_LOOP('',(#2414,#2415,#2416));
#384=EDGE_LOOP('',(#2417,#2418,#2419,#2420));
#385=EDGE_LOOP('',(#2421,#2422,#2423,#2424));
#386=EDGE_LOOP('',(#2425,#2426,#2427));
#387=EDGE_LOOP('',(#2428,#2429,#2430));
#388=EDGE_LOOP('',(#2431,#2432,#2433,#2434));
#389=EDGE_LOOP('',(#2435,#2436,#2437,#2438));
#390=EDGE_LOOP('',(#2439,#2440,#2441,#2442));
#391=EDGE_LOOP('',(#2443,#2444,#2445,#2446));
#392=EDGE_LOOP('',(#2447,#2448,#2449,#2450));
#393=EDGE_LOOP('',(#2451,#2452,#2453,#2454));
#394=EDGE_LOOP('',(#2455,#2456,#2457,#2458));
#395=EDGE_LOOP('',(#2459,#2460,#2461,#2462));
#396=EDGE_LOOP('',(#2463,#2464,#2465,#2466));
#397=EDGE_LOOP('',(#2467,#2468,#2469,#2470));
#398=EDGE_LOOP('',(#2471,#2472,#2473,#2474));
#399=EDGE_LOOP('',(#2475,#2476,#2477,#2478));
#400=EDGE_LOOP('',(#2479,#2480,#2481,#2482));
#401=EDGE_LOOP('',(#2483,#2484,#2485,#2486));
#402=EDGE_LOOP('',(#2487,#2488,#2489,#2490));
#403=EDGE_LOOP('',(#2491,#2492,#2493,#2494));
#404=EDGE_LOOP('',(#2495,#2496,#2497,#2498));
#405=EDGE_LOOP('',(#2499,#2500,#2501,#2502));
#406=EDGE_LOOP('',(#2503,#2504,#2505,#2506));
#407=EDGE_LOOP('',(#2507,#2508,#2509,#2510));
#408=EDGE_LOOP('',(#2511,#2512,#2513,#2514));
#409=EDGE_LOOP('',(#2515,#2516,#2517,#2518));
#410=EDGE_LOOP('',(#2519,#2520,#2521,#2522));
#411=EDGE_LOOP('',(#2523,#2524,#2525,#2526));
#412=EDGE_LOOP('',(#2527,#2528,#2529,#2530));
#413=EDGE_LOOP('',(#2531,#2532,#2533,#2534));
#414=EDGE_LOOP('',(#2535,#2536,#2537,#2538));
#415=EDGE_LOOP('',(#2539,#2540,#2541,#2542));
#416=EDGE_LOOP('',(#2543,#2544,#2545,#2546));
#417=EDGE_LOOP('',(#2547,#2548,#2549,#2550));
#418=EDGE_LOOP('',(#2551,#2552,#2553,#2554));
#419=EDGE_LOOP('',(#2555,#2556,#2557,#2558));
#420=EDGE_LOOP('',(#2559,#2560,#2561,#2562));
#421=EDGE_LOOP('',(#2563,#2564,#2565,#2566));
#422=EDGE_LOOP('',(#2567,#2568,#2569,#2570));
#423=EDGE_LOOP('',(#2571,#2572,#2573,#2574));
#424=EDGE_LOOP('',(#2575,#2576,#2577,#2578));
#425=EDGE_LOOP('',(#2579,#2580,#2581,#2582));
#426=EDGE_LOOP('',(#2583,#2584,#2585,#2586));
#427=EDGE_LOOP('',(#2587,#2588,#2589,#2590));
#428=EDGE_LOOP('',(#2591,#2592,#2593,#2594));
#429=EDGE_LOOP('',(#2595,#2596,#2597,#2598));
#430=EDGE_LOOP('',(#2599,#2600,#2601,#2602));
#431=EDGE_LOOP('',(#2603,#2604,#2605,#2606));
#432=EDGE_LOOP('',(#2607,#2608,#2609,#2610));
#433=EDGE_LOOP('',(#2611,#2612,#2613,#2614));
#434=EDGE_LOOP('',(#2615,#2616,#2617,#2618));
#435=EDGE_LOOP('',(#2619,#2620,#2621,#2622));
#436=EDGE_LOOP('',(#2623,#2624,#2625,#2626));
#437=EDGE_LOOP('',(#2627,#2628,#2629,#2630));
#438=EDGE_LOOP('',(#2631,#2632,#2633,#2634));
#439=EDGE_LOOP('',(#2635,#2636,#2637,#2638));
#440=EDGE_LOOP('',(#2639,#2640,#2641,#2642));
#441=EDGE_LOOP('',(#2643,#2644,#2645,#2646));
#442=EDGE_LOOP('',(#2647,#2648,#2649,#2650));
#443=EDGE_LOOP('',(#2651,#2652,#2653,#2654));
#444=EDGE_LOOP('',(#2655,#2656,#2657,#2658));
#445=EDGE_LOOP('',(#2659,#2660,#2661,#2662));
#446=EDGE_LOOP('',(#2663,#2664,#2665,#2666));
#447=EDGE_LOOP('',(#2667,#2668,#2669,#2670));
#448=EDGE_LOOP('',(#2671,#2672,#2673,#2674));
#449=EDGE_LOOP('',(#2675,#2676,#2677,#2678));
#450=EDGE_LOOP('',(#2679,#2680,#2681,#2682));
#451=EDGE_LOOP('',(#2683,#2684,#2685,#2686));
#452=EDGE_LOOP('',(#2687,#2688,#2689,#2690));
#453=EDGE_LOOP('',(#2691,#2692,#2693,#2694));
#454=EDGE_LOOP('',(#2695,#2696,#2697,#2698));
#455=EDGE_LOOP('',(#2699,#2700,#2701,#2702));
#456=EDGE_LOOP('',(#2703,#2704,#2705,#2706));
#457=EDGE_LOOP('',(#2707,#2708,#2709,#2710));
#458=EDGE_LOOP('',(#2711,#2712,#2713,#2714));
#459=EDGE_LOOP('',(#2715,#2716,#2717,#2718));
#460=EDGE_LOOP('',(#2719,#2720,#2721,#2722));
#461=EDGE_LOOP('',(#2723,#2724,#2725,#2726));
#462=EDGE_LOOP('',(#2727,#2728,#2729,#2730));
#463=EDGE_LOOP('',(#2731,#2732,#2733,#2734));
#464=EDGE_LOOP('',(#2735,#2736,#2737,#2738));
#465=EDGE_LOOP('',(#2739,#2740,#2741,#2742));
#466=EDGE_LOOP('',(#2743,#2744,#2745,#2746));
#467=EDGE_LOOP('',(#2747,#2748,#2749,#2750));
#468=LINE('',#4243,#843);
#469=LINE('',#4245,#844);
#470=LINE('',#4247,#845);
#471=LINE('',#4248,#846);
#472=LINE('',#4254,#847);
#473=LINE('',#4262,#848);
#474=LINE('',#4264,#849);
#475=LINE('',#4266,#850);
#476=LINE('',#4273,#851);
#477=LINE('',#4281,#852);
#478=LINE('',#4283,#853);
#479=LINE('',#4285,#854);
#480=LINE('',#4294,#855);
#481=LINE('',#4296,#856);
#482=LINE('',#4298,#857);
#483=LINE('',#4299,#858);
#484=LINE('',#4303,#859);
#485=LINE('',#4305,#860);
#486=LINE('',#4307,#861);
#487=LINE('',#4308,#862);
#488=LINE('',#4314,#863);
#489=LINE('',#4322,#864);
#490=LINE('',#4324,#865);
#491=LINE('',#4326,#866);
#492=LINE('',#4333,#867);
#493=LINE('',#4341,#868);
#494=LINE('',#4343,#869);
#495=LINE('',#4345,#870);
#496=LINE('',#4354,#871);
#497=LINE('',#4356,#872);
#498=LINE('',#4358,#873);
#499=LINE('',#4359,#874);
#500=LINE('',#4363,#875);
#501=LINE('',#4365,#876);
#502=LINE('',#4367,#877);
#503=LINE('',#4368,#878);
#504=LINE('',#4372,#879);
#505=LINE('',#4380,#880);
#506=LINE('',#4382,#881);
#507=LINE('',#4384,#882);
#508=LINE('',#4395,#883);
#509=LINE('',#4403,#884);
#510=LINE('',#4405,#885);
#511=LINE('',#4407,#886);
#512=LINE('',#4414,#887);
#513=LINE('',#4416,#888);
#514=LINE('',#4418,#889);
#515=LINE('',#4419,#890);
#516=LINE('',#4423,#891);
#517=LINE('',#4425,#892);
#518=LINE('',#4427,#893);
#519=LINE('',#4429,#894);
#520=LINE('',#4431,#895);
#521=LINE('',#4433,#896);
#522=LINE('',#4435,#897);
#523=LINE('',#4436,#898);
#524=LINE('',#4437,#899);
#525=LINE('',#4438,#900);
#526=LINE('',#4439,#901);
#527=LINE('',#4440,#902);
#528=LINE('',#4441,#903);
#529=LINE('',#4442,#904);
#530=LINE('',#4445,#905);
#531=LINE('',#4447,#906);
#532=LINE('',#4449,#907);
#533=LINE('',#4450,#908);
#534=LINE('',#4454,#909);
#535=LINE('',#4456,#910);
#536=LINE('',#4458,#911);
#537=LINE('',#4460,#912);
#538=LINE('',#4461,#913);
#539=LINE('',#4464,#914);
#540=LINE('',#4466,#915);
#541=LINE('',#4468,#916);
#542=LINE('',#4469,#917);
#543=LINE('',#4473,#918);
#544=LINE('',#4475,#919);
#545=LINE('',#4477,#920);
#546=LINE('',#4478,#921);
#547=LINE('',#4482,#922);
#548=LINE('',#4489,#923);
#549=LINE('',#4491,#924);
#550=LINE('',#4502,#925);
#551=LINE('',#4509,#926);
#552=LINE('',#4511,#927);
#553=LINE('',#4518,#928);
#554=LINE('',#4520,#929);
#555=LINE('',#4522,#930);
#556=LINE('',#4523,#931);
#557=LINE('',#4527,#932);
#558=LINE('',#4529,#933);
#559=LINE('',#4531,#934);
#560=LINE('',#4533,#935);
#561=LINE('',#4534,#936);
#562=LINE('',#4537,#937);
#563=LINE('',#4539,#938);
#564=LINE('',#4541,#939);
#565=LINE('',#4542,#940);
#566=LINE('',#4546,#941);
#567=LINE('',#4548,#942);
#568=LINE('',#4549,#943);
#569=LINE('',#4552,#944);
#570=LINE('',#4554,#945);
#571=LINE('',#4555,#946);
#572=LINE('',#4558,#947);
#573=LINE('',#4559,#948);
#574=LINE('',#4560,#949);
#575=LINE('',#4561,#950);
#576=LINE('',#4565,#951);
#577=LINE('',#4567,#952);
#578=LINE('',#4568,#953);
#579=LINE('',#4570,#954);
#580=LINE('',#4572,#955);
#581=LINE('',#4574,#956);
#582=LINE('',#4576,#957);
#583=LINE('',#4578,#958);
#584=LINE('',#4579,#959);
#585=LINE('',#4583,#960);
#586=LINE('',#4585,#961);
#587=LINE('',#4586,#962);
#588=LINE('',#4587,#963);
#589=LINE('',#4591,#964);
#590=LINE('',#4593,#965);
#591=LINE('',#4595,#966);
#592=LINE('',#4597,#967);
#593=LINE('',#4598,#968);
#594=LINE('',#4600,#969);
#595=LINE('',#4602,#970);
#596=LINE('',#4604,#971);
#597=LINE('',#4606,#972);
#598=LINE('',#4608,#973);
#599=LINE('',#4609,#974);
#600=LINE('',#4612,#975);
#601=LINE('',#4614,#976);
#602=LINE('',#4616,#977);
#603=LINE('',#4617,#978);
#604=LINE('',#4620,#979);
#605=LINE('',#4622,#980);
#606=LINE('',#4624,#981);
#607=LINE('',#4625,#982);
#608=LINE('',#4629,#983);
#609=LINE('',#4631,#984);
#610=LINE('',#4633,#985);
#611=LINE('',#4634,#986);
#612=LINE('',#4638,#987);
#613=LINE('',#4639,#988);
#614=LINE('',#4640,#989);
#615=LINE('',#4642,#990);
#616=LINE('',#4644,#991);
#617=LINE('',#4645,#992);
#618=LINE('',#4647,#993);
#619=LINE('',#4648,#994);
#620=LINE('',#4651,#995);
#621=LINE('',#4653,#996);
#622=LINE('',#4655,#997);
#623=LINE('',#4657,#998);
#624=LINE('',#4658,#999);
#625=LINE('',#4661,#1000);
#626=LINE('',#4663,#1001);
#627=LINE('',#4665,#1002);
#628=LINE('',#4666,#1003);
#629=LINE('',#4669,#1004);
#630=LINE('',#4671,#1005);
#631=LINE('',#4673,#1006);
#632=LINE('',#4675,#1007);
#633=LINE('',#4676,#1008);
#634=LINE('',#4679,#1009);
#635=LINE('',#4681,#1010);
#636=LINE('',#4683,#1011);
#637=LINE('',#4685,#1012);
#638=LINE('',#4686,#1013);
#639=LINE('',#4688,#1014);
#640=LINE('',#4691,#1015);
#641=LINE('',#4693,#1016);
#642=LINE('',#4695,#1017);
#643=LINE('',#4696,#1018);
#644=LINE('',#4698,#1019);
#645=LINE('',#4700,#1020);
#646=LINE('',#4702,#1021);
#647=LINE('',#4704,#1022);
#648=LINE('',#4706,#1023);
#649=LINE('',#4707,#1024);
#650=LINE('',#4708,#1025);
#651=LINE('',#4711,#1026);
#652=LINE('',#4713,#1027);
#653=LINE('',#4714,#1028);
#654=LINE('',#4717,#1029);
#655=LINE('',#4719,#1030);
#656=LINE('',#4720,#1031);
#657=LINE('',#4722,#1032);
#658=LINE('',#4723,#1033);
#659=LINE('',#4727,#1034);
#660=LINE('',#4728,#1035);
#661=LINE('',#4730,#1036);
#662=LINE('',#4731,#1037);
#663=LINE('',#4734,#1038);
#664=LINE('',#4736,#1039);
#665=LINE('',#4737,#1040);
#666=LINE('',#4739,#1041);
#667=LINE('',#4740,#1042);
#668=LINE('',#4745,#1043);
#669=LINE('',#4747,#1044);
#670=LINE('',#4748,#1045);
#671=LINE('',#4750,#1046);
#672=LINE('',#4751,#1047);
#673=LINE('',#4756,#1048);
#674=LINE('',#4758,#1049);
#675=LINE('',#4759,#1050);
#676=LINE('',#4761,#1051);
#677=LINE('',#4762,#1052);
#678=LINE('',#4765,#1053);
#679=LINE('',#4766,#1054);
#680=LINE('',#4768,#1055);
#681=LINE('',#4769,#1056);
#682=LINE('',#4772,#1057);
#683=LINE('',#4774,#1058);
#684=LINE('',#4775,#1059);
#685=LINE('',#4778,#1060);
#686=LINE('',#4779,#1061);
#687=LINE('',#4781,#1062);
#688=LINE('',#4782,#1063);
#689=LINE('',#4784,#1064);
#690=LINE('',#4789,#1065);
#691=LINE('',#4791,#1066);
#692=LINE('',#4792,#1067);
#693=LINE('',#4795,#1068);
#694=LINE('',#4796,#1069);
#695=LINE('',#4799,#1070);
#696=LINE('',#4800,#1071);
#697=LINE('',#4803,#1072);
#698=LINE('',#4804,#1073);
#699=LINE('',#4806,#1074);
#700=LINE('',#4810,#1075);
#701=LINE('',#4812,#1076);
#702=LINE('',#4814,#1077);
#703=LINE('',#4815,#1078);
#704=LINE('',#4817,#1079);
#705=LINE('',#4818,#1080);
#706=LINE('',#4820,#1081);
#707=LINE('',#4822,#1082);
#708=LINE('',#4824,#1083);
#709=LINE('',#4828,#1084);
#710=LINE('',#4830,#1085);
#711=LINE('',#4831,#1086);
#712=LINE('',#4834,#1087);
#713=LINE('',#4835,#1088);
#714=LINE('',#4838,#1089);
#715=LINE('',#4839,#1090);
#716=LINE('',#4841,#1091);
#717=LINE('',#4845,#1092);
#718=LINE('',#4847,#1093);
#719=LINE('',#4849,#1094);
#720=LINE('',#4850,#1095);
#721=LINE('',#4852,#1096);
#722=LINE('',#4853,#1097);
#723=LINE('',#4855,#1098);
#724=LINE('',#4857,#1099);
#725=LINE('',#4859,#1100);
#726=LINE('',#4863,#1101);
#727=LINE('',#4865,#1102);
#728=LINE('',#4866,#1103);
#729=LINE('',#4869,#1104);
#730=LINE('',#4871,#1105);
#731=LINE('',#4872,#1106);
#732=LINE('',#4874,#1107);
#733=LINE('',#4875,#1108);
#734=LINE('',#4880,#1109);
#735=LINE('',#4882,#1110);
#736=LINE('',#4883,#1111);
#737=LINE('',#4886,#1112);
#738=LINE('',#4888,#1113);
#739=LINE('',#4889,#1114);
#740=LINE('',#4891,#1115);
#741=LINE('',#4892,#1116);
#742=LINE('',#4898,#1117);
#743=LINE('',#4899,#1118);
#744=LINE('',#4901,#1119);
#745=LINE('',#4902,#1120);
#746=LINE('',#4903,#1121);
#747=LINE('',#4914,#1122);
#748=LINE('',#4915,#1123);
#749=LINE('',#4916,#1124);
#750=LINE('',#4919,#1125);
#751=LINE('',#4921,#1126);
#752=LINE('',#4922,#1127);
#753=LINE('',#4924,#1128);
#754=LINE('',#4925,#1129);
#755=LINE('',#4926,#1130);
#756=LINE('',#4928,#1131);
#757=LINE('',#4929,#1132);
#758=LINE('',#4930,#1133);
#759=LINE('',#4934,#1134);
#760=LINE('',#4936,#1135);
#761=LINE('',#4938,#1136);
#762=LINE('',#4940,#1137);
#763=LINE('',#4942,#1138);
#764=LINE('',#4944,#1139);
#765=LINE('',#4945,#1140);
#766=LINE('',#4947,#1141);
#767=LINE('',#4948,#1142);
#768=LINE('',#4949,#1143);
#769=LINE('',#4951,#1144);
#770=LINE('',#4953,#1145);
#771=LINE('',#4962,#1146);
#772=LINE('',#4963,#1147);
#773=LINE('',#4964,#1148);
#774=LINE('',#4967,#1149);
#775=LINE('',#4969,#1150);
#776=LINE('',#4970,#1151);
#777=LINE('',#4972,#1152);
#778=LINE('',#4973,#1153);
#779=LINE('',#4974,#1154);
#780=LINE('',#4976,#1155);
#781=LINE('',#4977,#1156);
#782=LINE('',#4978,#1157);
#783=LINE('',#4982,#1158);
#784=LINE('',#4984,#1159);
#785=LINE('',#4986,#1160);
#786=LINE('',#4988,#1161);
#787=LINE('',#4990,#1162);
#788=LINE('',#4992,#1163);
#789=LINE('',#4993,#1164);
#790=LINE('',#4995,#1165);
#791=LINE('',#4996,#1166);
#792=LINE('',#4997,#1167);
#793=LINE('',#4999,#1168);
#794=LINE('',#5001,#1169);
#795=LINE('',#5009,#1170);
#796=LINE('',#5011,#1171);
#797=LINE('',#5012,#1172);
#798=LINE('',#5016,#1173);
#799=LINE('',#5017,#1174);
#800=LINE('',#5018,#1175);
#801=LINE('',#5020,#1176);
#802=LINE('',#5021,#1177);
#803=LINE('',#5022,#1178);
#804=LINE('',#5024,#1179);
#805=LINE('',#5025,#1180);
#806=LINE('',#5026,#1181);
#807=LINE('',#5030,#1182);
#808=LINE('',#5032,#1183);
#809=LINE('',#5034,#1184);
#810=LINE('',#5036,#1185);
#811=LINE('',#5038,#1186);
#812=LINE('',#5040,#1187);
#813=LINE('',#5041,#1188);
#814=LINE('',#5043,#1189);
#815=LINE('',#5044,#1190);
#816=LINE('',#5045,#1191);
#817=LINE('',#5047,#1192);
#818=LINE('',#5049,#1193);
#819=LINE('',#5057,#1194);
#820=LINE('',#5059,#1195);
#821=LINE('',#5060,#1196);
#822=LINE('',#5064,#1197);
#823=LINE('',#5065,#1198);
#824=LINE('',#5066,#1199);
#825=LINE('',#5068,#1200);
#826=LINE('',#5069,#1201);
#827=LINE('',#5070,#1202);
#828=LINE('',#5072,#1203);
#829=LINE('',#5073,#1204);
#830=LINE('',#5074,#1205);
#831=LINE('',#5078,#1206);
#832=LINE('',#5080,#1207);
#833=LINE('',#5082,#1208);
#834=LINE('',#5084,#1209);
#835=LINE('',#5086,#1210);
#836=LINE('',#5088,#1211);
#837=LINE('',#5089,#1212);
#838=LINE('',#5091,#1213);
#839=LINE('',#5092,#1214);
#840=LINE('',#5093,#1215);
#841=LINE('',#5095,#1216);
#842=LINE('',#5097,#1217);
#843=VECTOR('',#3418,1.);
#844=VECTOR('',#3419,1.);
#845=VECTOR('',#3420,1.);
#846=VECTOR('',#3421,1.);
#847=VECTOR('',#3426,1.);
#848=VECTOR('',#3433,1.);
#849=VECTOR('',#3434,1.);
#850=VECTOR('',#3435,1.);
#851=VECTOR('',#3442,1.);
#852=VECTOR('',#3449,1.);
#853=VECTOR('',#3450,1.);
#854=VECTOR('',#3451,1.);
#855=VECTOR('',#3460,1.);
#856=VECTOR('',#3461,1.);
#857=VECTOR('',#3462,1.);
#858=VECTOR('',#3463,1.);
#859=VECTOR('',#3466,1.);
#860=VECTOR('',#3467,1.);
#861=VECTOR('',#3468,1.);
#862=VECTOR('',#3469,1.);
#863=VECTOR('',#3474,1.);
#864=VECTOR('',#3481,1.);
#865=VECTOR('',#3482,1.);
#866=VECTOR('',#3483,1.);
#867=VECTOR('',#3490,1.);
#868=VECTOR('',#3497,1.);
#869=VECTOR('',#3498,1.);
#870=VECTOR('',#3499,1.);
#871=VECTOR('',#3508,1.);
#872=VECTOR('',#3509,1.);
#873=VECTOR('',#3510,1.);
#874=VECTOR('',#3511,1.);
#875=VECTOR('',#3514,1.);
#876=VECTOR('',#3515,1.);
#877=VECTOR('',#3516,1.);
#878=VECTOR('',#3517,1.);
#879=VECTOR('',#3520,1.);
#880=VECTOR('',#3527,1.);
#881=VECTOR('',#3528,1.);
#882=VECTOR('',#3529,1.);
#883=VECTOR('',#3540,1.);
#884=VECTOR('',#3547,1.);
#885=VECTOR('',#3548,1.);
#886=VECTOR('',#3549,1.);
#887=VECTOR('',#3556,1.);
#888=VECTOR('',#3557,1.);
#889=VECTOR('',#3558,1.);
#890=VECTOR('',#3559,1.);
#891=VECTOR('',#3562,1.);
#892=VECTOR('',#3563,1.);
#893=VECTOR('',#3564,1.);
#894=VECTOR('',#3565,1.);
#895=VECTOR('',#3566,1.);
#896=VECTOR('',#3567,1.);
#897=VECTOR('',#3568,1.);
#898=VECTOR('',#3569,1.);
#899=VECTOR('',#3570,1.);
#900=VECTOR('',#3571,1.);
#901=VECTOR('',#3572,1.);
#902=VECTOR('',#3573,1.);
#903=VECTOR('',#3574,1.);
#904=VECTOR('',#3575,1.);
#905=VECTOR('',#3576,1.);
#906=VECTOR('',#3577,1.);
#907=VECTOR('',#3578,1.);
#908=VECTOR('',#3579,1.);
#909=VECTOR('',#3582,1.);
#910=VECTOR('',#3583,1.);
#911=VECTOR('',#3584,1.);
#912=VECTOR('',#3585,1.);
#913=VECTOR('',#3586,1.);
#914=VECTOR('',#3587,1.);
#915=VECTOR('',#3588,1.);
#916=VECTOR('',#3589,1.);
#917=VECTOR('',#3590,1.);
#918=VECTOR('',#3593,1.);
#919=VECTOR('',#3594,1.);
#920=VECTOR('',#3595,1.);
#921=VECTOR('',#3596,1.);
#922=VECTOR('',#3599,1.);
#923=VECTOR('',#3606,1.);
#924=VECTOR('',#3607,1.);
#925=VECTOR('',#3618,1.);
#926=VECTOR('',#3625,1.);
#927=VECTOR('',#3626,1.);
#928=VECTOR('',#3633,1.);
#929=VECTOR('',#3634,1.);
#930=VECTOR('',#3635,1.);
#931=VECTOR('',#3636,1.);
#932=VECTOR('',#3639,1.);
#933=VECTOR('',#3640,1.);
#934=VECTOR('',#3641,1.);
#935=VECTOR('',#3642,1.);
#936=VECTOR('',#3643,1.);
#937=VECTOR('',#3644,1.);
#938=VECTOR('',#3645,1.);
#939=VECTOR('',#3646,1.);
#940=VECTOR('',#3647,1.);
#941=VECTOR('',#3650,1.);
#942=VECTOR('',#3651,1.);
#943=VECTOR('',#3652,1.);
#944=VECTOR('',#3655,1.);
#945=VECTOR('',#3656,1.);
#946=VECTOR('',#3657,1.);
#947=VECTOR('',#3660,1.);
#948=VECTOR('',#3661,1.);
#949=VECTOR('',#3662,1.);
#950=VECTOR('',#3663,1.);
#951=VECTOR('',#3666,1.);
#952=VECTOR('',#3667,1.);
#953=VECTOR('',#3668,1.);
#954=VECTOR('',#3669,1.);
#955=VECTOR('',#3670,1.);
#956=VECTOR('',#3671,1.);
#957=VECTOR('',#3672,1.);
#958=VECTOR('',#3673,1.);
#959=VECTOR('',#3674,1.);
#960=VECTOR('',#3677,1.);
#961=VECTOR('',#3678,1.);
#962=VECTOR('',#3679,1.);
#963=VECTOR('',#3680,1.);
#964=VECTOR('',#3683,1.);
#965=VECTOR('',#3684,1.);
#966=VECTOR('',#3685,1.);
#967=VECTOR('',#3686,1.);
#968=VECTOR('',#3687,1.);
#969=VECTOR('',#3688,1.);
#970=VECTOR('',#3689,1.);
#971=VECTOR('',#3690,1.);
#972=VECTOR('',#3691,1.);
#973=VECTOR('',#3692,1.);
#974=VECTOR('',#3693,1.);
#975=VECTOR('',#3694,1.);
#976=VECTOR('',#3695,1.);
#977=VECTOR('',#3696,1.);
#978=VECTOR('',#3697,1.);
#979=VECTOR('',#3698,1.);
#980=VECTOR('',#3699,1.);
#981=VECTOR('',#3700,1.);
#982=VECTOR('',#3701,1.);
#983=VECTOR('',#3704,1.);
#984=VECTOR('',#3705,1.);
#985=VECTOR('',#3706,1.);
#986=VECTOR('',#3707,1.);
#987=VECTOR('',#3710,1.);
#988=VECTOR('',#3711,1.);
#989=VECTOR('',#3712,1.);
#990=VECTOR('',#3715,1.);
#991=VECTOR('',#3716,1.);
#992=VECTOR('',#3717,1.);
#993=VECTOR('',#3718,1.);
#994=VECTOR('',#3719,1.);
#995=VECTOR('',#3720,1.);
#996=VECTOR('',#3721,1.);
#997=VECTOR('',#3722,1.);
#998=VECTOR('',#3723,1.);
#999=VECTOR('',#3724,1.);
#1000=VECTOR('',#3725,1.);
#1001=VECTOR('',#3726,1.);
#1002=VECTOR('',#3727,1.);
#1003=VECTOR('',#3728,1.);
#1004=VECTOR('',#3729,1.);
#1005=VECTOR('',#3730,1.);
#1006=VECTOR('',#3731,1.);
#1007=VECTOR('',#3732,1.);
#1008=VECTOR('',#3733,1.);
#1009=VECTOR('',#3734,1.);
#1010=VECTOR('',#3735,1.);
#1011=VECTOR('',#3736,1.);
#1012=VECTOR('',#3737,1.);
#1013=VECTOR('',#3738,1.);
#1014=VECTOR('',#3741,1.);
#1015=VECTOR('',#3742,1.);
#1016=VECTOR('',#3743,1.);
#1017=VECTOR('',#3744,1.);
#1018=VECTOR('',#3745,1.);
#1019=VECTOR('',#3748,1.);
#1020=VECTOR('',#3749,1.);
#1021=VECTOR('',#3750,1.);
#1022=VECTOR('',#3751,1.);
#1023=VECTOR('',#3752,1.);
#1024=VECTOR('',#3753,1.);
#1025=VECTOR('',#3754,1.);
#1026=VECTOR('',#3757,1.);
#1027=VECTOR('',#3758,1.);
#1028=VECTOR('',#3759,1.);
#1029=VECTOR('',#3762,1.);
#1030=VECTOR('',#3763,1.);
#1031=VECTOR('',#3764,1.);
#1032=VECTOR('',#3767,1.);
#1033=VECTOR('',#3768,1.);
#1034=VECTOR('',#3775,1.);
#1035=VECTOR('',#3776,1.);
#1036=VECTOR('',#3779,1.);
#1037=VECTOR('',#3780,1.);
#1038=VECTOR('',#3783,1.);
#1039=VECTOR('',#3784,1.);
#1040=VECTOR('',#3785,1.);
#1041=VECTOR('',#3788,1.);
#1042=VECTOR('',#3789,1.);
#1043=VECTOR('',#3796,1.);
#1044=VECTOR('',#3797,1.);
#1045=VECTOR('',#3798,1.);
#1046=VECTOR('',#3801,1.);
#1047=VECTOR('',#3802,1.);
#1048=VECTOR('',#3809,1.);
#1049=VECTOR('',#3810,1.);
#1050=VECTOR('',#3811,1.);
#1051=VECTOR('',#3814,1.);
#1052=VECTOR('',#3815,1.);
#1053=VECTOR('',#3818,1.);
#1054=VECTOR('',#3819,1.);
#1055=VECTOR('',#3822,1.);
#1056=VECTOR('',#3823,1.);
#1057=VECTOR('',#3826,1.);
#1058=VECTOR('',#3827,1.);
#1059=VECTOR('',#3828,1.);
#1060=VECTOR('',#3831,1.);
#1061=VECTOR('',#3832,1.);
#1062=VECTOR('',#3835,1.);
#1063=VECTOR('',#3836,1.);
#1064=VECTOR('',#3839,1.);
#1065=VECTOR('',#3846,1.);
#1066=VECTOR('',#3847,1.);
#1067=VECTOR('',#3848,1.);
#1068=VECTOR('',#3851,1.);
#1069=VECTOR('',#3852,1.);
#1070=VECTOR('',#3855,1.);
#1071=VECTOR('',#3856,1.);
#1072=VECTOR('',#3859,1.);
#1073=VECTOR('',#3860,1.);
#1074=VECTOR('',#3863,1.);
#1075=VECTOR('',#3866,1.);
#1076=VECTOR('',#3867,1.);
#1077=VECTOR('',#3868,1.);
#1078=VECTOR('',#3869,1.);
#1079=VECTOR('',#3872,1.);
#1080=VECTOR('',#3873,1.);
#1081=VECTOR('',#3876,1.);
#1082=VECTOR('',#3879,1.);
#1083=VECTOR('',#3882,1.);
#1084=VECTOR('',#3887,1.);
#1085=VECTOR('',#3888,1.);
#1086=VECTOR('',#3889,1.);
#1087=VECTOR('',#3892,1.);
#1088=VECTOR('',#3893,1.);
#1089=VECTOR('',#3896,1.);
#1090=VECTOR('',#3897,1.);
#1091=VECTOR('',#3900,1.);
#1092=VECTOR('',#3903,1.);
#1093=VECTOR('',#3904,1.);
#1094=VECTOR('',#3905,1.);
#1095=VECTOR('',#3906,1.);
#1096=VECTOR('',#3909,1.);
#1097=VECTOR('',#3910,1.);
#1098=VECTOR('',#3913,1.);
#1099=VECTOR('',#3916,1.);
#1100=VECTOR('',#3919,1.);
#1101=VECTOR('',#3924,1.);
#1102=VECTOR('',#3925,1.);
#1103=VECTOR('',#3926,1.);
#1104=VECTOR('',#3929,1.);
#1105=VECTOR('',#3930,1.);
#1106=VECTOR('',#3931,1.);
#1107=VECTOR('',#3934,1.);
#1108=VECTOR('',#3935,1.);
#1109=VECTOR('',#3942,1.);
#1110=VECTOR('',#3943,1.);
#1111=VECTOR('',#3944,1.);
#1112=VECTOR('',#3947,1.);
#1113=VECTOR('',#3948,1.);
#1114=VECTOR('',#3949,1.);
#1115=VECTOR('',#3952,1.);
#1116=VECTOR('',#3953,1.);
#1117=VECTOR('',#3962,1.);
#1118=VECTOR('',#3963,1.);
#1119=VECTOR('',#3966,1.);
#1120=VECTOR('',#3967,1.);
#1121=VECTOR('',#3968,1.);
#1122=VECTOR('',#3985,1.);
#1123=VECTOR('',#3986,1.);
#1124=VECTOR('',#3987,1.);
#1125=VECTOR('',#3990,1.);
#1126=VECTOR('',#3991,1.);
#1127=VECTOR('',#3992,1.);
#1128=VECTOR('',#3995,1.);
#1129=VECTOR('',#3996,1.);
#1130=VECTOR('',#3997,1.);
#1131=VECTOR('',#4000,1.);
#1132=VECTOR('',#4001,1.);
#1133=VECTOR('',#4002,1.);
#1134=VECTOR('',#4009,1.);
#1135=VECTOR('',#4012,1.);
#1136=VECTOR('',#4015,1.);
#1137=VECTOR('',#4018,1.);
#1138=VECTOR('',#4021,1.);
#1139=VECTOR('',#4024,1.);
#1140=VECTOR('',#4025,1.);
#1141=VECTOR('',#4028,1.);
#1142=VECTOR('',#4029,1.);
#1143=VECTOR('',#4030,1.);
#1144=VECTOR('',#4033,1.);
#1145=VECTOR('',#4036,1.);
#1146=VECTOR('',#4049,1.);
#1147=VECTOR('',#4050,1.);
#1148=VECTOR('',#4051,1.);
#1149=VECTOR('',#4054,1.);
#1150=VECTOR('',#4055,1.);
#1151=VECTOR('',#4056,1.);
#1152=VECTOR('',#4059,1.);
#1153=VECTOR('',#4060,1.);
#1154=VECTOR('',#4061,1.);
#1155=VECTOR('',#4064,1.);
#1156=VECTOR('',#4065,1.);
#1157=VECTOR('',#4066,1.);
#1158=VECTOR('',#4073,1.);
#1159=VECTOR('',#4076,1.);
#1160=VECTOR('',#4079,1.);
#1161=VECTOR('',#4082,1.);
#1162=VECTOR('',#4085,1.);
#1163=VECTOR('',#4088,1.);
#1164=VECTOR('',#4089,1.);
#1165=VECTOR('',#4092,1.);
#1166=VECTOR('',#4093,1.);
#1167=VECTOR('',#4094,1.);
#1168=VECTOR('',#4097,1.);
#1169=VECTOR('',#4100,1.);
#1170=VECTOR('',#4113,1.);
#1171=VECTOR('',#4114,1.);
#1172=VECTOR('',#4115,1.);
#1173=VECTOR('',#4118,1.);
#1174=VECTOR('',#4119,1.);
#1175=VECTOR('',#4120,1.);
#1176=VECTOR('',#4123,1.);
#1177=VECTOR('',#4124,1.);
#1178=VECTOR('',#4125,1.);
#1179=VECTOR('',#4128,1.);
#1180=VECTOR('',#4129,1.);
#1181=VECTOR('',#4130,1.);
#1182=VECTOR('',#4137,1.);
#1183=VECTOR('',#4140,1.);
#1184=VECTOR('',#4143,1.);
#1185=VECTOR('',#4146,1.);
#1186=VECTOR('',#4149,1.);
#1187=VECTOR('',#4152,1.);
#1188=VECTOR('',#4153,1.);
#1189=VECTOR('',#4156,1.);
#1190=VECTOR('',#4157,1.);
#1191=VECTOR('',#4158,1.);
#1192=VECTOR('',#4161,1.);
#1193=VECTOR('',#4164,1.);
#1194=VECTOR('',#4177,1.);
#1195=VECTOR('',#4178,1.);
#1196=VECTOR('',#4179,1.);
#1197=VECTOR('',#4182,1.);
#1198=VECTOR('',#4183,1.);
#1199=VECTOR('',#4184,1.);
#1200=VECTOR('',#4187,1.);
#1201=VECTOR('',#4188,1.);
#1202=VECTOR('',#4189,1.);
#1203=VECTOR('',#4192,1.);
#1204=VECTOR('',#4193,1.);
#1205=VECTOR('',#4194,1.);
#1206=VECTOR('',#4201,1.);
#1207=VECTOR('',#4204,1.);
#1208=VECTOR('',#4207,1.);
#1209=VECTOR('',#4210,1.);
#1210=VECTOR('',#4213,1.);
#1211=VECTOR('',#4216,1.);
#1212=VECTOR('',#4217,1.);
#1213=VECTOR('',#4220,1.);
#1214=VECTOR('',#4221,1.);
#1215=VECTOR('',#4222,1.);
#1216=VECTOR('',#4225,1.);
#1217=VECTOR('',#4228,1.);
#1218=VERTEX_POINT('',#4241);
#1219=VERTEX_POINT('',#4242);
#1220=VERTEX_POINT('',#4244);
#1221=VERTEX_POINT('',#4246);
#1222=VERTEX_POINT('',#4250);
#1223=VERTEX_POINT('',#4251);
#1224=VERTEX_POINT('',#4253);
#1225=VERTEX_POINT('',#4255);
#1226=VERTEX_POINT('',#4257);
#1227=VERTEX_POINT('',#4259);
#1228=VERTEX_POINT('',#4261);
#1229=VERTEX_POINT('',#4263);
#1230=VERTEX_POINT('',#4265);
#1231=VERTEX_POINT('',#4267);
#1232=VERTEX_POINT('',#4271);
#1233=VERTEX_POINT('',#4272);
#1234=VERTEX_POINT('',#4274);
#1235=VERTEX_POINT('',#4276);
#1236=VERTEX_POINT('',#4278);
#1237=VERTEX_POINT('',#4280);
#1238=VERTEX_POINT('',#4282);
#1239=VERTEX_POINT('',#4284);
#1240=VERTEX_POINT('',#4286);
#1241=VERTEX_POINT('',#4288);
#1242=VERTEX_POINT('',#4292);
#1243=VERTEX_POINT('',#4293);
#1244=VERTEX_POINT('',#4295);
#1245=VERTEX_POINT('',#4297);
#1246=VERTEX_POINT('',#4301);
#1247=VERTEX_POINT('',#4302);
#1248=VERTEX_POINT('',#4304);
#1249=VERTEX_POINT('',#4306);
#1250=VERTEX_POINT('',#4310);
#1251=VERTEX_POINT('',#4311);
#1252=VERTEX_POINT('',#4313);
#1253=VERTEX_POINT('',#4315);
#1254=VERTEX_POINT('',#4317);
#1255=VERTEX_POINT('',#4319);
#1256=VERTEX_POINT('',#4321);
#1257=VERTEX_POINT('',#4323);
#1258=VERTEX_POINT('',#4325);
#1259=VERTEX_POINT('',#4327);
#1260=VERTEX_POINT('',#4331);
#1261=VERTEX_POINT('',#4332);
#1262=VERTEX_POINT('',#4334);
#1263=VERTEX_POINT('',#4336);
#1264=VERTEX_POINT('',#4338);
#1265=VERTEX_POINT('',#4340);
#1266=VERTEX_POINT('',#4342);
#1267=VERTEX_POINT('',#4344);
#1268=VERTEX_POINT('',#4346);
#1269=VERTEX_POINT('',#4348);
#1270=VERTEX_POINT('',#4352);
#1271=VERTEX_POINT('',#4353);
#1272=VERTEX_POINT('',#4355);
#1273=VERTEX_POINT('',#4357);
#1274=VERTEX_POINT('',#4361);
#1275=VERTEX_POINT('',#4362);
#1276=VERTEX_POINT('',#4364);
#1277=VERTEX_POINT('',#4366);
#1278=VERTEX_POINT('',#4370);
#1279=VERTEX_POINT('',#4371);
#1280=VERTEX_POINT('',#4373);
#1281=VERTEX_POINT('',#4375);
#1282=VERTEX_POINT('',#4377);
#1283=VERTEX_POINT('',#4379);
#1284=VERTEX_POINT('',#4381);
#1285=VERTEX_POINT('',#4383);
#1286=VERTEX_POINT('',#4385);
#1287=VERTEX_POINT('',#4387);
#1288=VERTEX_POINT('',#4391);
#1289=VERTEX_POINT('',#4392);
#1290=VERTEX_POINT('',#4394);
#1291=VERTEX_POINT('',#4396);
#1292=VERTEX_POINT('',#4398);
#1293=VERTEX_POINT('',#4400);
#1294=VERTEX_POINT('',#4402);
#1295=VERTEX_POINT('',#4404);
#1296=VERTEX_POINT('',#4406);
#1297=VERTEX_POINT('',#4408);
#1298=VERTEX_POINT('',#4412);
#1299=VERTEX_POINT('',#4413);
#1300=VERTEX_POINT('',#4415);
#1301=VERTEX_POINT('',#4417);
#1302=VERTEX_POINT('',#4421);
#1303=VERTEX_POINT('',#4422);
#1304=VERTEX_POINT('',#4424);
#1305=VERTEX_POINT('',#4426);
#1306=VERTEX_POINT('',#4428);
#1307=VERTEX_POINT('',#4430);
#1308=VERTEX_POINT('',#4432);
#1309=VERTEX_POINT('',#4434);
#1310=VERTEX_POINT('',#4443);
#1311=VERTEX_POINT('',#4444);
#1312=VERTEX_POINT('',#4446);
#1313=VERTEX_POINT('',#4448);
#1314=VERTEX_POINT('',#4452);
#1315=VERTEX_POINT('',#4453);
#1316=VERTEX_POINT('',#4455);
#1317=VERTEX_POINT('',#4457);
#1318=VERTEX_POINT('',#4459);
#1319=VERTEX_POINT('',#4462);
#1320=VERTEX_POINT('',#4463);
#1321=VERTEX_POINT('',#4465);
#1322=VERTEX_POINT('',#4467);
#1323=VERTEX_POINT('',#4471);
#1324=VERTEX_POINT('',#4472);
#1325=VERTEX_POINT('',#4474);
#1326=VERTEX_POINT('',#4476);
#1327=VERTEX_POINT('',#4480);
#1328=VERTEX_POINT('',#4481);
#1329=VERTEX_POINT('',#4483);
#1330=VERTEX_POINT('',#4485);
#1331=VERTEX_POINT('',#4487);
#1332=VERTEX_POINT('',#4490);
#1333=VERTEX_POINT('',#4492);
#1334=VERTEX_POINT('',#4494);
#1335=VERTEX_POINT('',#4498);
#1336=VERTEX_POINT('',#4499);
#1337=VERTEX_POINT('',#4501);
#1338=VERTEX_POINT('',#4503);
#1339=VERTEX_POINT('',#4505);
#1340=VERTEX_POINT('',#4507);
#1341=VERTEX_POINT('',#4510);
#1342=VERTEX_POINT('',#4512);
#1343=VERTEX_POINT('',#4516);
#1344=VERTEX_POINT('',#4517);
#1345=VERTEX_POINT('',#4519);
#1346=VERTEX_POINT('',#4521);
#1347=VERTEX_POINT('',#4525);
#1348=VERTEX_POINT('',#4526);
#1349=VERTEX_POINT('',#4528);
#1350=VERTEX_POINT('',#4530);
#1351=VERTEX_POINT('',#4532);
#1352=VERTEX_POINT('',#4535);
#1353=VERTEX_POINT('',#4536);
#1354=VERTEX_POINT('',#4538);
#1355=VERTEX_POINT('',#4540);
#1356=VERTEX_POINT('',#4544);
#1357=VERTEX_POINT('',#4545);
#1358=VERTEX_POINT('',#4547);
#1359=VERTEX_POINT('',#4551);
#1360=VERTEX_POINT('',#4553);
#1361=VERTEX_POINT('',#4557);
#1362=VERTEX_POINT('',#4563);
#1363=VERTEX_POINT('',#4564);
#1364=VERTEX_POINT('',#4566);
#1365=VERTEX_POINT('',#4569);
#1366=VERTEX_POINT('',#4571);
#1367=VERTEX_POINT('',#4573);
#1368=VERTEX_POINT('',#4575);
#1369=VERTEX_POINT('',#4577);
#1370=VERTEX_POINT('',#4581);
#1371=VERTEX_POINT('',#4582);
#1372=VERTEX_POINT('',#4584);
#1373=VERTEX_POINT('',#4589);
#1374=VERTEX_POINT('',#4590);
#1375=VERTEX_POINT('',#4592);
#1376=VERTEX_POINT('',#4594);
#1377=VERTEX_POINT('',#4596);
#1378=VERTEX_POINT('',#4599);
#1379=VERTEX_POINT('',#4601);
#1380=VERTEX_POINT('',#4603);
#1381=VERTEX_POINT('',#4605);
#1382=VERTEX_POINT('',#4607);
#1383=VERTEX_POINT('',#4610);
#1384=VERTEX_POINT('',#4611);
#1385=VERTEX_POINT('',#4613);
#1386=VERTEX_POINT('',#4615);
#1387=VERTEX_POINT('',#4618);
#1388=VERTEX_POINT('',#4619);
#1389=VERTEX_POINT('',#4621);
#1390=VERTEX_POINT('',#4623);
#1391=VERTEX_POINT('',#4627);
#1392=VERTEX_POINT('',#4628);
#1393=VERTEX_POINT('',#4630);
#1394=VERTEX_POINT('',#4632);
#1395=VERTEX_POINT('',#4636);
#1396=VERTEX_POINT('',#4637);
#1397=VERTEX_POINT('',#4643);
#1398=VERTEX_POINT('',#4646);
#1399=VERTEX_POINT('',#4649);
#1400=VERTEX_POINT('',#4650);
#1401=VERTEX_POINT('',#4652);
#1402=VERTEX_POINT('',#4654);
#1403=VERTEX_POINT('',#4656);
#1404=VERTEX_POINT('',#4659);
#1405=VERTEX_POINT('',#4660);
#1406=VERTEX_POINT('',#4662);
#1407=VERTEX_POINT('',#4664);
#1408=VERTEX_POINT('',#4667);
#1409=VERTEX_POINT('',#4668);
#1410=VERTEX_POINT('',#4670);
#1411=VERTEX_POINT('',#4672);
#1412=VERTEX_POINT('',#4674);
#1413=VERTEX_POINT('',#4677);
#1414=VERTEX_POINT('',#4678);
#1415=VERTEX_POINT('',#4680);
#1416=VERTEX_POINT('',#4682);
#1417=VERTEX_POINT('',#4684);
#1418=VERTEX_POINT('',#4689);
#1419=VERTEX_POINT('',#4690);
#1420=VERTEX_POINT('',#4692);
#1421=VERTEX_POINT('',#4694);
#1422=VERTEX_POINT('',#4699);
#1423=VERTEX_POINT('',#4701);
#1424=VERTEX_POINT('',#4703);
#1425=VERTEX_POINT('',#4705);
#1426=VERTEX_POINT('',#4710);
#1427=VERTEX_POINT('',#4712);
#1428=VERTEX_POINT('',#4716);
#1429=VERTEX_POINT('',#4718);
#1430=VERTEX_POINT('',#4733);
#1431=VERTEX_POINT('',#4735);
#1432=VERTEX_POINT('',#4744);
#1433=VERTEX_POINT('',#4746);
#1434=VERTEX_POINT('',#4755);
#1435=VERTEX_POINT('',#4757);
#1436=VERTEX_POINT('',#4764);
#1437=VERTEX_POINT('',#4771);
#1438=VERTEX_POINT('',#4773);
#1439=VERTEX_POINT('',#4777);
#1440=VERTEX_POINT('',#4788);
#1441=VERTEX_POINT('',#4790);
#1442=VERTEX_POINT('',#4794);
#1443=VERTEX_POINT('',#4798);
#1444=VERTEX_POINT('',#4802);
#1445=VERTEX_POINT('',#4808);
#1446=VERTEX_POINT('',#4809);
#1447=VERTEX_POINT('',#4811);
#1448=VERTEX_POINT('',#4813);
#1449=VERTEX_POINT('',#4827);
#1450=VERTEX_POINT('',#4829);
#1451=VERTEX_POINT('',#4833);
#1452=VERTEX_POINT('',#4837);
#1453=VERTEX_POINT('',#4843);
#1454=VERTEX_POINT('',#4844);
#1455=VERTEX_POINT('',#4846);
#1456=VERTEX_POINT('',#4848);
#1457=VERTEX_POINT('',#4862);
#1458=VERTEX_POINT('',#4864);
#1459=VERTEX_POINT('',#4868);
#1460=VERTEX_POINT('',#4870);
#1461=VERTEX_POINT('',#4879);
#1462=VERTEX_POINT('',#4881);
#1463=VERTEX_POINT('',#4885);
#1464=VERTEX_POINT('',#4887);
#1465=VERTEX_POINT('',#4897);
#1466=VERTEX_POINT('',#4912);
#1467=VERTEX_POINT('',#4913);
#1468=VERTEX_POINT('',#4918);
#1469=VERTEX_POINT('',#4920);
#1470=VERTEX_POINT('',#4960);
#1471=VERTEX_POINT('',#4961);
#1472=VERTEX_POINT('',#4966);
#1473=VERTEX_POINT('',#4968);
#1474=VERTEX_POINT('',#5008);
#1475=VERTEX_POINT('',#5010);
#1476=VERTEX_POINT('',#5014);
#1477=VERTEX_POINT('',#5015);
#1478=VERTEX_POINT('',#5056);
#1479=VERTEX_POINT('',#5058);
#1480=VERTEX_POINT('',#5062);
#1481=VERTEX_POINT('',#5063);
#1482=EDGE_CURVE('',#1218,#1219,#468,.T.);
#1483=EDGE_CURVE('',#1218,#1220,#469,.T.);
#1484=EDGE_CURVE('',#1220,#1221,#470,.T.);
#1485=EDGE_CURVE('',#1219,#1221,#471,.T.);
#1486=EDGE_CURVE('',#1222,#1223,#53,.T.);
#1487=EDGE_CURVE('',#1223,#1224,#472,.T.);
#1488=EDGE_CURVE('',#1224,#1225,#54,.T.);
#1489=EDGE_CURVE('',#1225,#1226,#55,.T.);
#1490=EDGE_CURVE('',#1226,#1227,#56,.T.);
#1491=EDGE_CURVE('',#1227,#1228,#473,.T.);
#1492=EDGE_CURVE('',#1229,#1228,#474,.T.);
#1493=EDGE_CURVE('',#1229,#1230,#475,.T.);
#1494=EDGE_CURVE('',#1230,#1231,#57,.T.);
#1495=EDGE_CURVE('',#1231,#1222,#58,.T.);
#1496=EDGE_CURVE('',#1232,#1233,#476,.T.);
#1497=EDGE_CURVE('',#1234,#1232,#59,.T.);
#1498=EDGE_CURVE('',#1235,#1234,#60,.T.);
#1499=EDGE_CURVE('',#1236,#1235,#61,.T.);
#1500=EDGE_CURVE('',#1237,#1236,#477,.T.);
#1501=EDGE_CURVE('',#1237,#1238,#478,.T.);
#1502=EDGE_CURVE('',#1239,#1238,#479,.T.);
#1503=EDGE_CURVE('',#1240,#1239,#62,.T.);
#1504=EDGE_CURVE('',#1241,#1240,#63,.T.);
#1505=EDGE_CURVE('',#1233,#1241,#64,.T.);
#1506=EDGE_CURVE('',#1242,#1243,#480,.T.);
#1507=EDGE_CURVE('',#1243,#1244,#481,.T.);
#1508=EDGE_CURVE('',#1245,#1244,#482,.T.);
#1509=EDGE_CURVE('',#1242,#1245,#483,.T.);
#1510=EDGE_CURVE('',#1246,#1247,#484,.T.);
#1511=EDGE_CURVE('',#1246,#1248,#485,.T.);
#1512=EDGE_CURVE('',#1248,#1249,#486,.T.);
#1513=EDGE_CURVE('',#1247,#1249,#487,.T.);
#1514=EDGE_CURVE('',#1250,#1251,#65,.T.);
#1515=EDGE_CURVE('',#1251,#1252,#488,.T.);
#1516=EDGE_CURVE('',#1252,#1253,#66,.T.);
#1517=EDGE_CURVE('',#1253,#1254,#67,.T.);
#1518=EDGE_CURVE('',#1254,#1255,#68,.T.);
#1519=EDGE_CURVE('',#1255,#1256,#489,.T.);
#1520=EDGE_CURVE('',#1257,#1256,#490,.T.);
#1521=EDGE_CURVE('',#1257,#1258,#491,.T.);
#1522=EDGE_CURVE('',#1258,#1259,#69,.T.);
#1523=EDGE_CURVE('',#1259,#1250,#70,.T.);
#1524=EDGE_CURVE('',#1260,#1261,#492,.T.);
#1525=EDGE_CURVE('',#1262,#1260,#71,.T.);
#1526=EDGE_CURVE('',#1263,#1262,#72,.T.);
#1527=EDGE_CURVE('',#1264,#1263,#73,.T.);
#1528=EDGE_CURVE('',#1265,#1264,#493,.T.);
#1529=EDGE_CURVE('',#1265,#1266,#494,.T.);
#1530=EDGE_CURVE('',#1267,#1266,#495,.T.);
#1531=EDGE_CURVE('',#1268,#1267,#74,.T.);
#1532=EDGE_CURVE('',#1269,#1268,#75,.T.);
#1533=EDGE_CURVE('',#1261,#1269,#76,.T.);
#1534=EDGE_CURVE('',#1270,#1271,#496,.T.);
#1535=EDGE_CURVE('',#1271,#1272,#497,.T.);
#1536=EDGE_CURVE('',#1273,#1272,#498,.T.);
#1537=EDGE_CURVE('',#1270,#1273,#499,.T.);
#1538=EDGE_CURVE('',#1274,#1275,#500,.T.);
#1539=EDGE_CURVE('',#1275,#1276,#501,.T.);
#1540=EDGE_CURVE('',#1277,#1276,#502,.T.);
#1541=EDGE_CURVE('',#1274,#1277,#503,.T.);
#1542=EDGE_CURVE('',#1278,#1279,#504,.T.);
#1543=EDGE_CURVE('',#1278,#1280,#77,.T.);
#1544=EDGE_CURVE('',#1280,#1281,#78,.T.);
#1545=EDGE_CURVE('',#1281,#1282,#79,.T.);
#1546=EDGE_CURVE('',#1282,#1283,#505,.T.);
#1547=EDGE_CURVE('',#1283,#1284,#506,.T.);
#1548=EDGE_CURVE('',#1284,#1285,#507,.T.);
#1549=EDGE_CURVE('',#1285,#1286,#80,.T.);
#1550=EDGE_CURVE('',#1286,#1287,#81,.T.);
#1551=EDGE_CURVE('',#1287,#1279,#82,.T.);
#1552=EDGE_CURVE('',#1288,#1289,#83,.T.);
#1553=EDGE_CURVE('',#1288,#1290,#508,.T.);
#1554=EDGE_CURVE('',#1291,#1290,#84,.T.);
#1555=EDGE_CURVE('',#1292,#1291,#85,.T.);
#1556=EDGE_CURVE('',#1293,#1292,#86,.T.);
#1557=EDGE_CURVE('',#1294,#1293,#509,.T.);
#1558=EDGE_CURVE('',#1295,#1294,#510,.T.);
#1559=EDGE_CURVE('',#1296,#1295,#511,.T.);
#1560=EDGE_CURVE('',#1297,#1296,#87,.T.);
#1561=EDGE_CURVE('',#1289,#1297,#88,.T.);
#1562=EDGE_CURVE('',#1298,#1299,#512,.T.);
#1563=EDGE_CURVE('',#1298,#1300,#513,.T.);
#1564=EDGE_CURVE('',#1300,#1301,#514,.T.);
#1565=EDGE_CURVE('',#1299,#1301,#515,.T.);
#1566=EDGE_CURVE('',#1302,#1303,#516,.T.);
#1567=EDGE_CURVE('',#1302,#1304,#517,.T.);
#1568=EDGE_CURVE('',#1305,#1304,#518,.T.);
#1569=EDGE_CURVE('',#1306,#1305,#519,.T.);
#1570=EDGE_CURVE('',#1307,#1306,#520,.T.);
#1571=EDGE_CURVE('',#1308,#1307,#521,.T.);
#1572=EDGE_CURVE('',#1308,#1309,#522,.T.);
#1573=EDGE_CURVE('',#1303,#1309,#523,.T.);
#1574=EDGE_CURVE('',#1295,#1283,#524,.T.);
#1575=EDGE_CURVE('',#1284,#1294,#525,.T.);
#1576=EDGE_CURVE('',#1229,#1237,#526,.T.);
#1577=EDGE_CURVE('',#1238,#1228,#527,.T.);
#1578=EDGE_CURVE('',#1257,#1265,#528,.T.);
#1579=EDGE_CURVE('',#1266,#1256,#529,.T.);
#1580=EDGE_CURVE('',#1310,#1311,#530,.T.);
#1581=EDGE_CURVE('',#1312,#1310,#531,.T.);
#1582=EDGE_CURVE('',#1312,#1313,#532,.T.);
#1583=EDGE_CURVE('',#1311,#1313,#533,.T.);
#1584=EDGE_CURVE('',#1314,#1315,#534,.T.);
#1585=EDGE_CURVE('',#1316,#1314,#535,.T.);
#1586=EDGE_CURVE('',#1317,#1316,#536,.T.);
#1587=EDGE_CURVE('',#1318,#1317,#537,.T.);
#1588=EDGE_CURVE('',#1315,#1318,#538,.T.);
#1589=EDGE_CURVE('',#1319,#1320,#539,.T.);
#1590=EDGE_CURVE('',#1320,#1321,#540,.T.);
#1591=EDGE_CURVE('',#1321,#1322,#541,.T.);
#1592=EDGE_CURVE('',#1319,#1322,#542,.T.);
#1593=EDGE_CURVE('',#1323,#1324,#543,.T.);
#1594=EDGE_CURVE('',#1324,#1325,#544,.T.);
#1595=EDGE_CURVE('',#1326,#1325,#545,.T.);
#1596=EDGE_CURVE('',#1323,#1326,#546,.T.);
#1597=EDGE_CURVE('',#1327,#1328,#547,.T.);
#1598=EDGE_CURVE('',#1327,#1329,#89,.T.);
#1599=EDGE_CURVE('',#1329,#1330,#90,.T.);
#1600=EDGE_CURVE('',#1330,#1331,#91,.T.);
#1601=EDGE_CURVE('',#1331,#1310,#548,.T.);
#1602=EDGE_CURVE('',#1311,#1332,#549,.T.);
#1603=EDGE_CURVE('',#1332,#1333,#92,.T.);
#1604=EDGE_CURVE('',#1333,#1334,#93,.T.);
#1605=EDGE_CURVE('',#1334,#1328,#94,.T.);
#1606=EDGE_CURVE('',#1335,#1336,#95,.T.);
#1607=EDGE_CURVE('',#1335,#1337,#550,.T.);
#1608=EDGE_CURVE('',#1338,#1337,#96,.T.);
#1609=EDGE_CURVE('',#1339,#1338,#97,.T.);
#1610=EDGE_CURVE('',#1340,#1339,#98,.T.);
#1611=EDGE_CURVE('',#1313,#1340,#551,.T.);
#1612=EDGE_CURVE('',#1341,#1312,#552,.T.);
#1613=EDGE_CURVE('',#1342,#1341,#99,.T.);
#1614=EDGE_CURVE('',#1336,#1342,#100,.T.);
#1615=EDGE_CURVE('',#1343,#1344,#553,.T.);
#1616=EDGE_CURVE('',#1343,#1345,#554,.T.);
#1617=EDGE_CURVE('',#1345,#1346,#555,.T.);
#1618=EDGE_CURVE('',#1344,#1346,#556,.T.);
#1619=EDGE_CURVE('',#1347,#1348,#557,.T.);
#1620=EDGE_CURVE('',#1349,#1347,#558,.T.);
#1621=EDGE_CURVE('',#1350,#1349,#559,.T.);
#1622=EDGE_CURVE('',#1351,#1350,#560,.T.);
#1623=EDGE_CURVE('',#1348,#1351,#561,.T.);
#1624=EDGE_CURVE('',#1352,#1353,#562,.T.);
#1625=EDGE_CURVE('',#1353,#1354,#563,.T.);
#1626=EDGE_CURVE('',#1354,#1355,#564,.T.);
#1627=EDGE_CURVE('',#1352,#1355,#565,.T.);
#1628=EDGE_CURVE('',#1356,#1357,#566,.T.);
#1629=EDGE_CURVE('',#1357,#1358,#567,.T.);
#1630=EDGE_CURVE('',#1358,#1356,#568,.T.);
#1631=EDGE_CURVE('',#1359,#1356,#569,.T.);
#1632=EDGE_CURVE('',#1356,#1360,#570,.T.);
#1633=EDGE_CURVE('',#1359,#1360,#571,.T.);
#1634=EDGE_CURVE('',#1361,#1357,#572,.T.);
#1635=EDGE_CURVE('',#1357,#1359,#573,.T.);
#1636=EDGE_CURVE('',#1359,#1302,#574,.T.);
#1637=EDGE_CURVE('',#1303,#1361,#575,.T.);
#1638=EDGE_CURVE('',#1362,#1363,#576,.T.);
#1639=EDGE_CURVE('',#1362,#1364,#577,.T.);
#1640=EDGE_CURVE('',#1364,#1307,#578,.T.);
#1641=EDGE_CURVE('',#1306,#1365,#579,.T.);
#1642=EDGE_CURVE('',#1365,#1366,#580,.T.);
#1643=EDGE_CURVE('',#1366,#1367,#581,.T.);
#1644=EDGE_CURVE('',#1367,#1368,#582,.T.);
#1645=EDGE_CURVE('',#1368,#1369,#583,.T.);
#1646=EDGE_CURVE('',#1369,#1363,#584,.T.);
#1647=EDGE_CURVE('',#1370,#1371,#585,.T.);
#1648=EDGE_CURVE('',#1372,#1370,#586,.T.);
#1649=EDGE_CURVE('',#1309,#1372,#587,.T.);
#1650=EDGE_CURVE('',#1371,#1308,#588,.T.);
#1651=EDGE_CURVE('',#1373,#1374,#589,.T.);
#1652=EDGE_CURVE('',#1374,#1375,#590,.T.);
#1653=EDGE_CURVE('',#1375,#1376,#591,.T.);
#1654=EDGE_CURVE('',#1376,#1377,#592,.T.);
#1655=EDGE_CURVE('',#1377,#1303,#593,.T.);
#1656=EDGE_CURVE('',#1309,#1378,#594,.T.);
#1657=EDGE_CURVE('',#1379,#1378,#595,.T.);
#1658=EDGE_CURVE('',#1380,#1379,#596,.T.);
#1659=EDGE_CURVE('',#1380,#1381,#597,.T.);
#1660=EDGE_CURVE('',#1381,#1382,#598,.T.);
#1661=EDGE_CURVE('',#1373,#1382,#599,.T.);
#1662=EDGE_CURVE('',#1383,#1384,#600,.T.);
#1663=EDGE_CURVE('',#1385,#1383,#601,.T.);
#1664=EDGE_CURVE('',#1385,#1386,#602,.T.);
#1665=EDGE_CURVE('',#1386,#1384,#603,.T.);
#1666=EDGE_CURVE('',#1387,#1388,#604,.T.);
#1667=EDGE_CURVE('',#1389,#1387,#605,.T.);
#1668=EDGE_CURVE('',#1389,#1390,#606,.T.);
#1669=EDGE_CURVE('',#1390,#1388,#607,.T.);
#1670=EDGE_CURVE('',#1391,#1392,#608,.T.);
#1671=EDGE_CURVE('',#1392,#1393,#609,.T.);
#1672=EDGE_CURVE('',#1394,#1393,#610,.T.);
#1673=EDGE_CURVE('',#1394,#1391,#611,.T.);
#1674=EDGE_CURVE('',#1395,#1396,#612,.T.);
#1675=EDGE_CURVE('',#1396,#1366,#613,.T.);
#1676=EDGE_CURVE('',#1365,#1395,#614,.T.);
#1677=EDGE_CURVE('',#1395,#1394,#615,.T.);
#1678=EDGE_CURVE('',#1393,#1397,#616,.T.);
#1679=EDGE_CURVE('',#1397,#1373,#617,.T.);
#1680=EDGE_CURVE('',#1398,#1382,#618,.T.);
#1681=EDGE_CURVE('',#1396,#1398,#619,.T.);
#1682=EDGE_CURVE('',#1399,#1400,#620,.T.);
#1683=EDGE_CURVE('',#1401,#1399,#621,.T.);
#1684=EDGE_CURVE('',#1402,#1401,#622,.T.);
#1685=EDGE_CURVE('',#1403,#1402,#623,.T.);
#1686=EDGE_CURVE('',#1400,#1403,#624,.T.);
#1687=EDGE_CURVE('',#1404,#1405,#625,.T.);
#1688=EDGE_CURVE('',#1406,#1404,#626,.T.);
#1689=EDGE_CURVE('',#1407,#1406,#627,.T.);
#1690=EDGE_CURVE('',#1405,#1407,#628,.T.);
#1691=EDGE_CURVE('',#1408,#1409,#629,.T.);
#1692=EDGE_CURVE('',#1410,#1408,#630,.T.);
#1693=EDGE_CURVE('',#1411,#1410,#631,.T.);
#1694=EDGE_CURVE('',#1412,#1411,#632,.T.);
#1695=EDGE_CURVE('',#1409,#1412,#633,.T.);
#1696=EDGE_CURVE('',#1413,#1414,#634,.T.);
#1697=EDGE_CURVE('',#1415,#1413,#635,.T.);
#1698=EDGE_CURVE('',#1416,#1415,#636,.T.);
#1699=EDGE_CURVE('',#1417,#1416,#637,.T.);
#1700=EDGE_CURVE('',#1414,#1417,#638,.T.);
#1701=EDGE_CURVE('',#1305,#1391,#639,.T.);
#1702=EDGE_CURVE('',#1418,#1419,#640,.T.);
#1703=EDGE_CURVE('',#1419,#1420,#641,.T.);
#1704=EDGE_CURVE('',#1421,#1420,#642,.T.);
#1705=EDGE_CURVE('',#1418,#1421,#643,.T.);
#1706=EDGE_CURVE('',#1358,#1360,#644,.T.);
#1707=EDGE_CURVE('',#1358,#1422,#645,.T.);
#1708=EDGE_CURVE('',#1423,#1422,#646,.T.);
#1709=EDGE_CURVE('',#1423,#1424,#647,.T.);
#1710=EDGE_CURVE('',#1425,#1424,#648,.T.);
#1711=EDGE_CURVE('',#1392,#1425,#649,.T.);
#1712=EDGE_CURVE('',#1360,#1304,#650,.T.);
#1713=EDGE_CURVE('',#1426,#1419,#651,.T.);
#1714=EDGE_CURVE('',#1427,#1418,#652,.T.);
#1715=EDGE_CURVE('',#1427,#1426,#653,.T.);
#1716=EDGE_CURVE('',#1420,#1428,#654,.T.);
#1717=EDGE_CURVE('',#1429,#1428,#655,.T.);
#1718=EDGE_CURVE('',#1421,#1429,#656,.T.);
#1719=EDGE_CURVE('',#1428,#1426,#657,.T.);
#1720=EDGE_CURVE('',#1429,#1427,#658,.T.);
#1721=EDGE_CURVE('',#1424,#1374,#659,.T.);
#1722=EDGE_CURVE('',#1425,#1397,#660,.T.);
#1723=EDGE_CURVE('',#1381,#1368,#661,.T.);
#1724=EDGE_CURVE('',#1398,#1367,#662,.T.);
#1725=EDGE_CURVE('',#1398,#1430,#663,.T.);
#1726=EDGE_CURVE('',#1430,#1431,#664,.T.);
#1727=EDGE_CURVE('',#1396,#1431,#665,.T.);
#1728=EDGE_CURVE('',#1430,#1367,#666,.T.);
#1729=EDGE_CURVE('',#1431,#1366,#667,.T.);
#1730=EDGE_CURVE('',#1432,#1397,#668,.T.);
#1731=EDGE_CURVE('',#1433,#1393,#669,.T.);
#1732=EDGE_CURVE('',#1432,#1433,#670,.T.);
#1733=EDGE_CURVE('',#1425,#1432,#671,.T.);
#1734=EDGE_CURVE('',#1392,#1433,#672,.T.);
#1735=EDGE_CURVE('',#1379,#1434,#673,.T.);
#1736=EDGE_CURVE('',#1435,#1434,#674,.T.);
#1737=EDGE_CURVE('',#1380,#1435,#675,.T.);
#1738=EDGE_CURVE('',#1369,#1380,#676,.T.);
#1739=EDGE_CURVE('',#1363,#1435,#677,.T.);
#1740=EDGE_CURVE('',#1378,#1436,#678,.T.);
#1741=EDGE_CURVE('',#1434,#1436,#679,.T.);
#1742=EDGE_CURVE('',#1372,#1436,#680,.T.);
#1743=EDGE_CURVE('',#1370,#1362,#681,.T.);
#1744=EDGE_CURVE('',#1376,#1437,#682,.T.);
#1745=EDGE_CURVE('',#1437,#1438,#683,.T.);
#1746=EDGE_CURVE('',#1377,#1438,#684,.T.);
#1747=EDGE_CURVE('',#1375,#1439,#685,.T.);
#1748=EDGE_CURVE('',#1439,#1437,#686,.T.);
#1749=EDGE_CURVE('',#1375,#1423,#687,.T.);
#1750=EDGE_CURVE('',#1422,#1439,#688,.T.);
#1751=EDGE_CURVE('',#1361,#1438,#689,.T.);
#1752=EDGE_CURVE('',#1414,#1440,#690,.T.);
#1753=EDGE_CURVE('',#1440,#1441,#691,.T.);
#1754=EDGE_CURVE('',#1413,#1441,#692,.T.);
#1755=EDGE_CURVE('',#1417,#1442,#693,.T.);
#1756=EDGE_CURVE('',#1442,#1440,#694,.T.);
#1757=EDGE_CURVE('',#1416,#1443,#695,.T.);
#1758=EDGE_CURVE('',#1443,#1442,#696,.T.);
#1759=EDGE_CURVE('',#1415,#1444,#697,.T.);
#1760=EDGE_CURVE('',#1444,#1443,#698,.T.);
#1761=EDGE_CURVE('',#1441,#1444,#699,.T.);
#1762=EDGE_CURVE('',#1445,#1446,#700,.T.);
#1763=EDGE_CURVE('',#1445,#1447,#701,.T.);
#1764=EDGE_CURVE('',#1447,#1448,#702,.T.);
#1765=EDGE_CURVE('',#1448,#1446,#703,.T.);
#1766=EDGE_CURVE('',#1409,#1314,#704,.T.);
#1767=EDGE_CURVE('',#1408,#1315,#705,.T.);
#1768=EDGE_CURVE('',#1412,#1316,#706,.T.);
#1769=EDGE_CURVE('',#1411,#1317,#707,.T.);
#1770=EDGE_CURVE('',#1410,#1318,#708,.T.);
#1771=EDGE_CURVE('',#1405,#1449,#709,.T.);
#1772=EDGE_CURVE('',#1449,#1450,#710,.T.);
#1773=EDGE_CURVE('',#1404,#1450,#711,.T.);
#1774=EDGE_CURVE('',#1407,#1451,#712,.T.);
#1775=EDGE_CURVE('',#1451,#1449,#713,.T.);
#1776=EDGE_CURVE('',#1406,#1452,#714,.T.);
#1777=EDGE_CURVE('',#1452,#1451,#715,.T.);
#1778=EDGE_CURVE('',#1450,#1452,#716,.T.);
#1779=EDGE_CURVE('',#1453,#1454,#717,.T.);
#1780=EDGE_CURVE('',#1453,#1455,#718,.T.);
#1781=EDGE_CURVE('',#1455,#1456,#719,.T.);
#1782=EDGE_CURVE('',#1456,#1454,#720,.T.);
#1783=EDGE_CURVE('',#1400,#1347,#721,.T.);
#1784=EDGE_CURVE('',#1399,#1348,#722,.T.);
#1785=EDGE_CURVE('',#1403,#1349,#723,.T.);
#1786=EDGE_CURVE('',#1402,#1350,#724,.T.);
#1787=EDGE_CURVE('',#1401,#1351,#725,.T.);
#1788=EDGE_CURVE('',#1457,#1389,#726,.T.);
#1789=EDGE_CURVE('',#1458,#1387,#727,.T.);
#1790=EDGE_CURVE('',#1457,#1458,#728,.T.);
#1791=EDGE_CURVE('',#1459,#1457,#729,.T.);
#1792=EDGE_CURVE('',#1460,#1458,#730,.T.);
#1793=EDGE_CURVE('',#1459,#1460,#731,.T.);
#1794=EDGE_CURVE('',#1390,#1459,#732,.T.);
#1795=EDGE_CURVE('',#1388,#1460,#733,.T.);
#1796=EDGE_CURVE('',#1461,#1385,#734,.T.);
#1797=EDGE_CURVE('',#1462,#1383,#735,.T.);
#1798=EDGE_CURVE('',#1461,#1462,#736,.T.);
#1799=EDGE_CURVE('',#1463,#1461,#737,.T.);
#1800=EDGE_CURVE('',#1464,#1462,#738,.T.);
#1801=EDGE_CURVE('',#1463,#1464,#739,.T.);
#1802=EDGE_CURVE('',#1386,#1463,#740,.T.);
#1803=EDGE_CURVE('',#1384,#1464,#741,.T.);
#1804=EDGE_CURVE('',#1465,#1370,#742,.T.);
#1805=EDGE_CURVE('',#1362,#1465,#743,.T.);
#1806=EDGE_CURVE('',#1371,#1465,#744,.T.);
#1807=EDGE_CURVE('',#1371,#1364,#745,.T.);
#1808=EDGE_CURVE('',#1465,#1364,#746,.T.);
#1809=EDGE_CURVE('',#1466,#1467,#747,.T.);
#1810=EDGE_CURVE('',#1467,#1324,#748,.T.);
#1811=EDGE_CURVE('',#1323,#1466,#749,.T.);
#1812=EDGE_CURVE('',#1325,#1468,#750,.T.);
#1813=EDGE_CURVE('',#1469,#1468,#751,.T.);
#1814=EDGE_CURVE('',#1469,#1326,#752,.T.);
#1815=EDGE_CURVE('',#1353,#1466,#753,.T.);
#1816=EDGE_CURVE('',#1466,#1469,#754,.T.);
#1817=EDGE_CURVE('',#1469,#1354,#755,.T.);
#1818=EDGE_CURVE('',#1467,#1468,#756,.T.);
#1819=EDGE_CURVE('',#1352,#1467,#757,.T.);
#1820=EDGE_CURVE('',#1468,#1355,#758,.T.);
#1821=EDGE_CURVE('',#1332,#1340,#759,.T.);
#1822=EDGE_CURVE('',#1331,#1341,#760,.T.);
#1823=EDGE_CURVE('',#1333,#1339,#761,.T.);
#1824=EDGE_CURVE('',#1334,#1338,#762,.T.);
#1825=EDGE_CURVE('',#1328,#1337,#763,.T.);
#1826=EDGE_CURVE('',#1345,#1328,#764,.T.);
#1827=EDGE_CURVE('',#1337,#1346,#765,.T.);
#1828=EDGE_CURVE('',#1327,#1335,#766,.T.);
#1829=EDGE_CURVE('',#1327,#1343,#767,.T.);
#1830=EDGE_CURVE('',#1344,#1335,#768,.T.);
#1831=EDGE_CURVE('',#1329,#1336,#769,.T.);
#1832=EDGE_CURVE('',#1330,#1342,#770,.T.);
#1833=EDGE_CURVE('',#1470,#1471,#771,.T.);
#1834=EDGE_CURVE('',#1471,#1275,#772,.T.);
#1835=EDGE_CURVE('',#1274,#1470,#773,.T.);
#1836=EDGE_CURVE('',#1276,#1472,#774,.T.);
#1837=EDGE_CURVE('',#1473,#1472,#775,.T.);
#1838=EDGE_CURVE('',#1473,#1277,#776,.T.);
#1839=EDGE_CURVE('',#1320,#1470,#777,.T.);
#1840=EDGE_CURVE('',#1470,#1473,#778,.T.);
#1841=EDGE_CURVE('',#1473,#1321,#779,.T.);
#1842=EDGE_CURVE('',#1471,#1472,#780,.T.);
#1843=EDGE_CURVE('',#1319,#1471,#781,.T.);
#1844=EDGE_CURVE('',#1472,#1322,#782,.T.);
#1845=EDGE_CURVE('',#1285,#1293,#783,.T.);
#1846=EDGE_CURVE('',#1282,#1296,#784,.T.);
#1847=EDGE_CURVE('',#1286,#1292,#785,.T.);
#1848=EDGE_CURVE('',#1287,#1291,#786,.T.);
#1849=EDGE_CURVE('',#1279,#1290,#787,.T.);
#1850=EDGE_CURVE('',#1300,#1279,#788,.T.);
#1851=EDGE_CURVE('',#1290,#1301,#789,.T.);
#1852=EDGE_CURVE('',#1278,#1288,#790,.T.);
#1853=EDGE_CURVE('',#1278,#1298,#791,.T.);
#1854=EDGE_CURVE('',#1299,#1288,#792,.T.);
#1855=EDGE_CURVE('',#1280,#1289,#793,.T.);
#1856=EDGE_CURVE('',#1281,#1297,#794,.T.);
#1857=EDGE_CURVE('',#1248,#1474,#795,.T.);
#1858=EDGE_CURVE('',#1474,#1475,#796,.T.);
#1859=EDGE_CURVE('',#1475,#1249,#797,.T.);
#1860=EDGE_CURVE('',#1476,#1477,#798,.T.);
#1861=EDGE_CURVE('',#1476,#1246,#799,.T.);
#1862=EDGE_CURVE('',#1247,#1477,#800,.T.);
#1863=EDGE_CURVE('',#1476,#1474,#801,.T.);
#1864=EDGE_CURVE('',#1476,#1453,#802,.T.);
#1865=EDGE_CURVE('',#1454,#1474,#803,.T.);
#1866=EDGE_CURVE('',#1477,#1455,#804,.T.);
#1867=EDGE_CURVE('',#1477,#1475,#805,.T.);
#1868=EDGE_CURVE('',#1456,#1475,#806,.T.);
#1869=EDGE_CURVE('',#1258,#1264,#807,.T.);
#1870=EDGE_CURVE('',#1255,#1267,#808,.T.);
#1871=EDGE_CURVE('',#1259,#1263,#809,.T.);
#1872=EDGE_CURVE('',#1250,#1262,#810,.T.);
#1873=EDGE_CURVE('',#1251,#1260,#811,.T.);
#1874=EDGE_CURVE('',#1260,#1271,#812,.T.);
#1875=EDGE_CURVE('',#1270,#1251,#813,.T.);
#1876=EDGE_CURVE('',#1272,#1261,#814,.T.);
#1877=EDGE_CURVE('',#1252,#1261,#815,.T.);
#1878=EDGE_CURVE('',#1252,#1273,#816,.T.);
#1879=EDGE_CURVE('',#1253,#1269,#817,.T.);
#1880=EDGE_CURVE('',#1254,#1268,#818,.T.);
#1881=EDGE_CURVE('',#1220,#1478,#819,.T.);
#1882=EDGE_CURVE('',#1478,#1479,#820,.T.);
#1883=EDGE_CURVE('',#1479,#1221,#821,.T.);
#1884=EDGE_CURVE('',#1480,#1481,#822,.T.);
#1885=EDGE_CURVE('',#1480,#1218,#823,.T.);
#1886=EDGE_CURVE('',#1219,#1481,#824,.T.);
#1887=EDGE_CURVE('',#1480,#1478,#825,.T.);
#1888=EDGE_CURVE('',#1480,#1445,#826,.T.);
#1889=EDGE_CURVE('',#1446,#1478,#827,.T.);
#1890=EDGE_CURVE('',#1481,#1447,#828,.T.);
#1891=EDGE_CURVE('',#1481,#1479,#829,.T.);
#1892=EDGE_CURVE('',#1448,#1479,#830,.T.);
#1893=EDGE_CURVE('',#1230,#1236,#831,.T.);
#1894=EDGE_CURVE('',#1227,#1239,#832,.T.);
#1895=EDGE_CURVE('',#1231,#1235,#833,.T.);
#1896=EDGE_CURVE('',#1222,#1234,#834,.T.);
#1897=EDGE_CURVE('',#1223,#1232,#835,.T.);
#1898=EDGE_CURVE('',#1232,#1243,#836,.T.);
#1899=EDGE_CURVE('',#1242,#1223,#837,.T.);
#1900=EDGE_CURVE('',#1244,#1233,#838,.T.);
#1901=EDGE_CURVE('',#1224,#1233,#839,.T.);
#1902=EDGE_CURVE('',#1224,#1245,#840,.T.);
#1903=EDGE_CURVE('',#1225,#1241,#841,.T.);
#1904=EDGE_CURVE('',#1226,#1240,#842,.T.);
#1905=ORIENTED_EDGE('',*,*,#1482,.F.);
#1906=ORIENTED_EDGE('',*,*,#1483,.T.);
#1907=ORIENTED_EDGE('',*,*,#1484,.T.);
#1908=ORIENTED_EDGE('',*,*,#1485,.F.);
#1909=ORIENTED_EDGE('',*,*,#1486,.T.);
#1910=ORIENTED_EDGE('',*,*,#1487,.T.);
#1911=ORIENTED_EDGE('',*,*,#1488,.T.);
#1912=ORIENTED_EDGE('',*,*,#1489,.T.);
#1913=ORIENTED_EDGE('',*,*,#1490,.T.);
#1914=ORIENTED_EDGE('',*,*,#1491,.T.);
#1915=ORIENTED_EDGE('',*,*,#1492,.F.);
#1916=ORIENTED_EDGE('',*,*,#1493,.T.);
#1917=ORIENTED_EDGE('',*,*,#1494,.T.);
#1918=ORIENTED_EDGE('',*,*,#1495,.T.);
#1919=ORIENTED_EDGE('',*,*,#1496,.F.);
#1920=ORIENTED_EDGE('',*,*,#1497,.F.);
#1921=ORIENTED_EDGE('',*,*,#1498,.F.);
#1922=ORIENTED_EDGE('',*,*,#1499,.F.);
#1923=ORIENTED_EDGE('',*,*,#1500,.F.);
#1924=ORIENTED_EDGE('',*,*,#1501,.T.);
#1925=ORIENTED_EDGE('',*,*,#1502,.F.);
#1926=ORIENTED_EDGE('',*,*,#1503,.F.);
#1927=ORIENTED_EDGE('',*,*,#1504,.F.);
#1928=ORIENTED_EDGE('',*,*,#1505,.F.);
#1929=ORIENTED_EDGE('',*,*,#1506,.T.);
#1930=ORIENTED_EDGE('',*,*,#1507,.T.);
#1931=ORIENTED_EDGE('',*,*,#1508,.F.);
#1932=ORIENTED_EDGE('',*,*,#1509,.F.);
#1933=ORIENTED_EDGE('',*,*,#1510,.F.);
#1934=ORIENTED_EDGE('',*,*,#1511,.T.);
#1935=ORIENTED_EDGE('',*,*,#1512,.T.);
#1936=ORIENTED_EDGE('',*,*,#1513,.F.);
#1937=ORIENTED_EDGE('',*,*,#1514,.T.);
#1938=ORIENTED_EDGE('',*,*,#1515,.T.);
#1939=ORIENTED_EDGE('',*,*,#1516,.T.);
#1940=ORIENTED_EDGE('',*,*,#1517,.T.);
#1941=ORIENTED_EDGE('',*,*,#1518,.T.);
#1942=ORIENTED_EDGE('',*,*,#1519,.T.);
#1943=ORIENTED_EDGE('',*,*,#1520,.F.);
#1944=ORIENTED_EDGE('',*,*,#1521,.T.);
#1945=ORIENTED_EDGE('',*,*,#1522,.T.);
#1946=ORIENTED_EDGE('',*,*,#1523,.T.);
#1947=ORIENTED_EDGE('',*,*,#1524,.F.);
#1948=ORIENTED_EDGE('',*,*,#1525,.F.);
#1949=ORIENTED_EDGE('',*,*,#1526,.F.);
#1950=ORIENTED_EDGE('',*,*,#1527,.F.);
#1951=ORIENTED_EDGE('',*,*,#1528,.F.);
#1952=ORIENTED_EDGE('',*,*,#1529,.T.);
#1953=ORIENTED_EDGE('',*,*,#1530,.F.);
#1954=ORIENTED_EDGE('',*,*,#1531,.F.);
#1955=ORIENTED_EDGE('',*,*,#1532,.F.);
#1956=ORIENTED_EDGE('',*,*,#1533,.F.);
#1957=ORIENTED_EDGE('',*,*,#1534,.T.);
#1958=ORIENTED_EDGE('',*,*,#1535,.T.);
#1959=ORIENTED_EDGE('',*,*,#1536,.F.);
#1960=ORIENTED_EDGE('',*,*,#1537,.F.);
#1961=ORIENTED_EDGE('',*,*,#1538,.T.);
#1962=ORIENTED_EDGE('',*,*,#1539,.T.);
#1963=ORIENTED_EDGE('',*,*,#1540,.F.);
#1964=ORIENTED_EDGE('',*,*,#1541,.F.);
#1965=ORIENTED_EDGE('',*,*,#1542,.F.);
#1966=ORIENTED_EDGE('',*,*,#1543,.T.);
#1967=ORIENTED_EDGE('',*,*,#1544,.T.);
#1968=ORIENTED_EDGE('',*,*,#1545,.T.);
#1969=ORIENTED_EDGE('',*,*,#1546,.T.);
#1970=ORIENTED_EDGE('',*,*,#1547,.T.);
#1971=ORIENTED_EDGE('',*,*,#1548,.T.);
#1972=ORIENTED_EDGE('',*,*,#1549,.T.);
#1973=ORIENTED_EDGE('',*,*,#1550,.T.);
#1974=ORIENTED_EDGE('',*,*,#1551,.T.);
#1975=ORIENTED_EDGE('',*,*,#1552,.F.);
#1976=ORIENTED_EDGE('',*,*,#1553,.T.);
#1977=ORIENTED_EDGE('',*,*,#1554,.F.);
#1978=ORIENTED_EDGE('',*,*,#1555,.F.);
#1979=ORIENTED_EDGE('',*,*,#1556,.F.);
#1980=ORIENTED_EDGE('',*,*,#1557,.F.);
#1981=ORIENTED_EDGE('',*,*,#1558,.F.);
#1982=ORIENTED_EDGE('',*,*,#1559,.F.);
#1983=ORIENTED_EDGE('',*,*,#1560,.F.);
#1984=ORIENTED_EDGE('',*,*,#1561,.F.);
#1985=ORIENTED_EDGE('',*,*,#1562,.F.);
#1986=ORIENTED_EDGE('',*,*,#1563,.T.);
#1987=ORIENTED_EDGE('',*,*,#1564,.T.);
#1988=ORIENTED_EDGE('',*,*,#1565,.F.);
#1989=ORIENTED_EDGE('',*,*,#1566,.F.);
#1990=ORIENTED_EDGE('',*,*,#1567,.T.);
#1991=ORIENTED_EDGE('',*,*,#1568,.F.);
#1992=ORIENTED_EDGE('',*,*,#1569,.F.);
#1993=ORIENTED_EDGE('',*,*,#1570,.F.);
#1994=ORIENTED_EDGE('',*,*,#1571,.F.);
#1995=ORIENTED_EDGE('',*,*,#1572,.T.);
#1996=ORIENTED_EDGE('',*,*,#1573,.F.);
#1997=ORIENTED_EDGE('',*,*,#1547,.F.);
#1998=ORIENTED_EDGE('',*,*,#1574,.F.);
#1999=ORIENTED_EDGE('',*,*,#1558,.T.);
#2000=ORIENTED_EDGE('',*,*,#1575,.F.);
#2001=ORIENTED_EDGE('',*,*,#1576,.F.);
#2002=ORIENTED_EDGE('',*,*,#1492,.T.);
#2003=ORIENTED_EDGE('',*,*,#1577,.F.);
#2004=ORIENTED_EDGE('',*,*,#1501,.F.);
#2005=ORIENTED_EDGE('',*,*,#1578,.F.);
#2006=ORIENTED_EDGE('',*,*,#1520,.T.);
#2007=ORIENTED_EDGE('',*,*,#1579,.F.);
#2008=ORIENTED_EDGE('',*,*,#1529,.F.);
#2009=ORIENTED_EDGE('',*,*,#1580,.F.);
#2010=ORIENTED_EDGE('',*,*,#1581,.F.);
#2011=ORIENTED_EDGE('',*,*,#1582,.T.);
#2012=ORIENTED_EDGE('',*,*,#1583,.F.);
#2013=ORIENTED_EDGE('',*,*,#1584,.F.);
#2014=ORIENTED_EDGE('',*,*,#1585,.F.);
#2015=ORIENTED_EDGE('',*,*,#1586,.F.);
#2016=ORIENTED_EDGE('',*,*,#1587,.F.);
#2017=ORIENTED_EDGE('',*,*,#1588,.F.);
#2018=ORIENTED_EDGE('',*,*,#1589,.T.);
#2019=ORIENTED_EDGE('',*,*,#1590,.T.);
#2020=ORIENTED_EDGE('',*,*,#1591,.T.);
#2021=ORIENTED_EDGE('',*,*,#1592,.F.);
#2022=ORIENTED_EDGE('',*,*,#1593,.T.);
#2023=ORIENTED_EDGE('',*,*,#1594,.T.);
#2024=ORIENTED_EDGE('',*,*,#1595,.F.);
#2025=ORIENTED_EDGE('',*,*,#1596,.F.);
#2026=ORIENTED_EDGE('',*,*,#1597,.F.);
#2027=ORIENTED_EDGE('',*,*,#1598,.T.);
#2028=ORIENTED_EDGE('',*,*,#1599,.T.);
#2029=ORIENTED_EDGE('',*,*,#1600,.T.);
#2030=ORIENTED_EDGE('',*,*,#1601,.T.);
#2031=ORIENTED_EDGE('',*,*,#1580,.T.);
#2032=ORIENTED_EDGE('',*,*,#1602,.T.);
#2033=ORIENTED_EDGE('',*,*,#1603,.T.);
#2034=ORIENTED_EDGE('',*,*,#1604,.T.);
#2035=ORIENTED_EDGE('',*,*,#1605,.T.);
#2036=ORIENTED_EDGE('',*,*,#1606,.F.);
#2037=ORIENTED_EDGE('',*,*,#1607,.T.);
#2038=ORIENTED_EDGE('',*,*,#1608,.F.);
#2039=ORIENTED_EDGE('',*,*,#1609,.F.);
#2040=ORIENTED_EDGE('',*,*,#1610,.F.);
#2041=ORIENTED_EDGE('',*,*,#1611,.F.);
#2042=ORIENTED_EDGE('',*,*,#1582,.F.);
#2043=ORIENTED_EDGE('',*,*,#1612,.F.);
#2044=ORIENTED_EDGE('',*,*,#1613,.F.);
#2045=ORIENTED_EDGE('',*,*,#1614,.F.);
#2046=ORIENTED_EDGE('',*,*,#1615,.F.);
#2047=ORIENTED_EDGE('',*,*,#1616,.T.);
#2048=ORIENTED_EDGE('',*,*,#1617,.T.);
#2049=ORIENTED_EDGE('',*,*,#1618,.F.);
#2050=ORIENTED_EDGE('',*,*,#1619,.F.);
#2051=ORIENTED_EDGE('',*,*,#1620,.F.);
#2052=ORIENTED_EDGE('',*,*,#1621,.F.);
#2053=ORIENTED_EDGE('',*,*,#1622,.F.);
#2054=ORIENTED_EDGE('',*,*,#1623,.F.);
#2055=ORIENTED_EDGE('',*,*,#1624,.T.);
#2056=ORIENTED_EDGE('',*,*,#1625,.T.);
#2057=ORIENTED_EDGE('',*,*,#1626,.T.);
#2058=ORIENTED_EDGE('',*,*,#1627,.F.);
#2059=ORIENTED_EDGE('',*,*,#1628,.T.);
#2060=ORIENTED_EDGE('',*,*,#1629,.T.);
#2061=ORIENTED_EDGE('',*,*,#1630,.T.);
#2062=ORIENTED_EDGE('',*,*,#1631,.T.);
#2063=ORIENTED_EDGE('',*,*,#1632,.T.);
#2064=ORIENTED_EDGE('',*,*,#1633,.F.);
#2065=ORIENTED_EDGE('',*,*,#1634,.T.);
#2066=ORIENTED_EDGE('',*,*,#1635,.T.);
#2067=ORIENTED_EDGE('',*,*,#1636,.T.);
#2068=ORIENTED_EDGE('',*,*,#1566,.T.);
#2069=ORIENTED_EDGE('',*,*,#1637,.T.);
#2070=ORIENTED_EDGE('',*,*,#1638,.F.);
#2071=ORIENTED_EDGE('',*,*,#1639,.T.);
#2072=ORIENTED_EDGE('',*,*,#1640,.T.);
#2073=ORIENTED_EDGE('',*,*,#1570,.T.);
#2074=ORIENTED_EDGE('',*,*,#1641,.T.);
#2075=ORIENTED_EDGE('',*,*,#1642,.T.);
#2076=ORIENTED_EDGE('',*,*,#1643,.T.);
#2077=ORIENTED_EDGE('',*,*,#1644,.T.);
#2078=ORIENTED_EDGE('',*,*,#1645,.T.);
#2079=ORIENTED_EDGE('',*,*,#1646,.T.);
#2080=ORIENTED_EDGE('',*,*,#1647,.F.);
#2081=ORIENTED_EDGE('',*,*,#1648,.F.);
#2082=ORIENTED_EDGE('',*,*,#1649,.F.);
#2083=ORIENTED_EDGE('',*,*,#1572,.F.);
#2084=ORIENTED_EDGE('',*,*,#1650,.F.);
#2085=ORIENTED_EDGE('',*,*,#1651,.T.);
#2086=ORIENTED_EDGE('',*,*,#1652,.T.);
#2087=ORIENTED_EDGE('',*,*,#1653,.T.);
#2088=ORIENTED_EDGE('',*,*,#1654,.T.);
#2089=ORIENTED_EDGE('',*,*,#1655,.T.);
#2090=ORIENTED_EDGE('',*,*,#1573,.T.);
#2091=ORIENTED_EDGE('',*,*,#1656,.T.);
#2092=ORIENTED_EDGE('',*,*,#1657,.F.);
#2093=ORIENTED_EDGE('',*,*,#1658,.F.);
#2094=ORIENTED_EDGE('',*,*,#1659,.T.);
#2095=ORIENTED_EDGE('',*,*,#1660,.T.);
#2096=ORIENTED_EDGE('',*,*,#1661,.F.);
#2097=ORIENTED_EDGE('',*,*,#1662,.F.);
#2098=ORIENTED_EDGE('',*,*,#1663,.F.);
#2099=ORIENTED_EDGE('',*,*,#1664,.T.);
#2100=ORIENTED_EDGE('',*,*,#1665,.T.);
#2101=ORIENTED_EDGE('',*,*,#1666,.F.);
#2102=ORIENTED_EDGE('',*,*,#1667,.F.);
#2103=ORIENTED_EDGE('',*,*,#1668,.T.);
#2104=ORIENTED_EDGE('',*,*,#1669,.T.);
#2105=ORIENTED_EDGE('',*,*,#1670,.T.);
#2106=ORIENTED_EDGE('',*,*,#1671,.T.);
#2107=ORIENTED_EDGE('',*,*,#1672,.F.);
#2108=ORIENTED_EDGE('',*,*,#1673,.T.);
#2109=ORIENTED_EDGE('',*,*,#1674,.T.);
#2110=ORIENTED_EDGE('',*,*,#1675,.T.);
#2111=ORIENTED_EDGE('',*,*,#1642,.F.);
#2112=ORIENTED_EDGE('',*,*,#1676,.T.);
#2113=ORIENTED_EDGE('',*,*,#1674,.F.);
#2114=ORIENTED_EDGE('',*,*,#1677,.T.);
#2115=ORIENTED_EDGE('',*,*,#1672,.T.);
#2116=ORIENTED_EDGE('',*,*,#1678,.T.);
#2117=ORIENTED_EDGE('',*,*,#1679,.T.);
#2118=ORIENTED_EDGE('',*,*,#1661,.T.);
#2119=ORIENTED_EDGE('',*,*,#1680,.F.);
#2120=ORIENTED_EDGE('',*,*,#1681,.F.);
#2121=ORIENTED_EDGE('',*,*,#1682,.F.);
#2122=ORIENTED_EDGE('',*,*,#1683,.F.);
#2123=ORIENTED_EDGE('',*,*,#1684,.F.);
#2124=ORIENTED_EDGE('',*,*,#1685,.F.);
#2125=ORIENTED_EDGE('',*,*,#1686,.F.);
#2126=ORIENTED_EDGE('',*,*,#1687,.F.);
#2127=ORIENTED_EDGE('',*,*,#1688,.F.);
#2128=ORIENTED_EDGE('',*,*,#1689,.F.);
#2129=ORIENTED_EDGE('',*,*,#1690,.F.);
#2130=ORIENTED_EDGE('',*,*,#1691,.F.);
#2131=ORIENTED_EDGE('',*,*,#1692,.F.);
#2132=ORIENTED_EDGE('',*,*,#1693,.F.);
#2133=ORIENTED_EDGE('',*,*,#1694,.F.);
#2134=ORIENTED_EDGE('',*,*,#1695,.F.);
#2135=ORIENTED_EDGE('',*,*,#1696,.F.);
#2136=ORIENTED_EDGE('',*,*,#1697,.F.);
#2137=ORIENTED_EDGE('',*,*,#1698,.F.);
#2138=ORIENTED_EDGE('',*,*,#1699,.F.);
#2139=ORIENTED_EDGE('',*,*,#1700,.F.);
#2140=ORIENTED_EDGE('',*,*,#1676,.F.);
#2141=ORIENTED_EDGE('',*,*,#1641,.F.);
#2142=ORIENTED_EDGE('',*,*,#1569,.T.);
#2143=ORIENTED_EDGE('',*,*,#1701,.T.);
#2144=ORIENTED_EDGE('',*,*,#1673,.F.);
#2145=ORIENTED_EDGE('',*,*,#1677,.F.);
#2146=ORIENTED_EDGE('',*,*,#1702,.T.);
#2147=ORIENTED_EDGE('',*,*,#1703,.T.);
#2148=ORIENTED_EDGE('',*,*,#1704,.F.);
#2149=ORIENTED_EDGE('',*,*,#1705,.F.);
#2150=ORIENTED_EDGE('',*,*,#1706,.F.);
#2151=ORIENTED_EDGE('',*,*,#1707,.T.);
#2152=ORIENTED_EDGE('',*,*,#1708,.F.);
#2153=ORIENTED_EDGE('',*,*,#1709,.T.);
#2154=ORIENTED_EDGE('',*,*,#1710,.F.);
#2155=ORIENTED_EDGE('',*,*,#1711,.F.);
#2156=ORIENTED_EDGE('',*,*,#1670,.F.);
#2157=ORIENTED_EDGE('',*,*,#1701,.F.);
#2158=ORIENTED_EDGE('',*,*,#1568,.T.);
#2159=ORIENTED_EDGE('',*,*,#1712,.F.);
#2160=ORIENTED_EDGE('',*,*,#1713,.T.);
#2161=ORIENTED_EDGE('',*,*,#1702,.F.);
#2162=ORIENTED_EDGE('',*,*,#1714,.F.);
#2163=ORIENTED_EDGE('',*,*,#1715,.T.);
#2164=ORIENTED_EDGE('',*,*,#1716,.T.);
#2165=ORIENTED_EDGE('',*,*,#1717,.F.);
#2166=ORIENTED_EDGE('',*,*,#1718,.F.);
#2167=ORIENTED_EDGE('',*,*,#1704,.T.);
#2168=ORIENTED_EDGE('',*,*,#1719,.T.);
#2169=ORIENTED_EDGE('',*,*,#1715,.F.);
#2170=ORIENTED_EDGE('',*,*,#1720,.F.);
#2171=ORIENTED_EDGE('',*,*,#1717,.T.);
#2172=ORIENTED_EDGE('',*,*,#1714,.T.);
#2173=ORIENTED_EDGE('',*,*,#1705,.T.);
#2174=ORIENTED_EDGE('',*,*,#1718,.T.);
#2175=ORIENTED_EDGE('',*,*,#1720,.T.);
#2176=ORIENTED_EDGE('',*,*,#1713,.F.);
#2177=ORIENTED_EDGE('',*,*,#1719,.F.);
#2178=ORIENTED_EDGE('',*,*,#1716,.F.);
#2179=ORIENTED_EDGE('',*,*,#1703,.F.);
#2180=ORIENTED_EDGE('',*,*,#1710,.T.);
#2181=ORIENTED_EDGE('',*,*,#1721,.T.);
#2182=ORIENTED_EDGE('',*,*,#1651,.F.);
#2183=ORIENTED_EDGE('',*,*,#1679,.F.);
#2184=ORIENTED_EDGE('',*,*,#1722,.F.);
#2185=ORIENTED_EDGE('',*,*,#1660,.F.);
#2186=ORIENTED_EDGE('',*,*,#1723,.T.);
#2187=ORIENTED_EDGE('',*,*,#1644,.F.);
#2188=ORIENTED_EDGE('',*,*,#1724,.F.);
#2189=ORIENTED_EDGE('',*,*,#1680,.T.);
#2190=ORIENTED_EDGE('',*,*,#1725,.T.);
#2191=ORIENTED_EDGE('',*,*,#1726,.T.);
#2192=ORIENTED_EDGE('',*,*,#1727,.F.);
#2193=ORIENTED_EDGE('',*,*,#1681,.T.);
#2194=ORIENTED_EDGE('',*,*,#1728,.T.);
#2195=ORIENTED_EDGE('',*,*,#1643,.F.);
#2196=ORIENTED_EDGE('',*,*,#1729,.F.);
#2197=ORIENTED_EDGE('',*,*,#1726,.F.);
#2198=ORIENTED_EDGE('',*,*,#1727,.T.);
#2199=ORIENTED_EDGE('',*,*,#1729,.T.);
#2200=ORIENTED_EDGE('',*,*,#1675,.F.);
#2201=ORIENTED_EDGE('',*,*,#1725,.F.);
#2202=ORIENTED_EDGE('',*,*,#1724,.T.);
#2203=ORIENTED_EDGE('',*,*,#1728,.F.);
#2204=ORIENTED_EDGE('',*,*,#1730,.T.);
#2205=ORIENTED_EDGE('',*,*,#1678,.F.);
#2206=ORIENTED_EDGE('',*,*,#1731,.F.);
#2207=ORIENTED_EDGE('',*,*,#1732,.F.);
#2208=ORIENTED_EDGE('',*,*,#1733,.T.);
#2209=ORIENTED_EDGE('',*,*,#1732,.T.);
#2210=ORIENTED_EDGE('',*,*,#1734,.F.);
#2211=ORIENTED_EDGE('',*,*,#1711,.T.);
#2212=ORIENTED_EDGE('',*,*,#1671,.F.);
#2213=ORIENTED_EDGE('',*,*,#1734,.T.);
#2214=ORIENTED_EDGE('',*,*,#1731,.T.);
#2215=ORIENTED_EDGE('',*,*,#1722,.T.);
#2216=ORIENTED_EDGE('',*,*,#1730,.F.);
#2217=ORIENTED_EDGE('',*,*,#1733,.F.);
#2218=ORIENTED_EDGE('',*,*,#1658,.T.);
#2219=ORIENTED_EDGE('',*,*,#1735,.T.);
#2220=ORIENTED_EDGE('',*,*,#1736,.F.);
#2221=ORIENTED_EDGE('',*,*,#1737,.F.);
#2222=ORIENTED_EDGE('',*,*,#1646,.F.);
#2223=ORIENTED_EDGE('',*,*,#1738,.T.);
#2224=ORIENTED_EDGE('',*,*,#1737,.T.);
#2225=ORIENTED_EDGE('',*,*,#1739,.F.);
#2226=ORIENTED_EDGE('',*,*,#1657,.T.);
#2227=ORIENTED_EDGE('',*,*,#1740,.T.);
#2228=ORIENTED_EDGE('',*,*,#1741,.F.);
#2229=ORIENTED_EDGE('',*,*,#1735,.F.);
#2230=ORIENTED_EDGE('',*,*,#1736,.T.);
#2231=ORIENTED_EDGE('',*,*,#1741,.T.);
#2232=ORIENTED_EDGE('',*,*,#1742,.F.);
#2233=ORIENTED_EDGE('',*,*,#1648,.T.);
#2234=ORIENTED_EDGE('',*,*,#1743,.T.);
#2235=ORIENTED_EDGE('',*,*,#1638,.T.);
#2236=ORIENTED_EDGE('',*,*,#1739,.T.);
#2237=ORIENTED_EDGE('',*,*,#1654,.F.);
#2238=ORIENTED_EDGE('',*,*,#1744,.T.);
#2239=ORIENTED_EDGE('',*,*,#1745,.T.);
#2240=ORIENTED_EDGE('',*,*,#1746,.F.);
#2241=ORIENTED_EDGE('',*,*,#1653,.F.);
#2242=ORIENTED_EDGE('',*,*,#1747,.T.);
#2243=ORIENTED_EDGE('',*,*,#1748,.T.);
#2244=ORIENTED_EDGE('',*,*,#1744,.F.);
#2245=ORIENTED_EDGE('',*,*,#1747,.F.);
#2246=ORIENTED_EDGE('',*,*,#1749,.T.);
#2247=ORIENTED_EDGE('',*,*,#1708,.T.);
#2248=ORIENTED_EDGE('',*,*,#1750,.T.);
#2249=ORIENTED_EDGE('',*,*,#1707,.F.);
#2250=ORIENTED_EDGE('',*,*,#1629,.F.);
#2251=ORIENTED_EDGE('',*,*,#1634,.F.);
#2252=ORIENTED_EDGE('',*,*,#1751,.T.);
#2253=ORIENTED_EDGE('',*,*,#1745,.F.);
#2254=ORIENTED_EDGE('',*,*,#1748,.F.);
#2255=ORIENTED_EDGE('',*,*,#1750,.F.);
#2256=ORIENTED_EDGE('',*,*,#1749,.F.);
#2257=ORIENTED_EDGE('',*,*,#1652,.F.);
#2258=ORIENTED_EDGE('',*,*,#1721,.F.);
#2259=ORIENTED_EDGE('',*,*,#1709,.F.);
#2260=ORIENTED_EDGE('',*,*,#1738,.F.);
#2261=ORIENTED_EDGE('',*,*,#1645,.F.);
#2262=ORIENTED_EDGE('',*,*,#1723,.F.);
#2263=ORIENTED_EDGE('',*,*,#1659,.F.);
#2264=ORIENTED_EDGE('',*,*,#1696,.T.);
#2265=ORIENTED_EDGE('',*,*,#1752,.T.);
#2266=ORIENTED_EDGE('',*,*,#1753,.T.);
#2267=ORIENTED_EDGE('',*,*,#1754,.F.);
#2268=ORIENTED_EDGE('',*,*,#1700,.T.);
#2269=ORIENTED_EDGE('',*,*,#1755,.T.);
#2270=ORIENTED_EDGE('',*,*,#1756,.T.);
#2271=ORIENTED_EDGE('',*,*,#1752,.F.);
#2272=ORIENTED_EDGE('',*,*,#1699,.T.);
#2273=ORIENTED_EDGE('',*,*,#1757,.T.);
#2274=ORIENTED_EDGE('',*,*,#1758,.T.);
#2275=ORIENTED_EDGE('',*,*,#1755,.F.);
#2276=ORIENTED_EDGE('',*,*,#1698,.T.);
#2277=ORIENTED_EDGE('',*,*,#1759,.T.);
#2278=ORIENTED_EDGE('',*,*,#1760,.T.);
#2279=ORIENTED_EDGE('',*,*,#1757,.F.);
#2280=ORIENTED_EDGE('',*,*,#1697,.T.);
#2281=ORIENTED_EDGE('',*,*,#1754,.T.);
#2282=ORIENTED_EDGE('',*,*,#1761,.T.);
#2283=ORIENTED_EDGE('',*,*,#1759,.F.);
#2284=ORIENTED_EDGE('',*,*,#1753,.F.);
#2285=ORIENTED_EDGE('',*,*,#1756,.F.);
#2286=ORIENTED_EDGE('',*,*,#1758,.F.);
#2287=ORIENTED_EDGE('',*,*,#1760,.F.);
#2288=ORIENTED_EDGE('',*,*,#1761,.F.);
#2289=ORIENTED_EDGE('',*,*,#1762,.F.);
#2290=ORIENTED_EDGE('',*,*,#1763,.T.);
#2291=ORIENTED_EDGE('',*,*,#1764,.T.);
#2292=ORIENTED_EDGE('',*,*,#1765,.T.);
#2293=ORIENTED_EDGE('',*,*,#1691,.T.);
#2294=ORIENTED_EDGE('',*,*,#1766,.T.);
#2295=ORIENTED_EDGE('',*,*,#1584,.T.);
#2296=ORIENTED_EDGE('',*,*,#1767,.F.);
#2297=ORIENTED_EDGE('',*,*,#1695,.T.);
#2298=ORIENTED_EDGE('',*,*,#1768,.T.);
#2299=ORIENTED_EDGE('',*,*,#1585,.T.);
#2300=ORIENTED_EDGE('',*,*,#1766,.F.);
#2301=ORIENTED_EDGE('',*,*,#1694,.T.);
#2302=ORIENTED_EDGE('',*,*,#1769,.T.);
#2303=ORIENTED_EDGE('',*,*,#1586,.T.);
#2304=ORIENTED_EDGE('',*,*,#1768,.F.);
#2305=ORIENTED_EDGE('',*,*,#1693,.T.);
#2306=ORIENTED_EDGE('',*,*,#1770,.T.);
#2307=ORIENTED_EDGE('',*,*,#1587,.T.);
#2308=ORIENTED_EDGE('',*,*,#1769,.F.);
#2309=ORIENTED_EDGE('',*,*,#1692,.T.);
#2310=ORIENTED_EDGE('',*,*,#1767,.T.);
#2311=ORIENTED_EDGE('',*,*,#1588,.T.);
#2312=ORIENTED_EDGE('',*,*,#1770,.F.);
#2313=ORIENTED_EDGE('',*,*,#1687,.T.);
#2314=ORIENTED_EDGE('',*,*,#1771,.T.);
#2315=ORIENTED_EDGE('',*,*,#1772,.T.);
#2316=ORIENTED_EDGE('',*,*,#1773,.F.);
#2317=ORIENTED_EDGE('',*,*,#1690,.T.);
#2318=ORIENTED_EDGE('',*,*,#1774,.T.);
#2319=ORIENTED_EDGE('',*,*,#1775,.T.);
#2320=ORIENTED_EDGE('',*,*,#1771,.F.);
#2321=ORIENTED_EDGE('',*,*,#1689,.T.);
#2322=ORIENTED_EDGE('',*,*,#1776,.T.);
#2323=ORIENTED_EDGE('',*,*,#1777,.T.);
#2324=ORIENTED_EDGE('',*,*,#1774,.F.);
#2325=ORIENTED_EDGE('',*,*,#1688,.T.);
#2326=ORIENTED_EDGE('',*,*,#1773,.T.);
#2327=ORIENTED_EDGE('',*,*,#1778,.T.);
#2328=ORIENTED_EDGE('',*,*,#1776,.F.);
#2329=ORIENTED_EDGE('',*,*,#1772,.F.);
#2330=ORIENTED_EDGE('',*,*,#1775,.F.);
#2331=ORIENTED_EDGE('',*,*,#1777,.F.);
#2332=ORIENTED_EDGE('',*,*,#1778,.F.);
#2333=ORIENTED_EDGE('',*,*,#1779,.F.);
#2334=ORIENTED_EDGE('',*,*,#1780,.T.);
#2335=ORIENTED_EDGE('',*,*,#1781,.T.);
#2336=ORIENTED_EDGE('',*,*,#1782,.T.);
#2337=ORIENTED_EDGE('',*,*,#1682,.T.);
#2338=ORIENTED_EDGE('',*,*,#1783,.T.);
#2339=ORIENTED_EDGE('',*,*,#1619,.T.);
#2340=ORIENTED_EDGE('',*,*,#1784,.F.);
#2341=ORIENTED_EDGE('',*,*,#1686,.T.);
#2342=ORIENTED_EDGE('',*,*,#1785,.T.);
#2343=ORIENTED_EDGE('',*,*,#1620,.T.);
#2344=ORIENTED_EDGE('',*,*,#1783,.F.);
#2345=ORIENTED_EDGE('',*,*,#1685,.T.);
#2346=ORIENTED_EDGE('',*,*,#1786,.T.);
#2347=ORIENTED_EDGE('',*,*,#1621,.T.);
#2348=ORIENTED_EDGE('',*,*,#1785,.F.);
#2349=ORIENTED_EDGE('',*,*,#1684,.T.);
#2350=ORIENTED_EDGE('',*,*,#1787,.T.);
#2351=ORIENTED_EDGE('',*,*,#1622,.T.);
#2352=ORIENTED_EDGE('',*,*,#1786,.F.);
#2353=ORIENTED_EDGE('',*,*,#1683,.T.);
#2354=ORIENTED_EDGE('',*,*,#1784,.T.);
#2355=ORIENTED_EDGE('',*,*,#1623,.T.);
#2356=ORIENTED_EDGE('',*,*,#1787,.F.);
#2357=ORIENTED_EDGE('',*,*,#1788,.T.);
#2358=ORIENTED_EDGE('',*,*,#1667,.T.);
#2359=ORIENTED_EDGE('',*,*,#1789,.F.);
#2360=ORIENTED_EDGE('',*,*,#1790,.F.);
#2361=ORIENTED_EDGE('',*,*,#1791,.T.);
#2362=ORIENTED_EDGE('',*,*,#1790,.T.);
#2363=ORIENTED_EDGE('',*,*,#1792,.F.);
#2364=ORIENTED_EDGE('',*,*,#1793,.F.);
#2365=ORIENTED_EDGE('',*,*,#1794,.T.);
#2366=ORIENTED_EDGE('',*,*,#1793,.T.);
#2367=ORIENTED_EDGE('',*,*,#1795,.F.);
#2368=ORIENTED_EDGE('',*,*,#1669,.F.);
#2369=ORIENTED_EDGE('',*,*,#1789,.T.);
#2370=ORIENTED_EDGE('',*,*,#1666,.T.);
#2371=ORIENTED_EDGE('',*,*,#1795,.T.);
#2372=ORIENTED_EDGE('',*,*,#1792,.T.);
#2373=ORIENTED_EDGE('',*,*,#1788,.F.);
#2374=ORIENTED_EDGE('',*,*,#1791,.F.);
#2375=ORIENTED_EDGE('',*,*,#1794,.F.);
#2376=ORIENTED_EDGE('',*,*,#1668,.F.);
#2377=ORIENTED_EDGE('',*,*,#1796,.T.);
#2378=ORIENTED_EDGE('',*,*,#1663,.T.);
#2379=ORIENTED_EDGE('',*,*,#1797,.F.);
#2380=ORIENTED_EDGE('',*,*,#1798,.F.);
#2381=ORIENTED_EDGE('',*,*,#1799,.T.);
#2382=ORIENTED_EDGE('',*,*,#1798,.T.);
#2383=ORIENTED_EDGE('',*,*,#1800,.F.);
#2384=ORIENTED_EDGE('',*,*,#1801,.F.);
#2385=ORIENTED_EDGE('',*,*,#1802,.T.);
#2386=ORIENTED_EDGE('',*,*,#1801,.T.);
#2387=ORIENTED_EDGE('',*,*,#1803,.F.);
#2388=ORIENTED_EDGE('',*,*,#1665,.F.);
#2389=ORIENTED_EDGE('',*,*,#1797,.T.);
#2390=ORIENTED_EDGE('',*,*,#1662,.T.);
#2391=ORIENTED_EDGE('',*,*,#1803,.T.);
#2392=ORIENTED_EDGE('',*,*,#1800,.T.);
#2393=ORIENTED_EDGE('',*,*,#1796,.F.);
#2394=ORIENTED_EDGE('',*,*,#1799,.F.);
#2395=ORIENTED_EDGE('',*,*,#1802,.F.);
#2396=ORIENTED_EDGE('',*,*,#1664,.F.);
#2397=ORIENTED_EDGE('',*,*,#1740,.F.);
#2398=ORIENTED_EDGE('',*,*,#1656,.F.);
#2399=ORIENTED_EDGE('',*,*,#1649,.T.);
#2400=ORIENTED_EDGE('',*,*,#1742,.T.);
#2401=ORIENTED_EDGE('',*,*,#1804,.F.);
#2402=ORIENTED_EDGE('',*,*,#1805,.F.);
#2403=ORIENTED_EDGE('',*,*,#1743,.F.);
#2404=ORIENTED_EDGE('',*,*,#1806,.F.);
#2405=ORIENTED_EDGE('',*,*,#1807,.T.);
#2406=ORIENTED_EDGE('',*,*,#1808,.F.);
#2407=ORIENTED_EDGE('',*,*,#1640,.F.);
#2408=ORIENTED_EDGE('',*,*,#1807,.F.);
#2409=ORIENTED_EDGE('',*,*,#1650,.T.);
#2410=ORIENTED_EDGE('',*,*,#1571,.T.);
#2411=ORIENTED_EDGE('',*,*,#1805,.T.);
#2412=ORIENTED_EDGE('',*,*,#1808,.T.);
#2413=ORIENTED_EDGE('',*,*,#1639,.F.);
#2414=ORIENTED_EDGE('',*,*,#1804,.T.);
#2415=ORIENTED_EDGE('',*,*,#1647,.T.);
#2416=ORIENTED_EDGE('',*,*,#1806,.T.);
#2417=ORIENTED_EDGE('',*,*,#1655,.F.);
#2418=ORIENTED_EDGE('',*,*,#1746,.T.);
#2419=ORIENTED_EDGE('',*,*,#1751,.F.);
#2420=ORIENTED_EDGE('',*,*,#1637,.F.);
#2421=ORIENTED_EDGE('',*,*,#1712,.T.);
#2422=ORIENTED_EDGE('',*,*,#1567,.F.);
#2423=ORIENTED_EDGE('',*,*,#1636,.F.);
#2424=ORIENTED_EDGE('',*,*,#1633,.T.);
#2425=ORIENTED_EDGE('',*,*,#1630,.F.);
#2426=ORIENTED_EDGE('',*,*,#1706,.T.);
#2427=ORIENTED_EDGE('',*,*,#1632,.F.);
#2428=ORIENTED_EDGE('',*,*,#1628,.F.);
#2429=ORIENTED_EDGE('',*,*,#1631,.F.);
#2430=ORIENTED_EDGE('',*,*,#1635,.F.);
#2431=ORIENTED_EDGE('',*,*,#1809,.T.);
#2432=ORIENTED_EDGE('',*,*,#1810,.T.);
#2433=ORIENTED_EDGE('',*,*,#1593,.F.);
#2434=ORIENTED_EDGE('',*,*,#1811,.T.);
#2435=ORIENTED_EDGE('',*,*,#1595,.T.);
#2436=ORIENTED_EDGE('',*,*,#1812,.T.);
#2437=ORIENTED_EDGE('',*,*,#1813,.F.);
#2438=ORIENTED_EDGE('',*,*,#1814,.T.);
#2439=ORIENTED_EDGE('',*,*,#1815,.T.);
#2440=ORIENTED_EDGE('',*,*,#1816,.T.);
#2441=ORIENTED_EDGE('',*,*,#1817,.T.);
#2442=ORIENTED_EDGE('',*,*,#1625,.F.);
#2443=ORIENTED_EDGE('',*,*,#1818,.F.);
#2444=ORIENTED_EDGE('',*,*,#1819,.F.);
#2445=ORIENTED_EDGE('',*,*,#1627,.T.);
#2446=ORIENTED_EDGE('',*,*,#1820,.F.);
#2447=ORIENTED_EDGE('',*,*,#1624,.F.);
#2448=ORIENTED_EDGE('',*,*,#1819,.T.);
#2449=ORIENTED_EDGE('',*,*,#1809,.F.);
#2450=ORIENTED_EDGE('',*,*,#1815,.F.);
#2451=ORIENTED_EDGE('',*,*,#1626,.F.);
#2452=ORIENTED_EDGE('',*,*,#1817,.F.);
#2453=ORIENTED_EDGE('',*,*,#1813,.T.);
#2454=ORIENTED_EDGE('',*,*,#1820,.T.);
#2455=ORIENTED_EDGE('',*,*,#1602,.F.);
#2456=ORIENTED_EDGE('',*,*,#1583,.T.);
#2457=ORIENTED_EDGE('',*,*,#1611,.T.);
#2458=ORIENTED_EDGE('',*,*,#1821,.F.);
#2459=ORIENTED_EDGE('',*,*,#1612,.T.);
#2460=ORIENTED_EDGE('',*,*,#1581,.T.);
#2461=ORIENTED_EDGE('',*,*,#1601,.F.);
#2462=ORIENTED_EDGE('',*,*,#1822,.T.);
#2463=ORIENTED_EDGE('',*,*,#1610,.T.);
#2464=ORIENTED_EDGE('',*,*,#1823,.F.);
#2465=ORIENTED_EDGE('',*,*,#1603,.F.);
#2466=ORIENTED_EDGE('',*,*,#1821,.T.);
#2467=ORIENTED_EDGE('',*,*,#1609,.T.);
#2468=ORIENTED_EDGE('',*,*,#1824,.F.);
#2469=ORIENTED_EDGE('',*,*,#1604,.F.);
#2470=ORIENTED_EDGE('',*,*,#1823,.T.);
#2471=ORIENTED_EDGE('',*,*,#1608,.T.);
#2472=ORIENTED_EDGE('',*,*,#1825,.F.);
#2473=ORIENTED_EDGE('',*,*,#1605,.F.);
#2474=ORIENTED_EDGE('',*,*,#1824,.T.);
#2475=ORIENTED_EDGE('',*,*,#1617,.F.);
#2476=ORIENTED_EDGE('',*,*,#1826,.T.);
#2477=ORIENTED_EDGE('',*,*,#1825,.T.);
#2478=ORIENTED_EDGE('',*,*,#1827,.T.);
#2479=ORIENTED_EDGE('',*,*,#1828,.F.);
#2480=ORIENTED_EDGE('',*,*,#1829,.T.);
#2481=ORIENTED_EDGE('',*,*,#1615,.T.);
#2482=ORIENTED_EDGE('',*,*,#1830,.T.);
#2483=ORIENTED_EDGE('',*,*,#1606,.T.);
#2484=ORIENTED_EDGE('',*,*,#1831,.F.);
#2485=ORIENTED_EDGE('',*,*,#1598,.F.);
#2486=ORIENTED_EDGE('',*,*,#1828,.T.);
#2487=ORIENTED_EDGE('',*,*,#1614,.T.);
#2488=ORIENTED_EDGE('',*,*,#1832,.F.);
#2489=ORIENTED_EDGE('',*,*,#1599,.F.);
#2490=ORIENTED_EDGE('',*,*,#1831,.T.);
#2491=ORIENTED_EDGE('',*,*,#1613,.T.);
#2492=ORIENTED_EDGE('',*,*,#1822,.F.);
#2493=ORIENTED_EDGE('',*,*,#1600,.F.);
#2494=ORIENTED_EDGE('',*,*,#1832,.T.);
#2495=ORIENTED_EDGE('',*,*,#1607,.F.);
#2496=ORIENTED_EDGE('',*,*,#1830,.F.);
#2497=ORIENTED_EDGE('',*,*,#1618,.T.);
#2498=ORIENTED_EDGE('',*,*,#1827,.F.);
#2499=ORIENTED_EDGE('',*,*,#1616,.F.);
#2500=ORIENTED_EDGE('',*,*,#1829,.F.);
#2501=ORIENTED_EDGE('',*,*,#1597,.T.);
#2502=ORIENTED_EDGE('',*,*,#1826,.F.);
#2503=ORIENTED_EDGE('',*,*,#1596,.T.);
#2504=ORIENTED_EDGE('',*,*,#1814,.F.);
#2505=ORIENTED_EDGE('',*,*,#1816,.F.);
#2506=ORIENTED_EDGE('',*,*,#1811,.F.);
#2507=ORIENTED_EDGE('',*,*,#1818,.T.);
#2508=ORIENTED_EDGE('',*,*,#1812,.F.);
#2509=ORIENTED_EDGE('',*,*,#1594,.F.);
#2510=ORIENTED_EDGE('',*,*,#1810,.F.);
#2511=ORIENTED_EDGE('',*,*,#1833,.T.);
#2512=ORIENTED_EDGE('',*,*,#1834,.T.);
#2513=ORIENTED_EDGE('',*,*,#1538,.F.);
#2514=ORIENTED_EDGE('',*,*,#1835,.T.);
#2515=ORIENTED_EDGE('',*,*,#1540,.T.);
#2516=ORIENTED_EDGE('',*,*,#1836,.T.);
#2517=ORIENTED_EDGE('',*,*,#1837,.F.);
#2518=ORIENTED_EDGE('',*,*,#1838,.T.);
#2519=ORIENTED_EDGE('',*,*,#1839,.T.);
#2520=ORIENTED_EDGE('',*,*,#1840,.T.);
#2521=ORIENTED_EDGE('',*,*,#1841,.T.);
#2522=ORIENTED_EDGE('',*,*,#1590,.F.);
#2523=ORIENTED_EDGE('',*,*,#1842,.F.);
#2524=ORIENTED_EDGE('',*,*,#1843,.F.);
#2525=ORIENTED_EDGE('',*,*,#1592,.T.);
#2526=ORIENTED_EDGE('',*,*,#1844,.F.);
#2527=ORIENTED_EDGE('',*,*,#1589,.F.);
#2528=ORIENTED_EDGE('',*,*,#1843,.T.);
#2529=ORIENTED_EDGE('',*,*,#1833,.F.);
#2530=ORIENTED_EDGE('',*,*,#1839,.F.);
#2531=ORIENTED_EDGE('',*,*,#1591,.F.);
#2532=ORIENTED_EDGE('',*,*,#1841,.F.);
#2533=ORIENTED_EDGE('',*,*,#1837,.T.);
#2534=ORIENTED_EDGE('',*,*,#1844,.T.);
#2535=ORIENTED_EDGE('',*,*,#1548,.F.);
#2536=ORIENTED_EDGE('',*,*,#1575,.T.);
#2537=ORIENTED_EDGE('',*,*,#1557,.T.);
#2538=ORIENTED_EDGE('',*,*,#1845,.F.);
#2539=ORIENTED_EDGE('',*,*,#1559,.T.);
#2540=ORIENTED_EDGE('',*,*,#1574,.T.);
#2541=ORIENTED_EDGE('',*,*,#1546,.F.);
#2542=ORIENTED_EDGE('',*,*,#1846,.T.);
#2543=ORIENTED_EDGE('',*,*,#1556,.T.);
#2544=ORIENTED_EDGE('',*,*,#1847,.F.);
#2545=ORIENTED_EDGE('',*,*,#1549,.F.);
#2546=ORIENTED_EDGE('',*,*,#1845,.T.);
#2547=ORIENTED_EDGE('',*,*,#1555,.T.);
#2548=ORIENTED_EDGE('',*,*,#1848,.F.);
#2549=ORIENTED_EDGE('',*,*,#1550,.F.);
#2550=ORIENTED_EDGE('',*,*,#1847,.T.);
#2551=ORIENTED_EDGE('',*,*,#1554,.T.);
#2552=ORIENTED_EDGE('',*,*,#1849,.F.);
#2553=ORIENTED_EDGE('',*,*,#1551,.F.);
#2554=ORIENTED_EDGE('',*,*,#1848,.T.);
#2555=ORIENTED_EDGE('',*,*,#1564,.F.);
#2556=ORIENTED_EDGE('',*,*,#1850,.T.);
#2557=ORIENTED_EDGE('',*,*,#1849,.T.);
#2558=ORIENTED_EDGE('',*,*,#1851,.T.);
#2559=ORIENTED_EDGE('',*,*,#1852,.F.);
#2560=ORIENTED_EDGE('',*,*,#1853,.T.);
#2561=ORIENTED_EDGE('',*,*,#1562,.T.);
#2562=ORIENTED_EDGE('',*,*,#1854,.T.);
#2563=ORIENTED_EDGE('',*,*,#1552,.T.);
#2564=ORIENTED_EDGE('',*,*,#1855,.F.);
#2565=ORIENTED_EDGE('',*,*,#1543,.F.);
#2566=ORIENTED_EDGE('',*,*,#1852,.T.);
#2567=ORIENTED_EDGE('',*,*,#1561,.T.);
#2568=ORIENTED_EDGE('',*,*,#1856,.F.);
#2569=ORIENTED_EDGE('',*,*,#1544,.F.);
#2570=ORIENTED_EDGE('',*,*,#1855,.T.);
#2571=ORIENTED_EDGE('',*,*,#1560,.T.);
#2572=ORIENTED_EDGE('',*,*,#1846,.F.);
#2573=ORIENTED_EDGE('',*,*,#1545,.F.);
#2574=ORIENTED_EDGE('',*,*,#1856,.T.);
#2575=ORIENTED_EDGE('',*,*,#1553,.F.);
#2576=ORIENTED_EDGE('',*,*,#1854,.F.);
#2577=ORIENTED_EDGE('',*,*,#1565,.T.);
#2578=ORIENTED_EDGE('',*,*,#1851,.F.);
#2579=ORIENTED_EDGE('',*,*,#1563,.F.);
#2580=ORIENTED_EDGE('',*,*,#1853,.F.);
#2581=ORIENTED_EDGE('',*,*,#1542,.T.);
#2582=ORIENTED_EDGE('',*,*,#1850,.F.);
#2583=ORIENTED_EDGE('',*,*,#1541,.T.);
#2584=ORIENTED_EDGE('',*,*,#1838,.F.);
#2585=ORIENTED_EDGE('',*,*,#1840,.F.);
#2586=ORIENTED_EDGE('',*,*,#1835,.F.);
#2587=ORIENTED_EDGE('',*,*,#1842,.T.);
#2588=ORIENTED_EDGE('',*,*,#1836,.F.);
#2589=ORIENTED_EDGE('',*,*,#1539,.F.);
#2590=ORIENTED_EDGE('',*,*,#1834,.F.);
#2591=ORIENTED_EDGE('',*,*,#1512,.F.);
#2592=ORIENTED_EDGE('',*,*,#1857,.T.);
#2593=ORIENTED_EDGE('',*,*,#1858,.T.);
#2594=ORIENTED_EDGE('',*,*,#1859,.T.);
#2595=ORIENTED_EDGE('',*,*,#1860,.F.);
#2596=ORIENTED_EDGE('',*,*,#1861,.T.);
#2597=ORIENTED_EDGE('',*,*,#1510,.T.);
#2598=ORIENTED_EDGE('',*,*,#1862,.T.);
#2599=ORIENTED_EDGE('',*,*,#1863,.F.);
#2600=ORIENTED_EDGE('',*,*,#1864,.T.);
#2601=ORIENTED_EDGE('',*,*,#1779,.T.);
#2602=ORIENTED_EDGE('',*,*,#1865,.T.);
#2603=ORIENTED_EDGE('',*,*,#1866,.F.);
#2604=ORIENTED_EDGE('',*,*,#1867,.T.);
#2605=ORIENTED_EDGE('',*,*,#1868,.F.);
#2606=ORIENTED_EDGE('',*,*,#1781,.F.);
#2607=ORIENTED_EDGE('',*,*,#1782,.F.);
#2608=ORIENTED_EDGE('',*,*,#1868,.T.);
#2609=ORIENTED_EDGE('',*,*,#1858,.F.);
#2610=ORIENTED_EDGE('',*,*,#1865,.F.);
#2611=ORIENTED_EDGE('',*,*,#1780,.F.);
#2612=ORIENTED_EDGE('',*,*,#1864,.F.);
#2613=ORIENTED_EDGE('',*,*,#1860,.T.);
#2614=ORIENTED_EDGE('',*,*,#1866,.T.);
#2615=ORIENTED_EDGE('',*,*,#1521,.F.);
#2616=ORIENTED_EDGE('',*,*,#1578,.T.);
#2617=ORIENTED_EDGE('',*,*,#1528,.T.);
#2618=ORIENTED_EDGE('',*,*,#1869,.F.);
#2619=ORIENTED_EDGE('',*,*,#1530,.T.);
#2620=ORIENTED_EDGE('',*,*,#1579,.T.);
#2621=ORIENTED_EDGE('',*,*,#1519,.F.);
#2622=ORIENTED_EDGE('',*,*,#1870,.T.);
#2623=ORIENTED_EDGE('',*,*,#1527,.T.);
#2624=ORIENTED_EDGE('',*,*,#1871,.F.);
#2625=ORIENTED_EDGE('',*,*,#1522,.F.);
#2626=ORIENTED_EDGE('',*,*,#1869,.T.);
#2627=ORIENTED_EDGE('',*,*,#1526,.T.);
#2628=ORIENTED_EDGE('',*,*,#1872,.F.);
#2629=ORIENTED_EDGE('',*,*,#1523,.F.);
#2630=ORIENTED_EDGE('',*,*,#1871,.T.);
#2631=ORIENTED_EDGE('',*,*,#1525,.T.);
#2632=ORIENTED_EDGE('',*,*,#1873,.F.);
#2633=ORIENTED_EDGE('',*,*,#1514,.F.);
#2634=ORIENTED_EDGE('',*,*,#1872,.T.);
#2635=ORIENTED_EDGE('',*,*,#1873,.T.);
#2636=ORIENTED_EDGE('',*,*,#1874,.T.);
#2637=ORIENTED_EDGE('',*,*,#1534,.F.);
#2638=ORIENTED_EDGE('',*,*,#1875,.T.);
#2639=ORIENTED_EDGE('',*,*,#1536,.T.);
#2640=ORIENTED_EDGE('',*,*,#1876,.T.);
#2641=ORIENTED_EDGE('',*,*,#1877,.F.);
#2642=ORIENTED_EDGE('',*,*,#1878,.T.);
#2643=ORIENTED_EDGE('',*,*,#1533,.T.);
#2644=ORIENTED_EDGE('',*,*,#1879,.F.);
#2645=ORIENTED_EDGE('',*,*,#1516,.F.);
#2646=ORIENTED_EDGE('',*,*,#1877,.T.);
#2647=ORIENTED_EDGE('',*,*,#1532,.T.);
#2648=ORIENTED_EDGE('',*,*,#1880,.F.);
#2649=ORIENTED_EDGE('',*,*,#1517,.F.);
#2650=ORIENTED_EDGE('',*,*,#1879,.T.);
#2651=ORIENTED_EDGE('',*,*,#1531,.T.);
#2652=ORIENTED_EDGE('',*,*,#1870,.F.);
#2653=ORIENTED_EDGE('',*,*,#1518,.F.);
#2654=ORIENTED_EDGE('',*,*,#1880,.T.);
#2655=ORIENTED_EDGE('',*,*,#1537,.T.);
#2656=ORIENTED_EDGE('',*,*,#1878,.F.);
#2657=ORIENTED_EDGE('',*,*,#1515,.F.);
#2658=ORIENTED_EDGE('',*,*,#1875,.F.);
#2659=ORIENTED_EDGE('',*,*,#1524,.T.);
#2660=ORIENTED_EDGE('',*,*,#1876,.F.);
#2661=ORIENTED_EDGE('',*,*,#1535,.F.);
#2662=ORIENTED_EDGE('',*,*,#1874,.F.);
#2663=ORIENTED_EDGE('',*,*,#1867,.F.);
#2664=ORIENTED_EDGE('',*,*,#1862,.F.);
#2665=ORIENTED_EDGE('',*,*,#1513,.T.);
#2666=ORIENTED_EDGE('',*,*,#1859,.F.);
#2667=ORIENTED_EDGE('',*,*,#1511,.F.);
#2668=ORIENTED_EDGE('',*,*,#1861,.F.);
#2669=ORIENTED_EDGE('',*,*,#1863,.T.);
#2670=ORIENTED_EDGE('',*,*,#1857,.F.);
#2671=ORIENTED_EDGE('',*,*,#1484,.F.);
#2672=ORIENTED_EDGE('',*,*,#1881,.T.);
#2673=ORIENTED_EDGE('',*,*,#1882,.T.);
#2674=ORIENTED_EDGE('',*,*,#1883,.T.);
#2675=ORIENTED_EDGE('',*,*,#1884,.F.);
#2676=ORIENTED_EDGE('',*,*,#1885,.T.);
#2677=ORIENTED_EDGE('',*,*,#1482,.T.);
#2678=ORIENTED_EDGE('',*,*,#1886,.T.);
#2679=ORIENTED_EDGE('',*,*,#1887,.F.);
#2680=ORIENTED_EDGE('',*,*,#1888,.T.);
#2681=ORIENTED_EDGE('',*,*,#1762,.T.);
#2682=ORIENTED_EDGE('',*,*,#1889,.T.);
#2683=ORIENTED_EDGE('',*,*,#1890,.F.);
#2684=ORIENTED_EDGE('',*,*,#1891,.T.);
#2685=ORIENTED_EDGE('',*,*,#1892,.F.);
#2686=ORIENTED_EDGE('',*,*,#1764,.F.);
#2687=ORIENTED_EDGE('',*,*,#1765,.F.);
#2688=ORIENTED_EDGE('',*,*,#1892,.T.);
#2689=ORIENTED_EDGE('',*,*,#1882,.F.);
#2690=ORIENTED_EDGE('',*,*,#1889,.F.);
#2691=ORIENTED_EDGE('',*,*,#1763,.F.);
#2692=ORIENTED_EDGE('',*,*,#1888,.F.);
#2693=ORIENTED_EDGE('',*,*,#1884,.T.);
#2694=ORIENTED_EDGE('',*,*,#1890,.T.);
#2695=ORIENTED_EDGE('',*,*,#1493,.F.);
#2696=ORIENTED_EDGE('',*,*,#1576,.T.);
#2697=ORIENTED_EDGE('',*,*,#1500,.T.);
#2698=ORIENTED_EDGE('',*,*,#1893,.F.);
#2699=ORIENTED_EDGE('',*,*,#1502,.T.);
#2700=ORIENTED_EDGE('',*,*,#1577,.T.);
#2701=ORIENTED_EDGE('',*,*,#1491,.F.);
#2702=ORIENTED_EDGE('',*,*,#1894,.T.);
#2703=ORIENTED_EDGE('',*,*,#1499,.T.);
#2704=ORIENTED_EDGE('',*,*,#1895,.F.);
#2705=ORIENTED_EDGE('',*,*,#1494,.F.);
#2706=ORIENTED_EDGE('',*,*,#1893,.T.);
#2707=ORIENTED_EDGE('',*,*,#1498,.T.);
#2708=ORIENTED_EDGE('',*,*,#1896,.F.);
#2709=ORIENTED_EDGE('',*,*,#1495,.F.);
#2710=ORIENTED_EDGE('',*,*,#1895,.T.);
#2711=ORIENTED_EDGE('',*,*,#1497,.T.);
#2712=ORIENTED_EDGE('',*,*,#1897,.F.);
#2713=ORIENTED_EDGE('',*,*,#1486,.F.);
#2714=ORIENTED_EDGE('',*,*,#1896,.T.);
#2715=ORIENTED_EDGE('',*,*,#1897,.T.);
#2716=ORIENTED_EDGE('',*,*,#1898,.T.);
#2717=ORIENTED_EDGE('',*,*,#1506,.F.);
#2718=ORIENTED_EDGE('',*,*,#1899,.T.);
#2719=ORIENTED_EDGE('',*,*,#1508,.T.);
#2720=ORIENTED_EDGE('',*,*,#1900,.T.);
#2721=ORIENTED_EDGE('',*,*,#1901,.F.);
#2722=ORIENTED_EDGE('',*,*,#1902,.T.);
#2723=ORIENTED_EDGE('',*,*,#1505,.T.);
#2724=ORIENTED_EDGE('',*,*,#1903,.F.);
#2725=ORIENTED_EDGE('',*,*,#1488,.F.);
#2726=ORIENTED_EDGE('',*,*,#1901,.T.);
#2727=ORIENTED_EDGE('',*,*,#1504,.T.);
#2728=ORIENTED_EDGE('',*,*,#1904,.F.);
#2729=ORIENTED_EDGE('',*,*,#1489,.F.);
#2730=ORIENTED_EDGE('',*,*,#1903,.T.);
#2731=ORIENTED_EDGE('',*,*,#1503,.T.);
#2732=ORIENTED_EDGE('',*,*,#1894,.F.);
#2733=ORIENTED_EDGE('',*,*,#1490,.F.);
#2734=ORIENTED_EDGE('',*,*,#1904,.T.);
#2735=ORIENTED_EDGE('',*,*,#1509,.T.);
#2736=ORIENTED_EDGE('',*,*,#1902,.F.);
#2737=ORIENTED_EDGE('',*,*,#1487,.F.);
#2738=ORIENTED_EDGE('',*,*,#1899,.F.);
#2739=ORIENTED_EDGE('',*,*,#1496,.T.);
#2740=ORIENTED_EDGE('',*,*,#1900,.F.);
#2741=ORIENTED_EDGE('',*,*,#1507,.F.);
#2742=ORIENTED_EDGE('',*,*,#1898,.F.);
#2743=ORIENTED_EDGE('',*,*,#1891,.F.);
#2744=ORIENTED_EDGE('',*,*,#1886,.F.);
#2745=ORIENTED_EDGE('',*,*,#1485,.T.);
#2746=ORIENTED_EDGE('',*,*,#1883,.F.);
#2747=ORIENTED_EDGE('',*,*,#1483,.F.);
#2748=ORIENTED_EDGE('',*,*,#1885,.F.);
#2749=ORIENTED_EDGE('',*,*,#1887,.T.);
#2750=ORIENTED_EDGE('',*,*,#1881,.F.);
#2751=PLANE('',#3190);
#2752=PLANE('',#3191);
#2753=PLANE('',#3198);
#2754=PLANE('',#3205);
#2755=PLANE('',#3206);
#2756=PLANE('',#3207);
#2757=PLANE('',#3214);
#2758=PLANE('',#3221);
#2759=PLANE('',#3222);
#2760=PLANE('',#3223);
#2761=PLANE('',#3230);
#2762=PLANE('',#3237);
#2763=PLANE('',#3238);
#2764=PLANE('',#3239);
#2765=PLANE('',#3240);
#2766=PLANE('',#3241);
#2767=PLANE('',#3248);
#2768=PLANE('',#3255);
#2769=PLANE('',#3256);
#2770=PLANE('',#3257);
#2771=PLANE('',#3258);
#2772=PLANE('',#3259);
#2773=PLANE('',#3260);
#2774=PLANE('',#3261);
#2775=PLANE('',#3262);
#2776=PLANE('',#3263);
#2777=PLANE('',#3264);
#2778=PLANE('',#3265);
#2779=PLANE('',#3266);
#2780=PLANE('',#3267);
#2781=PLANE('',#3268);
#2782=PLANE('',#3269);
#2783=PLANE('',#3270);
#2784=PLANE('',#3271);
#2785=PLANE('',#3272);
#2786=PLANE('',#3273);
#2787=PLANE('',#3274);
#2788=PLANE('',#3275);
#2789=PLANE('',#3276);
#2790=PLANE('',#3277);
#2791=PLANE('',#3278);
#2792=PLANE('',#3279);
#2793=PLANE('',#3280);
#2794=PLANE('',#3281);
#2795=PLANE('',#3282);
#2796=PLANE('',#3283);
#2797=PLANE('',#3284);
#2798=PLANE('',#3285);
#2799=PLANE('',#3286);
#2800=PLANE('',#3287);
#2801=PLANE('',#3288);
#2802=PLANE('',#3289);
#2803=PLANE('',#3290);
#2804=PLANE('',#3291);
#2805=PLANE('',#3292);
#2806=PLANE('',#3293);
#2807=PLANE('',#3294);
#2808=PLANE('',#3295);
#2809=PLANE('',#3296);
#2810=PLANE('',#3297);
#2811=PLANE('',#3298);
#2812=PLANE('',#3299);
#2813=PLANE('',#3300);
#2814=PLANE('',#3301);
#2815=PLANE('',#3302);
#2816=PLANE('',#3303);
#2817=PLANE('',#3304);
#2818=PLANE('',#3305);
#2819=PLANE('',#3306);
#2820=PLANE('',#3307);
#2821=PLANE('',#3308);
#2822=PLANE('',#3309);
#2823=PLANE('',#3310);
#2824=PLANE('',#3311);
#2825=PLANE('',#3312);
#2826=PLANE('',#3313);
#2827=PLANE('',#3314);
#2828=PLANE('',#3315);
#2829=PLANE('',#3316);
#2830=PLANE('',#3317);
#2831=PLANE('',#3318);
#2832=PLANE('',#3319);
#2833=PLANE('',#3320);
#2834=PLANE('',#3321);
#2835=PLANE('',#3322);
#2836=PLANE('',#3323);
#2837=PLANE('',#3324);
#2838=PLANE('',#3325);
#2839=PLANE('',#3326);
#2840=PLANE('',#3327);
#2841=PLANE('',#3328);
#2842=PLANE('',#3329);
#2843=PLANE('',#3330);
#2844=PLANE('',#3331);
#2845=PLANE('',#3332);
#2846=PLANE('',#3333);
#2847=PLANE('',#3334);
#2848=PLANE('',#3335);
#2849=PLANE('',#3336);
#2850=PLANE('',#3337);
#2851=PLANE('',#3338);
#2852=PLANE('',#3339);
#2853=PLANE('',#3340);
#2854=PLANE('',#3341);
#2855=PLANE('',#3345);
#2856=PLANE('',#3346);
#2857=PLANE('',#3350);
#2858=PLANE('',#3351);
#2859=PLANE('',#3352);
#2860=PLANE('',#3353);
#2861=PLANE('',#3354);
#2862=PLANE('',#3355);
#2863=PLANE('',#3356);
#2864=PLANE('',#3357);
#2865=PLANE('',#3358);
#2866=PLANE('',#3359);
#2867=PLANE('',#3360);
#2868=PLANE('',#3361);
#2869=PLANE('',#3365);
#2870=PLANE('',#3366);
#2871=PLANE('',#3370);
#2872=PLANE('',#3371);
#2873=PLANE('',#3372);
#2874=PLANE('',#3373);
#2875=PLANE('',#3374);
#2876=PLANE('',#3375);
#2877=PLANE('',#3376);
#2878=PLANE('',#3377);
#2879=PLANE('',#3378);
#2880=PLANE('',#3379);
#2881=PLANE('',#3380);
#2882=PLANE('',#3381);
#2883=PLANE('',#3385);
#2884=PLANE('',#3386);
#2885=PLANE('',#3390);
#2886=PLANE('',#3391);
#2887=PLANE('',#3392);
#2888=PLANE('',#3393);
#2889=PLANE('',#3394);
#2890=PLANE('',#3395);
#2891=PLANE('',#3396);
#2892=PLANE('',#3397);
#2893=PLANE('',#3398);
#2894=PLANE('',#3399);
#2895=PLANE('',#3400);
#2896=PLANE('',#3401);
#2897=PLANE('',#3405);
#2898=PLANE('',#3406);
#2899=PLANE('',#3410);
#2900=PLANE('',#3411);
#2901=PLANE('',#3412);
#2902=PLANE('',#3413);
#2903=STYLED_ITEM('',(#5124),#3000);
#2904=STYLED_ITEM('',(#5124),#3001);
#2905=STYLED_ITEM('',(#5124),#3002);
#2906=STYLED_ITEM('',(#5124),#3003);
#2907=STYLED_ITEM('',(#5124),#3004);
#2908=STYLED_ITEM('',(#5124),#3005);
#2909=STYLED_ITEM('',(#5124),#3006);
#2910=STYLED_ITEM('',(#5124),#3007);
#2911=STYLED_ITEM('',(#5124),#3008);
#2912=STYLED_ITEM('',(#5124),#3009);
#2913=STYLED_ITEM('',(#5124),#3010);
#2914=STYLED_ITEM('',(#5124),#3011);
#2915=STYLED_ITEM('',(#5124),#3014);
#2916=STYLED_ITEM('',(#5124),#3015);
#2917=STYLED_ITEM('',(#5124),#3016);
#2918=STYLED_ITEM('',(#5124),#3017);
#2919=STYLED_ITEM('',(#5124),#3096);
#2920=STYLED_ITEM('',(#5124),#3097);
#2921=STYLED_ITEM('',(#5124),#3098);
#2922=STYLED_ITEM('',(#5124),#3099);
#2923=STYLED_ITEM('',(#5124),#3100);
#2924=STYLED_ITEM('',(#5124),#3101);
#2925=STYLED_ITEM('',(#5124),#3102);
#2926=STYLED_ITEM('',(#5124),#3103);
#2927=STYLED_ITEM('',(#5124),#3104);
#2928=STYLED_ITEM('',(#5124),#3105);
#2929=STYLED_ITEM('',(#5124),#3106);
#2930=STYLED_ITEM('',(#5124),#3107);
#2931=STYLED_ITEM('',(#5124),#3108);
#2932=STYLED_ITEM('',(#5124),#3109);
#2933=STYLED_ITEM('',(#5124),#3110);
#2934=STYLED_ITEM('',(#5124),#3111);
#2935=STYLED_ITEM('',(#5124),#3112);
#2936=STYLED_ITEM('',(#5124),#3113);
#2937=STYLED_ITEM('',(#5124),#3114);
#2938=STYLED_ITEM('',(#5124),#3115);
#2939=STYLED_ITEM('',(#5124),#3116);
#2940=STYLED_ITEM('',(#5124),#3117);
#2941=STYLED_ITEM('',(#5124),#3118);
#2942=STYLED_ITEM('',(#5124),#3119);
#2943=STYLED_ITEM('',(#5124),#3120);
#2944=STYLED_ITEM('',(#5124),#3121);
#2945=STYLED_ITEM('',(#5124),#3122);
#2946=STYLED_ITEM('',(#5124),#3123);
#2947=STYLED_ITEM('',(#5124),#3124);
#2948=STYLED_ITEM('',(#5124),#3125);
#2949=STYLED_ITEM('',(#5124),#3126);
#2950=STYLED_ITEM('',(#5124),#3127);
#2951=STYLED_ITEM('',(#5124),#3128);
#2952=STYLED_ITEM('',(#5124),#3129);
#2953=STYLED_ITEM('',(#5124),#3130);
#2954=STYLED_ITEM('',(#5124),#3131);
#2955=STYLED_ITEM('',(#5124),#3132);
#2956=STYLED_ITEM('',(#5124),#3133);
#2957=STYLED_ITEM('',(#5124),#3134);
#2958=STYLED_ITEM('',(#5124),#3135);
#2959=STYLED_ITEM('',(#5124),#3136);
#2960=STYLED_ITEM('',(#5124),#3137);
#2961=STYLED_ITEM('',(#5124),#3138);
#2962=STYLED_ITEM('',(#5124),#3139);
#2963=STYLED_ITEM('',(#5124),#3140);
#2964=STYLED_ITEM('',(#5124),#3141);
#2965=STYLED_ITEM('',(#5124),#3142);
#2966=STYLED_ITEM('',(#5124),#3143);
#2967=STYLED_ITEM('',(#5124),#3144);
#2968=STYLED_ITEM('',(#5124),#3145);
#2969=STYLED_ITEM('',(#5124),#3146);
#2970=STYLED_ITEM('',(#5124),#3147);
#2971=STYLED_ITEM('',(#5124),#3148);
#2972=STYLED_ITEM('',(#5124),#3149);
#2973=STYLED_ITEM('',(#5124),#3150);
#2974=STYLED_ITEM('',(#5124),#3151);
#2975=STYLED_ITEM('',(#5124),#3152);
#2976=STYLED_ITEM('',(#5124),#3153);
#2977=STYLED_ITEM('',(#5124),#3154);
#2978=STYLED_ITEM('',(#5124),#3155);
#2979=STYLED_ITEM('',(#5124),#3156);
#2980=STYLED_ITEM('',(#5124),#3157);
#2981=STYLED_ITEM('',(#5124),#3158);
#2982=STYLED_ITEM('',(#5124),#3159);
#2983=STYLED_ITEM('',(#5124),#3160);
#2984=STYLED_ITEM('',(#5124),#3161);
#2985=STYLED_ITEM('',(#5124),#3162);
#2986=STYLED_ITEM('',(#5124),#3163);
#2987=STYLED_ITEM('',(#5124),#3164);
#2988=STYLED_ITEM('',(#5124),#3165);
#2989=STYLED_ITEM('',(#5124),#3166);
#2990=STYLED_ITEM('',(#5124),#3167);
#2991=STYLED_ITEM('',(#5124),#3168);
#2992=STYLED_ITEM('',(#5124),#3169);
#2993=STYLED_ITEM('',(#5124),#3170);
#2994=STYLED_ITEM('',(#5124),#3171);
#2995=STYLED_ITEM('',(#5124),#3172);
#2996=STYLED_ITEM('',(#5124),#3173);
#2997=STYLED_ITEM('',(#5124),#3174);
#2998=STYLED_ITEM('',(#5124),#3175);
#2999=STYLED_ITEM('',(#5123),#13);
#3000=ADVANCED_FACE('',(#101),#2751,.F.);
#3001=ADVANCED_FACE('',(#102),#2752,.T.);
#3002=ADVANCED_FACE('',(#103),#2753,.F.);
#3003=ADVANCED_FACE('',(#104),#2754,.F.);
#3004=ADVANCED_FACE('',(#105),#2755,.F.);
#3005=ADVANCED_FACE('',(#106),#2756,.T.);
#3006=ADVANCED_FACE('',(#107),#2757,.F.);
#3007=ADVANCED_FACE('',(#108),#2758,.F.);
#3008=ADVANCED_FACE('',(#109),#2759,.F.);
#3009=ADVANCED_FACE('',(#110),#2760,.F.);
#3010=ADVANCED_FACE('',(#111),#2761,.T.);
#3011=ADVANCED_FACE('',(#112),#2762,.F.);
#3012=ADVANCED_FACE('',(#113,#38,#39,#40,#41),#2763,.F.);
#3013=ADVANCED_FACE('',(#114,#42),#2764,.T.);
#3014=ADVANCED_FACE('',(#115),#2765,.F.);
#3015=ADVANCED_FACE('',(#116),#2766,.F.);
#3016=ADVANCED_FACE('',(#117),#2767,.T.);
#3017=ADVANCED_FACE('',(#118),#2768,.F.);
#3018=ADVANCED_FACE('',(#119,#43),#2769,.T.);
#3019=ADVANCED_FACE('',(#120),#2770,.F.);
#3020=ADVANCED_FACE('',(#121),#2771,.F.);
#3021=ADVANCED_FACE('',(#122),#2772,.T.);
#3022=ADVANCED_FACE('',(#123),#2773,.T.);
#3023=ADVANCED_FACE('',(#124),#2774,.F.);
#3024=ADVANCED_FACE('',(#125,#44,#45),#2775,.T.);
#3025=ADVANCED_FACE('',(#126),#2776,.T.);
#3026=ADVANCED_FACE('',(#127),#2777,.T.);
#3027=ADVANCED_FACE('',(#128,#46,#47,#48,#49),#2778,.T.);
#3028=ADVANCED_FACE('',(#129,#50),#2779,.T.);
#3029=ADVANCED_FACE('',(#130),#2780,.T.);
#3030=ADVANCED_FACE('',(#131),#2781,.F.);
#3031=ADVANCED_FACE('',(#132),#2782,.F.);
#3032=ADVANCED_FACE('',(#133),#2783,.F.);
#3033=ADVANCED_FACE('',(#134),#2784,.F.);
#3034=ADVANCED_FACE('',(#135),#2785,.T.);
#3035=ADVANCED_FACE('',(#136),#2786,.T.);
#3036=ADVANCED_FACE('',(#137),#2787,.T.);
#3037=ADVANCED_FACE('',(#138),#2788,.T.);
#3038=ADVANCED_FACE('',(#139),#2789,.T.);
#3039=ADVANCED_FACE('',(#140),#2790,.T.);
#3040=ADVANCED_FACE('',(#141),#2791,.F.);
#3041=ADVANCED_FACE('',(#142),#2792,.T.);
#3042=ADVANCED_FACE('',(#143),#2793,.T.);
#3043=ADVANCED_FACE('',(#144),#2794,.T.);
#3044=ADVANCED_FACE('',(#145),#2795,.F.);
#3045=ADVANCED_FACE('',(#146),#2796,.T.);
#3046=ADVANCED_FACE('',(#147),#2797,.T.);
#3047=ADVANCED_FACE('',(#148),#2798,.T.);
#3048=ADVANCED_FACE('',(#149),#2799,.F.);
#3049=ADVANCED_FACE('',(#150),#2800,.F.);
#3050=ADVANCED_FACE('',(#151),#2801,.F.);
#3051=ADVANCED_FACE('',(#152),#2802,.F.);
#3052=ADVANCED_FACE('',(#153),#2803,.T.);
#3053=ADVANCED_FACE('',(#154),#2804,.F.);
#3054=ADVANCED_FACE('',(#155),#2805,.F.);
#3055=ADVANCED_FACE('',(#156),#2806,.F.);
#3056=ADVANCED_FACE('',(#157),#2807,.F.);
#3057=ADVANCED_FACE('',(#158),#2808,.F.);
#3058=ADVANCED_FACE('',(#159),#2809,.F.);
#3059=ADVANCED_FACE('',(#160),#2810,.F.);
#3060=ADVANCED_FACE('',(#161,#51),#2811,.T.);
#3061=ADVANCED_FACE('',(#162),#2812,.F.);
#3062=ADVANCED_FACE('',(#163),#2813,.F.);
#3063=ADVANCED_FACE('',(#164),#2814,.F.);
#3064=ADVANCED_FACE('',(#165),#2815,.F.);
#3065=ADVANCED_FACE('',(#166),#2816,.F.);
#3066=ADVANCED_FACE('',(#167),#2817,.F.);
#3067=ADVANCED_FACE('',(#168),#2818,.F.);
#3068=ADVANCED_FACE('',(#169),#2819,.F.);
#3069=ADVANCED_FACE('',(#170),#2820,.F.);
#3070=ADVANCED_FACE('',(#171,#52),#2821,.T.);
#3071=ADVANCED_FACE('',(#172),#2822,.F.);
#3072=ADVANCED_FACE('',(#173),#2823,.F.);
#3073=ADVANCED_FACE('',(#174),#2824,.F.);
#3074=ADVANCED_FACE('',(#175),#2825,.F.);
#3075=ADVANCED_FACE('',(#176),#2826,.F.);
#3076=ADVANCED_FACE('',(#177),#2827,.T.);
#3077=ADVANCED_FACE('',(#178),#2828,.T.);
#3078=ADVANCED_FACE('',(#179),#2829,.T.);
#3079=ADVANCED_FACE('',(#180),#2830,.F.);
#3080=ADVANCED_FACE('',(#181),#2831,.T.);
#3081=ADVANCED_FACE('',(#182),#2832,.T.);
#3082=ADVANCED_FACE('',(#183),#2833,.T.);
#3083=ADVANCED_FACE('',(#184),#2834,.T.);
#3084=ADVANCED_FACE('',(#185),#2835,.F.);
#3085=ADVANCED_FACE('',(#186),#2836,.T.);
#3086=ADVANCED_FACE('',(#187),#2837,.T.);
#3087=ADVANCED_FACE('',(#188),#2838,.T.);
#3088=ADVANCED_FACE('',(#189),#2839,.T.);
#3089=ADVANCED_FACE('',(#190),#2840,.T.);
#3090=ADVANCED_FACE('',(#191),#2841,.F.);
#3091=ADVANCED_FACE('',(#192),#2842,.F.);
#3092=ADVANCED_FACE('',(#193),#2843,.F.);
#3093=ADVANCED_FACE('',(#194),#2844,.F.);
#3094=ADVANCED_FACE('',(#195),#2845,.T.);
#3095=ADVANCED_FACE('',(#196),#2846,.T.);
#3096=ADVANCED_FACE('',(#197),#2847,.F.);
#3097=ADVANCED_FACE('',(#198),#2848,.F.);
#3098=ADVANCED_FACE('',(#199),#2849,.F.);
#3099=ADVANCED_FACE('',(#200),#2850,.T.);
#3100=ADVANCED_FACE('',(#201),#2851,.F.);
#3101=ADVANCED_FACE('',(#202),#2852,.F.);
#3102=ADVANCED_FACE('',(#203),#2853,.F.);
#3103=ADVANCED_FACE('',(#204),#2854,.F.);
#3104=ADVANCED_FACE('',(#205),#14,.F.);
#3105=ADVANCED_FACE('',(#206),#15,.T.);
#3106=ADVANCED_FACE('',(#207),#16,.F.);
#3107=ADVANCED_FACE('',(#208),#2855,.F.);
#3108=ADVANCED_FACE('',(#209),#2856,.F.);
#3109=ADVANCED_FACE('',(#210),#17,.T.);
#3110=ADVANCED_FACE('',(#211),#18,.F.);
#3111=ADVANCED_FACE('',(#212),#19,.T.);
#3112=ADVANCED_FACE('',(#213),#2857,.F.);
#3113=ADVANCED_FACE('',(#214),#2858,.F.);
#3114=ADVANCED_FACE('',(#215),#2859,.F.);
#3115=ADVANCED_FACE('',(#216),#2860,.F.);
#3116=ADVANCED_FACE('',(#217),#2861,.F.);
#3117=ADVANCED_FACE('',(#218),#2862,.F.);
#3118=ADVANCED_FACE('',(#219),#2863,.F.);
#3119=ADVANCED_FACE('',(#220),#2864,.T.);
#3120=ADVANCED_FACE('',(#221),#2865,.F.);
#3121=ADVANCED_FACE('',(#222),#2866,.F.);
#3122=ADVANCED_FACE('',(#223),#2867,.F.);
#3123=ADVANCED_FACE('',(#224),#2868,.F.);
#3124=ADVANCED_FACE('',(#225),#20,.F.);
#3125=ADVANCED_FACE('',(#226),#21,.T.);
#3126=ADVANCED_FACE('',(#227),#22,.F.);
#3127=ADVANCED_FACE('',(#228),#2869,.F.);
#3128=ADVANCED_FACE('',(#229),#2870,.F.);
#3129=ADVANCED_FACE('',(#230),#23,.T.);
#3130=ADVANCED_FACE('',(#231),#24,.F.);
#3131=ADVANCED_FACE('',(#232),#25,.T.);
#3132=ADVANCED_FACE('',(#233),#2871,.F.);
#3133=ADVANCED_FACE('',(#234),#2872,.F.);
#3134=ADVANCED_FACE('',(#235),#2873,.F.);
#3135=ADVANCED_FACE('',(#236),#2874,.F.);
#3136=ADVANCED_FACE('',(#237),#2875,.F.);
#3137=ADVANCED_FACE('',(#238),#2876,.F.);
#3138=ADVANCED_FACE('',(#239),#2877,.T.);
#3139=ADVANCED_FACE('',(#240),#2878,.F.);
#3140=ADVANCED_FACE('',(#241),#2879,.F.);
#3141=ADVANCED_FACE('',(#242),#2880,.F.);
#3142=ADVANCED_FACE('',(#243),#2881,.F.);
#3143=ADVANCED_FACE('',(#244),#2882,.F.);
#3144=ADVANCED_FACE('',(#245),#26,.T.);
#3145=ADVANCED_FACE('',(#246),#27,.F.);
#3146=ADVANCED_FACE('',(#247),#28,.T.);
#3147=ADVANCED_FACE('',(#248),#2883,.F.);
#3148=ADVANCED_FACE('',(#249),#2884,.F.);
#3149=ADVANCED_FACE('',(#250),#29,.F.);
#3150=ADVANCED_FACE('',(#251),#30,.T.);
#3151=ADVANCED_FACE('',(#252),#31,.F.);
#3152=ADVANCED_FACE('',(#253),#2885,.F.);
#3153=ADVANCED_FACE('',(#254),#2886,.F.);
#3154=ADVANCED_FACE('',(#255),#2887,.F.);
#3155=ADVANCED_FACE('',(#256),#2888,.F.);
#3156=ADVANCED_FACE('',(#257),#2889,.F.);
#3157=ADVANCED_FACE('',(#258),#2890,.F.);
#3158=ADVANCED_FACE('',(#259),#2891,.T.);
#3159=ADVANCED_FACE('',(#260),#2892,.F.);
#3160=ADVANCED_FACE('',(#261),#2893,.F.);
#3161=ADVANCED_FACE('',(#262),#2894,.F.);
#3162=ADVANCED_FACE('',(#263),#2895,.F.);
#3163=ADVANCED_FACE('',(#264),#2896,.F.);
#3164=ADVANCED_FACE('',(#265),#32,.T.);
#3165=ADVANCED_FACE('',(#266),#33,.F.);
#3166=ADVANCED_FACE('',(#267),#34,.T.);
#3167=ADVANCED_FACE('',(#268),#2897,.F.);
#3168=ADVANCED_FACE('',(#269),#2898,.F.);
#3169=ADVANCED_FACE('',(#270),#35,.F.);
#3170=ADVANCED_FACE('',(#271),#36,.T.);
#3171=ADVANCED_FACE('',(#272),#37,.F.);
#3172=ADVANCED_FACE('',(#273),#2899,.F.);
#3173=ADVANCED_FACE('',(#274),#2900,.F.);
#3174=ADVANCED_FACE('',(#275),#2901,.F.);
#3175=ADVANCED_FACE('',(#276),#2902,.F.);
#3176=CLOSED_SHELL('',(#3000,#3001,#3002,#3003,#3004,#3005,#3006,#3007,
#3008,#3009,#3010,#3011,#3012,#3013,#3014,#3015,#3016,#3017,#3018,#3019,
#3020,#3021,#3022,#3023,#3024,#3025,#3026,#3027,#3028,#3029,#3030,#3031,
#3032,#3033,#3034,#3035,#3036,#3037,#3038,#3039,#3040,#3041,#3042,#3043,
#3044,#3045,#3046,#3047,#3048,#3049,#3050,#3051,#3052,#3053,#3054,#3055,
#3056,#3057,#3058,#3059,#3060,#3061,#3062,#3063,#3064,#3065,#3066,#3067,
#3068,#3069,#3070,#3071,#3072,#3073,#3074,#3075,#3076,#3077,#3078,#3079,
#3080,#3081,#3082,#3083,#3084,#3085,#3086,#3087,#3088,#3089,#3090,#3091,
#3092,#3093,#3094,#3095,#3096,#3097,#3098,#3099,#3100,#3101,#3102,#3103,
#3104,#3105,#3106,#3107,#3108,#3109,#3110,#3111,#3112,#3113,#3114,#3115,
#3116,#3117,#3118,#3119,#3120,#3121,#3122,#3123,#3124,#3125,#3126,#3127,
#3128,#3129,#3130,#3131,#3132,#3133,#3134,#3135,#3136,#3137,#3138,#3139,
#3140,#3141,#3142,#3143,#3144,#3145,#3146,#3147,#3148,#3149,#3150,#3151,
#3152,#3153,#3154,#3155,#3156,#3157,#3158,#3159,#3160,#3161,#3162,#3163,
#3164,#3165,#3166,#3167,#3168,#3169,#3170,#3171,#3172,#3173,#3174,#3175));
#3177=DERIVED_UNIT_ELEMENT(#3179,1.);
#3178=DERIVED_UNIT_ELEMENT(#5108,-3.);
#3179=(
MASS_UNIT()
NAMED_UNIT(*)
SI_UNIT(.KILO.,.GRAM.)
);
#3180=DERIVED_UNIT((#3177,#3178));
#3181=MEASURE_REPRESENTATION_ITEM('density measure',
POSITIVE_RATIO_MEASURE(7850.),#3180);
#3182=PROPERTY_DEFINITION_REPRESENTATION(#3187,#3184);
#3183=PROPERTY_DEFINITION_REPRESENTATION(#3188,#3185);
#3184=REPRESENTATION('material name',(#3186),#5105);
#3185=REPRESENTATION('density',(#3181),#5105);
#3186=DESCRIPTIVE_REPRESENTATION_ITEM('Steel','Steel');
#3187=PROPERTY_DEFINITION('material property','material name',#5115);
#3188=PROPERTY_DEFINITION('material property','density of part',#5115);
#3189=AXIS2_PLACEMENT_3D('',#4239,#3414,#3415);
#3190=AXIS2_PLACEMENT_3D('',#4240,#3416,#3417);
#3191=AXIS2_PLACEMENT_3D('',#4249,#3422,#3423);
#3192=AXIS2_PLACEMENT_3D('',#4252,#3424,#3425);
#3193=AXIS2_PLACEMENT_3D('',#4256,#3427,#3428);
#3194=AXIS2_PLACEMENT_3D('',#4258,#3429,#3430);
#3195=AXIS2_PLACEMENT_3D('',#4260,#3431,#3432);
#3196=AXIS2_PLACEMENT_3D('',#4268,#3436,#3437);
#3197=AXIS2_PLACEMENT_3D('',#4269,#3438,#3439);
#3198=AXIS2_PLACEMENT_3D('',#4270,#3440,#3441);
#3199=AXIS2_PLACEMENT_3D('',#4275,#3443,#3444);
#3200=AXIS2_PLACEMENT_3D('',#4277,#3445,#3446);
#3201=AXIS2_PLACEMENT_3D('',#4279,#3447,#3448);
#3202=AXIS2_PLACEMENT_3D('',#4287,#3452,#3453);
#3203=AXIS2_PLACEMENT_3D('',#4289,#3454,#3455);
#3204=AXIS2_PLACEMENT_3D('',#4290,#3456,#3457);
#3205=AXIS2_PLACEMENT_3D('',#4291,#3458,#3459);
#3206=AXIS2_PLACEMENT_3D('',#4300,#3464,#3465);
#3207=AXIS2_PLACEMENT_3D('',#4309,#3470,#3471);
#3208=AXIS2_PLACEMENT_3D('',#4312,#3472,#3473);
#3209=AXIS2_PLACEMENT_3D('',#4316,#3475,#3476);
#3210=AXIS2_PLACEMENT_3D('',#4318,#3477,#3478);
#3211=AXIS2_PLACEMENT_3D('',#4320,#3479,#3480);
#3212=AXIS2_PLACEMENT_3D('',#4328,#3484,#3485);
#3213=AXIS2_PLACEMENT_3D('',#4329,#3486,#3487);
#3214=AXIS2_PLACEMENT_3D('',#4330,#3488,#3489);
#3215=AXIS2_PLACEMENT_3D('',#4335,#3491,#3492);
#3216=AXIS2_PLACEMENT_3D('',#4337,#3493,#3494);
#3217=AXIS2_PLACEMENT_3D('',#4339,#3495,#3496);
#3218=AXIS2_PLACEMENT_3D('',#4347,#3500,#3501);
#3219=AXIS2_PLACEMENT_3D('',#4349,#3502,#3503);
#3220=AXIS2_PLACEMENT_3D('',#4350,#3504,#3505);
#3221=AXIS2_PLACEMENT_3D('',#4351,#3506,#3507);
#3222=AXIS2_PLACEMENT_3D('',#4360,#3512,#3513);
#3223=AXIS2_PLACEMENT_3D('',#4369,#3518,#3519);
#3224=AXIS2_PLACEMENT_3D('',#4374,#3521,#3522);
#3225=AXIS2_PLACEMENT_3D('',#4376,#3523,#3524);
#3226=AXIS2_PLACEMENT_3D('',#4378,#3525,#3526);
#3227=AXIS2_PLACEMENT_3D('',#4386,#3530,#3531);
#3228=AXIS2_PLACEMENT_3D('',#4388,#3532,#3533);
#3229=AXIS2_PLACEMENT_3D('',#4389,#3534,#3535);
#3230=AXIS2_PLACEMENT_3D('',#4390,#3536,#3537);
#3231=AXIS2_PLACEMENT_3D('',#4393,#3538,#3539);
#3232=AXIS2_PLACEMENT_3D('',#4397,#3541,#3542);
#3233=AXIS2_PLACEMENT_3D('',#4399,#3543,#3544);
#3234=AXIS2_PLACEMENT_3D('',#4401,#3545,#3546);
#3235=AXIS2_PLACEMENT_3D('',#4409,#3550,#3551);
#3236=AXIS2_PLACEMENT_3D('',#4410,#3552,#3553);
#3237=AXIS2_PLACEMENT_3D('',#4411,#3554,#3555);
#3238=AXIS2_PLACEMENT_3D('',#4420,#3560,#3561);
#3239=AXIS2_PLACEMENT_3D('',#4451,#3580,#3581);
#3240=AXIS2_PLACEMENT_3D('',#4470,#3591,#3592);
#3241=AXIS2_PLACEMENT_3D('',#4479,#3597,#3598);
#3242=AXIS2_PLACEMENT_3D('',#4484,#3600,#3601);
#3243=AXIS2_PLACEMENT_3D('',#4486,#3602,#3603);
#3244=AXIS2_PLACEMENT_3D('',#4488,#3604,#3605);
#3245=AXIS2_PLACEMENT_3D('',#4493,#3608,#3609);
#3246=AXIS2_PLACEMENT_3D('',#4495,#3610,#3611);
#3247=AXIS2_PLACEMENT_3D('',#4496,#3612,#3613);
#3248=AXIS2_PLACEMENT_3D('',#4497,#3614,#3615);
#3249=AXIS2_PLACEMENT_3D('',#4500,#3616,#3617);
#3250=AXIS2_PLACEMENT_3D('',#4504,#3619,#3620);
#3251=AXIS2_PLACEMENT_3D('',#4506,#3621,#3622);
#3252=AXIS2_PLACEMENT_3D('',#4508,#3623,#3624);
#3253=AXIS2_PLACEMENT_3D('',#4513,#3627,#3628);
#3254=AXIS2_PLACEMENT_3D('',#4514,#3629,#3630);
#3255=AXIS2_PLACEMENT_3D('',#4515,#3631,#3632);
#3256=AXIS2_PLACEMENT_3D('',#4524,#3637,#3638);
#3257=AXIS2_PLACEMENT_3D('',#4543,#3648,#3649);
#3258=AXIS2_PLACEMENT_3D('',#4550,#3653,#3654);
#3259=AXIS2_PLACEMENT_3D('',#4556,#3658,#3659);
#3260=AXIS2_PLACEMENT_3D('',#4562,#3664,#3665);
#3261=AXIS2_PLACEMENT_3D('',#4580,#3675,#3676);
#3262=AXIS2_PLACEMENT_3D('',#4588,#3681,#3682);
#3263=AXIS2_PLACEMENT_3D('',#4626,#3702,#3703);
#3264=AXIS2_PLACEMENT_3D('',#4635,#3708,#3709);
#3265=AXIS2_PLACEMENT_3D('',#4641,#3713,#3714);
#3266=AXIS2_PLACEMENT_3D('',#4687,#3739,#3740);
#3267=AXIS2_PLACEMENT_3D('',#4697,#3746,#3747);
#3268=AXIS2_PLACEMENT_3D('',#4709,#3755,#3756);
#3269=AXIS2_PLACEMENT_3D('',#4715,#3760,#3761);
#3270=AXIS2_PLACEMENT_3D('',#4721,#3765,#3766);
#3271=AXIS2_PLACEMENT_3D('',#4724,#3769,#3770);
#3272=AXIS2_PLACEMENT_3D('',#4725,#3771,#3772);
#3273=AXIS2_PLACEMENT_3D('',#4726,#3773,#3774);
#3274=AXIS2_PLACEMENT_3D('',#4729,#3777,#3778);
#3275=AXIS2_PLACEMENT_3D('',#4732,#3781,#3782);
#3276=AXIS2_PLACEMENT_3D('',#4738,#3786,#3787);
#3277=AXIS2_PLACEMENT_3D('',#4741,#3790,#3791);
#3278=AXIS2_PLACEMENT_3D('',#4742,#3792,#3793);
#3279=AXIS2_PLACEMENT_3D('',#4743,#3794,#3795);
#3280=AXIS2_PLACEMENT_3D('',#4749,#3799,#3800);
#3281=AXIS2_PLACEMENT_3D('',#4752,#3803,#3804);
#3282=AXIS2_PLACEMENT_3D('',#4753,#3805,#3806);
#3283=AXIS2_PLACEMENT_3D('',#4754,#3807,#3808);
#3284=AXIS2_PLACEMENT_3D('',#4760,#3812,#3813);
#3285=AXIS2_PLACEMENT_3D('',#4763,#3816,#3817);
#3286=AXIS2_PLACEMENT_3D('',#4767,#3820,#3821);
#3287=AXIS2_PLACEMENT_3D('',#4770,#3824,#3825);
#3288=AXIS2_PLACEMENT_3D('',#4776,#3829,#3830);
#3289=AXIS2_PLACEMENT_3D('',#4780,#3833,#3834);
#3290=AXIS2_PLACEMENT_3D('',#4783,#3837,#3838);
#3291=AXIS2_PLACEMENT_3D('',#4785,#3840,#3841);
#3292=AXIS2_PLACEMENT_3D('',#4786,#3842,#3843);
#3293=AXIS2_PLACEMENT_3D('',#4787,#3844,#3845);
#3294=AXIS2_PLACEMENT_3D('',#4793,#3849,#3850);
#3295=AXIS2_PLACEMENT_3D('',#4797,#3853,#3854);
#3296=AXIS2_PLACEMENT_3D('',#4801,#3857,#3858);
#3297=AXIS2_PLACEMENT_3D('',#4805,#3861,#3862);
#3298=AXIS2_PLACEMENT_3D('',#4807,#3864,#3865);
#3299=AXIS2_PLACEMENT_3D('',#4816,#3870,#3871);
#3300=AXIS2_PLACEMENT_3D('',#4819,#3874,#3875);
#3301=AXIS2_PLACEMENT_3D('',#4821,#3877,#3878);
#3302=AXIS2_PLACEMENT_3D('',#4823,#3880,#3881);
#3303=AXIS2_PLACEMENT_3D('',#4825,#3883,#3884);
#3304=AXIS2_PLACEMENT_3D('',#4826,#3885,#3886);
#3305=AXIS2_PLACEMENT_3D('',#4832,#3890,#3891);
#3306=AXIS2_PLACEMENT_3D('',#4836,#3894,#3895);
#3307=AXIS2_PLACEMENT_3D('',#4840,#3898,#3899);
#3308=AXIS2_PLACEMENT_3D('',#4842,#3901,#3902);
#3309=AXIS2_PLACEMENT_3D('',#4851,#3907,#3908);
#3310=AXIS2_PLACEMENT_3D('',#4854,#3911,#3912);
#3311=AXIS2_PLACEMENT_3D('',#4856,#3914,#3915);
#3312=AXIS2_PLACEMENT_3D('',#4858,#3917,#3918);
#3313=AXIS2_PLACEMENT_3D('',#4860,#3920,#3921);
#3314=AXIS2_PLACEMENT_3D('',#4861,#3922,#3923);
#3315=AXIS2_PLACEMENT_3D('',#4867,#3927,#3928);
#3316=AXIS2_PLACEMENT_3D('',#4873,#3932,#3933);
#3317=AXIS2_PLACEMENT_3D('',#4876,#3936,#3937);
#3318=AXIS2_PLACEMENT_3D('',#4877,#3938,#3939);
#3319=AXIS2_PLACEMENT_3D('',#4878,#3940,#3941);
#3320=AXIS2_PLACEMENT_3D('',#4884,#3945,#3946);
#3321=AXIS2_PLACEMENT_3D('',#4890,#3950,#3951);
#3322=AXIS2_PLACEMENT_3D('',#4893,#3954,#3955);
#3323=AXIS2_PLACEMENT_3D('',#4894,#3956,#3957);
#3324=AXIS2_PLACEMENT_3D('',#4895,#3958,#3959);
#3325=AXIS2_PLACEMENT_3D('',#4896,#3960,#3961);
#3326=AXIS2_PLACEMENT_3D('',#4900,#3964,#3965);
#3327=AXIS2_PLACEMENT_3D('',#4904,#3969,#3970);
#3328=AXIS2_PLACEMENT_3D('',#4905,#3971,#3972);
#3329=AXIS2_PLACEMENT_3D('',#4906,#3973,#3974);
#3330=AXIS2_PLACEMENT_3D('',#4907,#3975,#3976);
#3331=AXIS2_PLACEMENT_3D('',#4908,#3977,#3978);
#3332=AXIS2_PLACEMENT_3D('',#4909,#3979,#3980);
#3333=AXIS2_PLACEMENT_3D('',#4910,#3981,#3982);
#3334=AXIS2_PLACEMENT_3D('',#4911,#3983,#3984);
#3335=AXIS2_PLACEMENT_3D('',#4917,#3988,#3989);
#3336=AXIS2_PLACEMENT_3D('',#4923,#3993,#3994);
#3337=AXIS2_PLACEMENT_3D('',#4927,#3998,#3999);
#3338=AXIS2_PLACEMENT_3D('',#4931,#4003,#4004);
#3339=AXIS2_PLACEMENT_3D('',#4932,#4005,#4006);
#3340=AXIS2_PLACEMENT_3D('',#4933,#4007,#4008);
#3341=AXIS2_PLACEMENT_3D('',#4935,#4010,#4011);
#3342=AXIS2_PLACEMENT_3D('',#4937,#4013,#4014);
#3343=AXIS2_PLACEMENT_3D('',#4939,#4016,#4017);
#3344=AXIS2_PLACEMENT_3D('',#4941,#4019,#4020);
#3345=AXIS2_PLACEMENT_3D('',#4943,#4022,#4023);
#3346=AXIS2_PLACEMENT_3D('',#4946,#4026,#4027);
#3347=AXIS2_PLACEMENT_3D('',#4950,#4031,#4032);
#3348=AXIS2_PLACEMENT_3D('',#4952,#4034,#4035);
#3349=AXIS2_PLACEMENT_3D('',#4954,#4037,#4038);
#3350=AXIS2_PLACEMENT_3D('',#4955,#4039,#4040);
#3351=AXIS2_PLACEMENT_3D('',#4956,#4041,#4042);
#3352=AXIS2_PLACEMENT_3D('',#4957,#4043,#4044);
#3353=AXIS2_PLACEMENT_3D('',#4958,#4045,#4046);
#3354=AXIS2_PLACEMENT_3D('',#4959,#4047,#4048);
#3355=AXIS2_PLACEMENT_3D('',#4965,#4052,#4053);
#3356=AXIS2_PLACEMENT_3D('',#4971,#4057,#4058);
#3357=AXIS2_PLACEMENT_3D('',#4975,#4062,#4063);
#3358=AXIS2_PLACEMENT_3D('',#4979,#4067,#4068);
#3359=AXIS2_PLACEMENT_3D('',#4980,#4069,#4070);
#3360=AXIS2_PLACEMENT_3D('',#4981,#4071,#4072);
#3361=AXIS2_PLACEMENT_3D('',#4983,#4074,#4075);
#3362=AXIS2_PLACEMENT_3D('',#4985,#4077,#4078);
#3363=AXIS2_PLACEMENT_3D('',#4987,#4080,#4081);
#3364=AXIS2_PLACEMENT_3D('',#4989,#4083,#4084);
#3365=AXIS2_PLACEMENT_3D('',#4991,#4086,#4087);
#3366=AXIS2_PLACEMENT_3D('',#4994,#4090,#4091);
#3367=AXIS2_PLACEMENT_3D('',#4998,#4095,#4096);
#3368=AXIS2_PLACEMENT_3D('',#5000,#4098,#4099);
#3369=AXIS2_PLACEMENT_3D('',#5002,#4101,#4102);
#3370=AXIS2_PLACEMENT_3D('',#5003,#4103,#4104);
#3371=AXIS2_PLACEMENT_3D('',#5004,#4105,#4106);
#3372=AXIS2_PLACEMENT_3D('',#5005,#4107,#4108);
#3373=AXIS2_PLACEMENT_3D('',#5006,#4109,#4110);
#3374=AXIS2_PLACEMENT_3D('',#5007,#4111,#4112);
#3375=AXIS2_PLACEMENT_3D('',#5013,#4116,#4117);
#3376=AXIS2_PLACEMENT_3D('',#5019,#4121,#4122);
#3377=AXIS2_PLACEMENT_3D('',#5023,#4126,#4127);
#3378=AXIS2_PLACEMENT_3D('',#5027,#4131,#4132);
#3379=AXIS2_PLACEMENT_3D('',#5028,#4133,#4134);
#3380=AXIS2_PLACEMENT_3D('',#5029,#4135,#4136);
#3381=AXIS2_PLACEMENT_3D('',#5031,#4138,#4139);
#3382=AXIS2_PLACEMENT_3D('',#5033,#4141,#4142);
#3383=AXIS2_PLACEMENT_3D('',#5035,#4144,#4145);
#3384=AXIS2_PLACEMENT_3D('',#5037,#4147,#4148);
#3385=AXIS2_PLACEMENT_3D('',#5039,#4150,#4151);
#3386=AXIS2_PLACEMENT_3D('',#5042,#4154,#4155);
#3387=AXIS2_PLACEMENT_3D('',#5046,#4159,#4160);
#3388=AXIS2_PLACEMENT_3D('',#5048,#4162,#4163);
#3389=AXIS2_PLACEMENT_3D('',#5050,#4165,#4166);
#3390=AXIS2_PLACEMENT_3D('',#5051,#4167,#4168);
#3391=AXIS2_PLACEMENT_3D('',#5052,#4169,#4170);
#3392=AXIS2_PLACEMENT_3D('',#5053,#4171,#4172);
#3393=AXIS2_PLACEMENT_3D('',#5054,#4173,#4174);
#3394=AXIS2_PLACEMENT_3D('',#5055,#4175,#4176);
#3395=AXIS2_PLACEMENT_3D('',#5061,#4180,#4181);
#3396=AXIS2_PLACEMENT_3D('',#5067,#4185,#4186);
#3397=AXIS2_PLACEMENT_3D('',#5071,#4190,#4191);
#3398=AXIS2_PLACEMENT_3D('',#5075,#4195,#4196);
#3399=AXIS2_PLACEMENT_3D('',#5076,#4197,#4198);
#3400=AXIS2_PLACEMENT_3D('',#5077,#4199,#4200);
#3401=AXIS2_PLACEMENT_3D('',#5079,#4202,#4203);
#3402=AXIS2_PLACEMENT_3D('',#5081,#4205,#4206);
#3403=AXIS2_PLACEMENT_3D('',#5083,#4208,#4209);
#3404=AXIS2_PLACEMENT_3D('',#5085,#4211,#4212);
#3405=AXIS2_PLACEMENT_3D('',#5087,#4214,#4215);
#3406=AXIS2_PLACEMENT_3D('',#5090,#4218,#4219);
#3407=AXIS2_PLACEMENT_3D('',#5094,#4223,#4224);
#3408=AXIS2_PLACEMENT_3D('',#5096,#4226,#4227);
#3409=AXIS2_PLACEMENT_3D('',#5098,#4229,#4230);
#3410=AXIS2_PLACEMENT_3D('',#5099,#4231,#4232);
#3411=AXIS2_PLACEMENT_3D('',#5100,#4233,#4234);
#3412=AXIS2_PLACEMENT_3D('',#5101,#4235,#4236);
#3413=AXIS2_PLACEMENT_3D('',#5102,#4237,#4238);
#3414=DIRECTION('axis',(0.,0.,1.));
#3415=DIRECTION('refdir',(1.,0.,0.));
#3416=DIRECTION('center_axis',(2.71926214689378E-32,2.22044604925031E-16,
-1.));
#3417=DIRECTION('ref_axis',(-1.22464679914735E-16,-1.,-2.22044604925031E-16));
#3418=DIRECTION('',(1.,-1.22464679914735E-16,0.));
#3419=DIRECTION('',(-1.22464679914735E-16,-1.,-2.22044604925031E-16));
#3420=DIRECTION('',(1.,-1.22464679914735E-16,0.));
#3421=DIRECTION('',(-1.22464679914735E-16,-1.,-2.22044604925031E-16));
#3422=DIRECTION('center_axis',(-1.,1.22464679914735E-16,0.));
#3423=DIRECTION('ref_axis',(1.22464679914735E-16,1.,2.22044604925031E-16));
#3424=DIRECTION('center_axis',(-1.,1.22464679914735E-16,0.));
#3425=DIRECTION('ref_axis',(2.71926214689378E-32,2.22044604925031E-16,-1.));
#3426=DIRECTION('',(-1.22464679914735E-16,-1.,-2.22044604925031E-16));
#3427=DIRECTION('center_axis',(1.,-1.22464679914735E-16,0.));
#3428=DIRECTION('ref_axis',(2.71926214689378E-32,2.22044604925031E-16,-1.));
#3429=DIRECTION('center_axis',(-1.,1.22464679914735E-16,0.));
#3430=DIRECTION('ref_axis',(3.59279156805364E-32,2.9337369522013E-16,-1.));
#3431=DIRECTION('center_axis',(1.,-1.22464679914735E-16,0.));
#3432=DIRECTION('ref_axis',(2.71926214689378E-32,2.22044604925031E-16,-1.));
#3433=DIRECTION('',(-2.71926214689378E-32,-2.22044604925031E-16,1.));
#3434=DIRECTION('',(-1.22464679914735E-16,-1.,-2.22044604925031E-16));
#3435=DIRECTION('',(2.71926214689378E-32,2.22044604925031E-16,-1.));
#3436=DIRECTION('center_axis',(-1.,1.22464679914735E-16,0.));
#3437=DIRECTION('ref_axis',(2.71926214689378E-32,2.22044604925031E-16,-1.));
#3438=DIRECTION('center_axis',(1.,-1.22464679914735E-16,0.));
#3439=DIRECTION('ref_axis',(2.71926214689378E-32,2.22044604925031E-16,-1.));
#3440=DIRECTION('center_axis',(-1.,1.22464679914735E-16,0.));
#3441=DIRECTION('ref_axis',(1.22464679914735E-16,1.,2.22044604925031E-16));
#3442=DIRECTION('',(-1.22464679914735E-16,-1.,-2.22044604925031E-16));
#3443=DIRECTION('center_axis',(-1.,1.22464679914735E-16,0.));
#3444=DIRECTION('ref_axis',(2.71926214689378E-32,2.22044604925031E-16,-1.));
#3445=DIRECTION('center_axis',(1.,-1.22464679914735E-16,0.));
#3446=DIRECTION('ref_axis',(2.71926214689378E-32,2.22044604925031E-16,-1.));
#3447=DIRECTION('center_axis',(-1.,1.22464679914735E-16,0.));
#3448=DIRECTION('ref_axis',(2.71926214689378E-32,2.22044604925031E-16,-1.));
#3449=DIRECTION('',(2.71926214689378E-32,2.22044604925031E-16,-1.));
#3450=DIRECTION('',(-1.22464679914735E-16,-1.,-2.22044604925031E-16));
#3451=DIRECTION('',(-2.71926214689378E-32,-2.22044604925031E-16,1.));
#3452=DIRECTION('center_axis',(1.,-1.22464679914735E-16,0.));
#3453=DIRECTION('ref_axis',(2.71926214689378E-32,2.22044604925031E-16,-1.));
#3454=DIRECTION('center_axis',(-1.,1.22464679914735E-16,0.));
#3455=DIRECTION('ref_axis',(3.59279156805364E-32,2.9337369522013E-16,-1.));
#3456=DIRECTION('center_axis',(1.,-1.22464679914735E-16,0.));
#3457=DIRECTION('ref_axis',(2.71926214689378E-32,2.22044604925031E-16,-1.));
#3458=DIRECTION('center_axis',(9.33524418103727E-31,7.6228053570522E-15,
1.));
#3459=DIRECTION('ref_axis',(1.22464679914735E-16,1.,-7.6228053570522E-15));
#3460=DIRECTION('',(1.,-1.22464679914735E-16,0.));
#3461=DIRECTION('',(-1.22464679914735E-16,-1.,-2.22044604925031E-16));
#3462=DIRECTION('',(1.,-1.22464679914735E-16,0.));
#3463=DIRECTION('',(-1.22464679914735E-16,-1.,-2.22044604925031E-16));
#3464=DIRECTION('center_axis',(2.71926214689378E-32,2.22044604925031E-16,
-1.));
#3465=DIRECTION('ref_axis',(-1.22464679914735E-16,-1.,-2.22044604925031E-16));
#3466=DIRECTION('',(1.,-1.22464679914735E-16,0.));
#3467=DIRECTION('',(-1.22464679914735E-16,-1.,-2.22044604925031E-16));
#3468=DIRECTION('',(1.,-1.22464679914735E-16,0.));
#3469=DIRECTION('',(-1.22464679914735E-16,-1.,-2.22044604925031E-16));
#3470=DIRECTION('center_axis',(-1.,1.22464679914735E-16,0.));
#3471=DIRECTION('ref_axis',(1.22464679914735E-16,1.,2.22044604925031E-16));
#3472=DIRECTION('center_axis',(-1.,1.22464679914735E-16,0.));
#3473=DIRECTION('ref_axis',(2.71926214689378E-32,2.22044604925031E-16,-1.));
#3474=DIRECTION('',(-1.22464679914735E-16,-1.,-2.22044604925031E-16));
#3475=DIRECTION('center_axis',(1.,-1.22464679914735E-16,0.));
#3476=DIRECTION('ref_axis',(2.71926214689378E-32,2.22044604925031E-16,-1.));
#3477=DIRECTION('center_axis',(-1.,1.22464679914735E-16,0.));
#3478=DIRECTION('ref_axis',(3.59279156805364E-32,2.9337369522013E-16,-1.));
#3479=DIRECTION('center_axis',(1.,-1.22464679914735E-16,0.));
#3480=DIRECTION('ref_axis',(2.71926214689378E-32,2.22044604925031E-16,-1.));
#3481=DIRECTION('',(-2.71926214689378E-32,-2.22044604925031E-16,1.));
#3482=DIRECTION('',(-1.22464679914735E-16,-1.,-2.22044604925031E-16));
#3483=DIRECTION('',(2.71926214689378E-32,2.22044604925031E-16,-1.));
#3484=DIRECTION('center_axis',(-1.,1.22464679914735E-16,0.));
#3485=DIRECTION('ref_axis',(2.71926214689378E-32,2.22044604925031E-16,-1.));
#3486=DIRECTION('center_axis',(1.,-1.22464679914735E-16,0.));
#3487=DIRECTION('ref_axis',(2.71926214689378E-32,2.22044604925031E-16,-1.));
#3488=DIRECTION('center_axis',(-1.,1.22464679914735E-16,0.));
#3489=DIRECTION('ref_axis',(1.22464679914735E-16,1.,2.22044604925031E-16));
#3490=DIRECTION('',(-1.22464679914735E-16,-1.,-2.22044604925031E-16));
#3491=DIRECTION('center_axis',(-1.,1.22464679914735E-16,0.));
#3492=DIRECTION('ref_axis',(2.71926214689378E-32,2.22044604925031E-16,-1.));
#3493=DIRECTION('center_axis',(1.,-1.22464679914735E-16,0.));
#3494=DIRECTION('ref_axis',(2.71926214689378E-32,2.22044604925031E-16,-1.));
#3495=DIRECTION('center_axis',(-1.,1.22464679914735E-16,0.));
#3496=DIRECTION('ref_axis',(2.71926214689378E-32,2.22044604925031E-16,-1.));
#3497=DIRECTION('',(2.71926214689378E-32,2.22044604925031E-16,-1.));
#3498=DIRECTION('',(-1.22464679914735E-16,-1.,-2.22044604925031E-16));
#3499=DIRECTION('',(-2.71926214689378E-32,-2.22044604925031E-16,1.));
#3500=DIRECTION('center_axis',(1.,-1.22464679914735E-16,0.));
#3501=DIRECTION('ref_axis',(2.71926214689378E-32,2.22044604925031E-16,-1.));
#3502=DIRECTION('center_axis',(-1.,1.22464679914735E-16,0.));
#3503=DIRECTION('ref_axis',(3.59279156805364E-32,2.9337369522013E-16,-1.));
#3504=DIRECTION('center_axis',(1.,-1.22464679914735E-16,0.));
#3505=DIRECTION('ref_axis',(2.71926214689378E-32,2.22044604925031E-16,-1.));
#3506=DIRECTION('center_axis',(9.33524418103727E-31,7.6228053570522E-15,
1.));
#3507=DIRECTION('ref_axis',(1.22464679914735E-16,1.,-7.6228053570522E-15));
#3508=DIRECTION('',(1.,-1.22464679914735E-16,0.));
#3509=DIRECTION('',(-1.22464679914735E-16,-1.,-2.22044604925031E-16));
#3510=DIRECTION('',(1.,-1.22464679914735E-16,0.));
#3511=DIRECTION('',(-1.22464679914735E-16,-1.,-2.22044604925031E-16));
#3512=DIRECTION('center_axis',(2.71926214689378E-32,2.22044604925031E-16,
-1.));
#3513=DIRECTION('ref_axis',(-1.22464679914735E-16,-1.,-2.22044604925031E-16));
#3514=DIRECTION('',(1.,-1.22464679914735E-16,0.));
#3515=DIRECTION('',(1.22464679914735E-16,1.,2.22044604925031E-16));
#3516=DIRECTION('',(1.,-1.22464679914735E-16,0.));
#3517=DIRECTION('',(1.22464679914735E-16,1.,2.22044604925031E-16));
#3518=DIRECTION('center_axis',(1.,-1.22464679914735E-16,0.));
#3519=DIRECTION('ref_axis',(-1.22464679914735E-16,-1.,-2.22044604925031E-16));
#3520=DIRECTION('',(1.22464679914735E-16,1.,2.22044604925031E-16));
#3521=DIRECTION('center_axis',(-1.,1.22464679914735E-16,0.));
#3522=DIRECTION('ref_axis',(2.71926214689378E-32,2.22044604925031E-16,-1.));
#3523=DIRECTION('center_axis',(1.,-1.22464679914735E-16,0.));
#3524=DIRECTION('ref_axis',(2.71926214689378E-32,2.22044604925031E-16,-1.));
#3525=DIRECTION('center_axis',(-1.,1.22464679914735E-16,0.));
#3526=DIRECTION('ref_axis',(2.71926214689378E-32,2.22044604925031E-16,-1.));
#3527=DIRECTION('',(4.0024828751301E-34,3.26827529204076E-18,1.));
#3528=DIRECTION('',(1.22464679914735E-16,1.,2.22044604925031E-16));
#3529=DIRECTION('',(3.5191204120522E-32,2.873579888097E-16,-1.));
#3530=DIRECTION('center_axis',(1.,-1.22464679914735E-16,0.));
#3531=DIRECTION('ref_axis',(2.71926214689378E-32,2.22044604925031E-16,-1.));
#3532=DIRECTION('center_axis',(-1.,1.22464679914735E-16,0.));
#3533=DIRECTION('ref_axis',(2.71926214689378E-32,2.22044604925031E-16,-1.));
#3534=DIRECTION('center_axis',(1.,-1.22464679914735E-16,0.));
#3535=DIRECTION('ref_axis',(2.71926214689378E-32,2.22044604925031E-16,-1.));
#3536=DIRECTION('center_axis',(1.,-1.22464679914735E-16,0.));
#3537=DIRECTION('ref_axis',(-1.22464679914735E-16,-1.,-2.22044604925031E-16));
#3538=DIRECTION('center_axis',(-1.,1.22464679914735E-16,0.));
#3539=DIRECTION('ref_axis',(2.71926214689378E-32,2.22044604925031E-16,-1.));
#3540=DIRECTION('',(1.22464679914735E-16,1.,2.22044604925031E-16));
#3541=DIRECTION('center_axis',(1.,-1.22464679914735E-16,0.));
#3542=DIRECTION('ref_axis',(2.71926214689378E-32,2.22044604925031E-16,-1.));
#3543=DIRECTION('center_axis',(-1.,1.22464679914735E-16,0.));
#3544=DIRECTION('ref_axis',(2.71926214689378E-32,2.22044604925031E-16,-1.));
#3545=DIRECTION('center_axis',(1.,-1.22464679914735E-16,0.));
#3546=DIRECTION('ref_axis',(2.71926214689378E-32,2.22044604925031E-16,-1.));
#3547=DIRECTION('',(2.71926214689378E-32,2.22044604925031E-16,-1.));
#3548=DIRECTION('',(1.22464679914735E-16,1.,2.22044604925031E-16));
#3549=DIRECTION('',(-1.11954561657694E-32,-9.14178371556933E-17,1.));
#3550=DIRECTION('center_axis',(-1.,1.22464679914735E-16,0.));
#3551=DIRECTION('ref_axis',(2.71926214689378E-32,2.22044604925031E-16,-1.));
#3552=DIRECTION('center_axis',(1.,-1.22464679914735E-16,0.));
#3553=DIRECTION('ref_axis',(2.71926214689378E-32,2.22044604925031E-16,-1.));
#3554=DIRECTION('center_axis',(-2.71926214689378E-32,-2.22044604925031E-16,
1.));
#3555=DIRECTION('ref_axis',(1.22464679914735E-16,1.,2.22044604925031E-16));
#3556=DIRECTION('',(1.,-1.22464679914735E-16,0.));
#3557=DIRECTION('',(1.22464679914735E-16,1.,2.22044604925031E-16));
#3558=DIRECTION('',(1.,-1.22464679914735E-16,0.));
#3559=DIRECTION('',(1.22464679914735E-16,1.,2.22044604925031E-16));
#3560=DIRECTION('center_axis',(-2.71926214689378E-32,-2.22044604925031E-16,
1.));
#3561=DIRECTION('ref_axis',(1.22464679914735E-16,1.,2.22044604925031E-16));
#3562=DIRECTION('',(1.22464679914735E-16,1.,2.22044604925031E-16));
#3563=DIRECTION('',(1.,-1.22464679914735E-16,0.));
#3564=DIRECTION('',(-3.26945547022262E-16,1.,2.22044604925031E-16));
#3565=DIRECTION('',(1.,3.20915122251861E-16,9.84500930038203E-32));
#3566=DIRECTION('',(-1.22464679914735E-16,-1.,-2.22044604925031E-16));
#3567=DIRECTION('',(-1.,1.22464679914735E-16,0.));
#3568=DIRECTION('',(1.22464679914735E-16,1.,2.22044604925031E-16));
#3569=DIRECTION('',(-1.,1.22464679914735E-16,0.));
#3570=DIRECTION('',(-1.,1.22464679914735E-16,0.));
#3571=DIRECTION('',(1.,-1.22464679914735E-16,0.));
#3572=DIRECTION('',(1.,-1.22464679914735E-16,0.));
#3573=DIRECTION('',(-1.,1.22464679914735E-16,0.));
#3574=DIRECTION('',(1.,-1.22464679914735E-16,0.));
#3575=DIRECTION('',(-1.,1.22464679914735E-16,0.));
#3576=DIRECTION('',(1.22464679914735E-16,1.,2.22044604925031E-16));
#3577=DIRECTION('',(-1.,1.22464679914735E-16,0.));
#3578=DIRECTION('',(1.22464679914735E-16,1.,2.22044604925031E-16));
#3579=DIRECTION('',(1.,-1.22464679914735E-16,0.));
#3580=DIRECTION('center_axis',(-2.71926214689378E-32,-2.22044604925031E-16,
1.));
#3581=DIRECTION('ref_axis',(1.22464679914735E-16,1.,2.22044604925031E-16));
#3582=DIRECTION('',(-1.4464666646652E-14,-1.,-2.22044604925031E-16));
#3583=DIRECTION('',(1.,2.79091680265081E-16,8.91634233512608E-32));
#3584=DIRECTION('',(0.707106781186587,0.707106781186508,1.57009245868369E-16));
#3585=DIRECTION('',(-1.91522406087165E-14,1.,2.22044604925031E-16));
#3586=DIRECTION('',(-1.,-4.82758196892807E-17,-3.79120067792762E-32));
#3587=DIRECTION('',(-1.,1.22464679914735E-16,0.));
#3588=DIRECTION('',(1.22464679914735E-16,1.,2.22044604925031E-16));
#3589=DIRECTION('',(1.,-1.22464679914735E-16,0.));
#3590=DIRECTION('',(1.22464679914735E-16,1.,2.22044604925031E-16));
#3591=DIRECTION('center_axis',(2.71926214689378E-32,2.22044604925031E-16,
-1.));
#3592=DIRECTION('ref_axis',(-1.22464679914735E-16,-1.,-2.22044604925031E-16));
#3593=DIRECTION('',(1.,-1.22464679914735E-16,0.));
#3594=DIRECTION('',(1.22464679914735E-16,1.,2.22044604925031E-16));
#3595=DIRECTION('',(1.,-1.22464679914735E-16,0.));
#3596=DIRECTION('',(1.22464679914735E-16,1.,2.22044604925031E-16));
#3597=DIRECTION('center_axis',(1.,-1.22464679914735E-16,0.));
#3598=DIRECTION('ref_axis',(-1.22464679914735E-16,-1.,-2.22044604925031E-16));
#3599=DIRECTION('',(1.22464679914735E-16,1.,2.22044604925031E-16));
#3600=DIRECTION('center_axis',(-1.,1.22464679914735E-16,0.));
#3601=DIRECTION('ref_axis',(2.71926214689378E-32,2.22044604925031E-16,-1.));
#3602=DIRECTION('center_axis',(1.,-1.22464679914735E-16,0.));
#3603=DIRECTION('ref_axis',(2.71926214689378E-32,2.22044604925031E-16,-1.));
#3604=DIRECTION('center_axis',(-1.,1.22464679914735E-16,0.));
#3605=DIRECTION('ref_axis',(2.71926214689378E-32,2.22044604925031E-16,-1.));
#3606=DIRECTION('',(4.0024828751301E-34,3.26827529204076E-18,1.));
#3607=DIRECTION('',(3.5191204120522E-32,2.873579888097E-16,-1.));
#3608=DIRECTION('center_axis',(1.,-1.22464679914735E-16,0.));
#3609=DIRECTION('ref_axis',(2.71926214689378E-32,2.22044604925031E-16,-1.));
#3610=DIRECTION('center_axis',(-1.,1.22464679914735E-16,0.));
#3611=DIRECTION('ref_axis',(2.71926214689378E-32,2.22044604925031E-16,-1.));
#3612=DIRECTION('center_axis',(1.,-1.22464679914735E-16,0.));
#3613=DIRECTION('ref_axis',(2.71926214689378E-32,2.22044604925031E-16,-1.));
#3614=DIRECTION('center_axis',(1.,-1.22464679914735E-16,0.));
#3615=DIRECTION('ref_axis',(-1.22464679914735E-16,-1.,-2.22044604925031E-16));
#3616=DIRECTION('center_axis',(-1.,1.22464679914735E-16,0.));
#3617=DIRECTION('ref_axis',(2.71926214689378E-32,2.22044604925031E-16,-1.));
#3618=DIRECTION('',(1.22464679914735E-16,1.,2.22044604925031E-16));
#3619=DIRECTION('center_axis',(1.,-1.22464679914735E-16,0.));
#3620=DIRECTION('ref_axis',(2.71926214689378E-32,2.22044604925031E-16,-1.));
#3621=DIRECTION('center_axis',(-1.,1.22464679914735E-16,0.));
#3622=DIRECTION('ref_axis',(2.71926214689378E-32,2.22044604925031E-16,-1.));
#3623=DIRECTION('center_axis',(1.,-1.22464679914735E-16,0.));
#3624=DIRECTION('ref_axis',(2.71926214689378E-32,2.22044604925031E-16,-1.));
#3625=DIRECTION('',(2.71926214689378E-32,2.22044604925031E-16,-1.));
#3626=DIRECTION('',(-1.11954561657694E-32,-9.14178371556933E-17,1.));
#3627=DIRECTION('center_axis',(-1.,1.22464679914735E-16,0.));
#3628=DIRECTION('ref_axis',(2.71926214689378E-32,2.22044604925031E-16,-1.));
#3629=DIRECTION('center_axis',(1.,-1.22464679914735E-16,0.));
#3630=DIRECTION('ref_axis',(2.71926214689378E-32,2.22044604925031E-16,-1.));
#3631=DIRECTION('center_axis',(-2.71926214689378E-32,-2.22044604925031E-16,
1.));
#3632=DIRECTION('ref_axis',(1.22464679914735E-16,1.,2.22044604925031E-16));
#3633=DIRECTION('',(1.,-1.22464679914735E-16,0.));
#3634=DIRECTION('',(1.22464679914735E-16,1.,2.22044604925031E-16));
#3635=DIRECTION('',(1.,-1.22464679914735E-16,0.));
#3636=DIRECTION('',(1.22464679914735E-16,1.,2.22044604925031E-16));
#3637=DIRECTION('center_axis',(-2.71926214689378E-32,-2.22044604925031E-16,
1.));
#3638=DIRECTION('ref_axis',(1.22464679914735E-16,1.,2.22044604925031E-16));
#3639=DIRECTION('',(-1.22464679914735E-16,-1.,-2.22044604925031E-16));
#3640=DIRECTION('',(0.707106781186546,-0.707106781186549,-1.57009245868378E-16));
#3641=DIRECTION('',(1.,-1.5565945376998E-15,-3.18440797683075E-31));
#3642=DIRECTION('',(-2.19016319293296E-16,1.,2.22044604925031E-16));
#3643=DIRECTION('',(-1.,1.22464679914735E-16,0.));
#3644=DIRECTION('',(-1.,1.22464679914735E-16,0.));
#3645=DIRECTION('',(1.22464679914735E-16,1.,2.22044604925031E-16));
#3646=DIRECTION('',(1.,-1.22464679914735E-16,0.));
#3647=DIRECTION('',(1.22464679914735E-16,1.,2.22044604925031E-16));
#3648=DIRECTION('center_axis',(-5.9474106119645E-17,-0.485642931178632,
0.874157276121538));
#3649=DIRECTION('ref_axis',(1.07053391015361E-16,0.874157276121538,0.485642931178632));
#3650=DIRECTION('',(-0.527934936028456,0.742408503790014,0.41244916877223));
#3651=DIRECTION('',(1.,-1.22464679914735E-16,0.));
#3652=DIRECTION('',(-0.527934936028455,-0.742408503790014,-0.41244916877223));
#3653=DIRECTION('center_axis',(5.9474106119645E-17,0.485642931178632,0.874157276121538));
#3654=DIRECTION('ref_axis',(1.07053391015361E-16,0.874157276121538,-0.485642931178632));
#3655=DIRECTION('',(0.527934936028456,0.742408503790014,-0.41244916877223));
#3656=DIRECTION('',(0.527934936028454,-0.742408503790014,0.412449168772231));
#3657=DIRECTION('',(1.,-1.22464679914735E-16,0.));
#3658=DIRECTION('center_axis',(-1.,1.22464679914735E-16,0.));
#3659=DIRECTION('ref_axis',(1.22464679914735E-16,1.,2.22044604925031E-16));
#3660=DIRECTION('',(2.71926214689378E-32,2.22044604925031E-16,-1.));
#3661=DIRECTION('',(-1.22464679914735E-16,-1.,-8.06269302530092E-17));
#3662=DIRECTION('',(-9.87395120594247E-33,-8.06269302530092E-17,1.));
#3663=DIRECTION('',(1.22464679914735E-16,1.,2.22044604925031E-16));
#3664=DIRECTION('center_axis',(-1.,1.22464679914735E-16,0.));
#3665=DIRECTION('ref_axis',(1.22464679914735E-16,1.,2.22044604925031E-16));
#3666=DIRECTION('',(-2.71926214689378E-32,-2.22044604925031E-16,1.));
#3667=DIRECTION('',(-1.22464679914735E-16,-1.,-8.06269302530092E-17));
#3668=DIRECTION('',(-9.87395120594247E-33,-8.06269302530092E-17,1.));
#3669=DIRECTION('',(-2.71926214689378E-32,-2.22044604925031E-16,1.));
#3670=DIRECTION('',(1.22464679914735E-16,1.,2.22044604925031E-16));
#3671=DIRECTION('',(1.22464679914735E-16,1.,2.22044604925031E-16));
#3672=DIRECTION('',(1.22464679914735E-16,1.,2.22044604925031E-16));
#3673=DIRECTION('',(2.71926214689378E-32,2.22044604925031E-16,-1.));
#3674=DIRECTION('',(1.22464679914735E-16,1.,2.22044604925031E-16));
#3675=DIRECTION('center_axis',(-1.,1.22464679914735E-16,0.));
#3676=DIRECTION('ref_axis',(1.22464679914735E-16,1.,2.22044604925031E-16));
#3677=DIRECTION('',(-1.22464679914735E-16,-1.,-8.06269302530092E-17));
#3678=DIRECTION('',(2.71926214689378E-32,2.22044604925031E-16,-1.));
#3679=DIRECTION('',(1.22464679914735E-16,1.,2.22044604925031E-16));
#3680=DIRECTION('',(-9.87395120594247E-33,-8.06269302530092E-17,1.));
#3681=DIRECTION('center_axis',(1.22464679914735E-16,1.,2.22044604925031E-16));
#3682=DIRECTION('ref_axis',(1.,-1.22464679914735E-16,0.));
#3683=DIRECTION('',(0.642787609686539,9.13772568539493E-17,-0.766044443118978));
#3684=DIRECTION('',(2.71926214689378E-32,2.22044604925031E-16,-1.));
#3685=DIRECTION('',(-5.59588218057036E-16,2.22044604925031E-16,-1.));
#3686=DIRECTION('',(0.707106781186544,7.04136402448293E-17,-0.707106781186551));
#3687=DIRECTION('',(-1.,1.22464679914735E-16,0.));
#3688=DIRECTION('',(-1.,1.22464679914735E-16,0.));
#3689=DIRECTION('',(-0.707106781186547,2.43604851491927E-16,-0.707106781186549));
#3690=DIRECTION('',(5.59588218057035E-16,2.22044604925031E-16,-1.));
#3691=DIRECTION('',(-2.71926214689378E-32,-2.22044604925031E-16,1.));
#3692=DIRECTION('',(0.642787609686539,-2.48814814600789E-16,0.766044443118978));
#3693=DIRECTION('',(-1.,1.22464679914735E-16,0.));
#3694=DIRECTION('',(-1.,2.22044604925031E-16,2.21111851073754E-32));
#3695=DIRECTION('',(2.71926214689378E-32,2.22044604925031E-16,-1.));
#3696=DIRECTION('',(-1.,2.22044604925031E-16,2.21111851073754E-32));
#3697=DIRECTION('',(2.71926214689378E-32,2.22044604925031E-16,-1.));
#3698=DIRECTION('',(-1.,2.28847549044394E-17,-2.21111851073754E-32));
#3699=DIRECTION('',(2.71926214689378E-32,2.22044604925031E-16,-1.));
#3700=DIRECTION('',(-1.,2.28847549044394E-17,-2.21111851073754E-32));
#3701=DIRECTION('',(2.71926214689378E-32,2.22044604925031E-16,-1.));
#3702=DIRECTION('center_axis',(0.766044443118978,-2.3654090837058E-16,0.642787609686539));
#3703=DIRECTION('ref_axis',(-0.642787609686539,-9.13772568539493E-17,0.766044443118978));
#3704=DIRECTION('',(1.22464679914735E-16,1.,2.22044604925031E-16));
#3705=DIRECTION('',(-0.642787609686539,-9.13772568539492E-17,0.766044443118978));
#3706=DIRECTION('',(1.22464679914735E-16,1.,2.22044604925031E-16));
#3707=DIRECTION('',(0.642787609686539,3.76376300071906E-16,-0.766044443118978));
#3708=DIRECTION('center_axis',(-0.766044443118978,-4.89141333165255E-17,
0.642787609686539));
#3709=DIRECTION('ref_axis',(-0.642787609686539,2.48814814600789E-16,-0.766044443118978));
#3710=DIRECTION('',(1.22464679914735E-16,1.,2.22044604925031E-16));
#3711=DIRECTION('',(-0.642787609686539,2.48814814600789E-16,-0.766044443118978));
#3712=DIRECTION('',(0.642787609686539,3.61842286171681E-17,0.766044443118978));
#3713=DIRECTION('center_axis',(-2.71926214689378E-32,-2.22044604925031E-16,
1.));
#3714=DIRECTION('ref_axis',(1.22464679914735E-16,1.,2.22044604925031E-16));
#3715=DIRECTION('',(1.,3.20915122251861E-16,9.84500930038203E-32));
#3716=DIRECTION('',(1.22464679914735E-16,1.,2.22044604925031E-16));
#3717=DIRECTION('',(1.22464679914735E-16,1.,2.22044604925031E-16));
#3718=DIRECTION('',(1.22464679914735E-16,1.,2.22044604925031E-16));
#3719=DIRECTION('',(1.22464679914735E-16,1.,2.22044604925031E-16));
#3720=DIRECTION('',(1.22464679914735E-16,1.,2.22044604925031E-16));
#3721=DIRECTION('',(1.,-1.22464679914735E-16,0.));
#3722=DIRECTION('',(2.19016319293296E-16,-1.,-2.22044604925031E-16));
#3723=DIRECTION('',(-1.,1.5565945376998E-15,3.18440797683075E-31));
#3724=DIRECTION('',(-0.707106781186546,0.707106781186549,1.57009245868378E-16));
#3725=DIRECTION('',(-3.89756818897312E-16,1.,2.22044604925031E-16));
#3726=DIRECTION('',(1.,-1.22464679914735E-16,0.));
#3727=DIRECTION('',(2.29687600518548E-16,-1.,-2.22044604925031E-16));
#3728=DIRECTION('',(-1.,-6.03182443402333E-16,-1.61126028811924E-31));
#3729=DIRECTION('',(1.4464666646652E-14,1.,2.22044604925031E-16));
#3730=DIRECTION('',(1.,4.82758196892807E-17,3.79120067792762E-32));
#3731=DIRECTION('',(1.91522406087165E-14,-1.,-2.22044604925031E-16));
#3732=DIRECTION('',(-0.707106781186587,-0.707106781186508,-1.57009245868369E-16));
#3733=DIRECTION('',(-1.,-2.79091680265081E-16,-8.91634233512608E-32));
#3734=DIRECTION('',(-3.89756818897313E-16,1.,2.22044604925031E-16));
#3735=DIRECTION('',(1.,4.82758196892807E-17,3.79120067792762E-32));
#3736=DIRECTION('',(-1.22464679914735E-16,-1.,-2.22044604925031E-16));
#3737=DIRECTION('',(-0.707106781186547,-0.707106781186548,-1.57009245868378E-16));
#3738=DIRECTION('',(-1.,-2.79091680265081E-16,-8.91634233512608E-32));
#3739=DIRECTION('center_axis',(3.20915122251861E-16,-1.,-2.22044604925031E-16));
#3740=DIRECTION('ref_axis',(-1.,-3.20915122251861E-16,-9.84500930038203E-32));
#3741=DIRECTION('',(-2.71926214689378E-32,-2.22044604925031E-16,1.));
#3742=DIRECTION('',(1.,-1.22464679914735E-16,0.));
#3743=DIRECTION('',(-4.3559674157542E-31,-3.55691732407009E-15,-1.));
#3744=DIRECTION('',(1.,-1.22464679914735E-16,0.));
#3745=DIRECTION('',(-4.3559674157542E-31,-3.55691732407009E-15,-1.));
#3746=DIRECTION('center_axis',(1.,3.26945547022262E-16,9.97891162894941E-32));
#3747=DIRECTION('ref_axis',(3.26945547022262E-16,-1.,-2.22044604925031E-16));
#3748=DIRECTION('',(-1.22464679914735E-16,-1.,-8.06269302530092E-17));
#3749=DIRECTION('',(-2.71926214689378E-32,-2.22044604925031E-16,1.));
#3750=DIRECTION('',(1.22464679914735E-16,1.,2.22044604925031E-16));
#3751=DIRECTION('',(-2.71926214689378E-32,-2.22044604925031E-16,1.));
#3752=DIRECTION('',(1.22464679914735E-16,1.,2.22044604925031E-16));
#3753=DIRECTION('',(1.22464679914735E-16,1.,2.22044604925031E-16));
#3754=DIRECTION('',(-9.87395120594247E-33,-8.06269302530092E-17,1.));
#3755=DIRECTION('center_axis',(9.92480314386827E-17,0.810421678379293,-0.585846996418766));
#3756=DIRECTION('ref_axis',(-7.17455648954332E-17,-0.585846996418766,-0.810421678379293));
#3757=DIRECTION('',(7.17455648954332E-17,0.585846996418766,0.810421678379293));
#3758=DIRECTION('',(7.17455648954332E-17,0.585846996418766,0.810421678379293));
#3759=DIRECTION('',(1.,-1.22464679914735E-16,0.));
#3760=DIRECTION('center_axis',(6.13250265419282E-32,5.00756843398644E-16,
1.));
#3761=DIRECTION('ref_axis',(1.22464679914735E-16,1.,-5.00756843398644E-16));
#3762=DIRECTION('',(-1.22464679914735E-16,-1.,5.00756843398643E-16));
#3763=DIRECTION('',(1.,-1.22464679914735E-16,0.));
#3764=DIRECTION('',(-1.22464679914735E-16,-1.,5.00756843398643E-16));
#3765=DIRECTION('center_axis',(1.22464679914735E-16,1.,-9.34437712392839E-16));
#3766=DIRECTION('ref_axis',(-1.14435615348447E-31,-9.34437712392839E-16,
-1.));
#3767=DIRECTION('',(1.14435615348446E-31,9.34437712392839E-16,1.));
#3768=DIRECTION('',(1.14435615348446E-31,9.34437712392839E-16,1.));
#3769=DIRECTION('center_axis',(1.,-1.22464679914735E-16,0.));
#3770=DIRECTION('ref_axis',(-1.22464679914735E-16,-1.,-2.22044604925031E-16));
#3771=DIRECTION('center_axis',(1.,-1.22464679914735E-16,0.));
#3772=DIRECTION('ref_axis',(-1.22464679914735E-16,-1.,-2.22044604925031E-16));
#3773=DIRECTION('center_axis',(0.766044443118978,-2.3654090837058E-16,0.642787609686539));
#3774=DIRECTION('ref_axis',(-0.642787609686539,-9.13772568539493E-17,0.766044443118978));
#3775=DIRECTION('',(-0.60658472488997,0.330864395394529,0.722899525100392));
#3776=DIRECTION('',(-0.642787609686539,-9.13772568539492E-17,0.766044443118978));
#3777=DIRECTION('center_axis',(-0.766044443118978,-4.89141333165255E-17,
0.642787609686539));
#3778=DIRECTION('ref_axis',(-0.642787609686539,2.48814814600789E-16,-0.766044443118978));
#3779=DIRECTION('',(-0.60658472488997,-0.330864395394529,-0.722899525100392));
#3780=DIRECTION('',(-0.642787609686539,2.48814814600789E-16,-0.766044443118978));
#3781=DIRECTION('center_axis',(-1.,1.22464679914735E-16,-5.19859224602396E-16));
#3782=DIRECTION('ref_axis',(5.19859224602396E-16,2.22044604925031E-16,-1.));
#3783=DIRECTION('',(5.19859224602396E-16,2.22044604925031E-16,-1.));
#3784=DIRECTION('',(-1.22464679914735E-16,-1.,-2.22044604925031E-16));
#3785=DIRECTION('',(5.19859224602396E-16,2.22044604925031E-16,-1.));
#3786=DIRECTION('center_axis',(-1.0842021724855E-15,-2.22044604925031E-16,
1.));
#3787=DIRECTION('ref_axis',(-1.,1.22464679914736E-16,-1.0842021724855E-15));
#3788=DIRECTION('',(-1.,1.22464679914736E-16,-1.0842021724855E-15));
#3789=DIRECTION('',(-1.,1.22464679914736E-16,-1.0842021724855E-15));
#3790=DIRECTION('center_axis',(1.22464679914735E-16,1.,2.22044604925031E-16));
#3791=DIRECTION('ref_axis',(1.,-1.22464679914735E-16,0.));
#3792=DIRECTION('center_axis',(1.22464679914735E-16,1.,2.22044604925031E-16));
#3793=DIRECTION('ref_axis',(1.,-1.22464679914735E-16,0.));
#3794=DIRECTION('center_axis',(1.,-1.22464679914735E-16,-5.19859224602396E-16));
#3795=DIRECTION('ref_axis',(5.19859224602396E-16,-2.22044604925031E-16,
1.));
#3796=DIRECTION('',(5.19859224602396E-16,-2.22044604925031E-16,1.));
#3797=DIRECTION('',(5.19859224602396E-16,-2.22044604925031E-16,1.));
#3798=DIRECTION('',(-1.22464679914735E-16,-1.,-2.22044604925031E-16));
#3799=DIRECTION('center_axis',(1.0842021724855E-15,-2.22044604925031E-16,
1.));
#3800=DIRECTION('ref_axis',(-1.,1.22464679914735E-16,1.0842021724855E-15));
#3801=DIRECTION('',(-1.,1.22464679914735E-16,1.0842021724855E-15));
#3802=DIRECTION('',(-1.,1.22464679914735E-16,1.0842021724855E-15));
#3803=DIRECTION('center_axis',(1.22464679914735E-16,1.,2.22044604925031E-16));
#3804=DIRECTION('ref_axis',(1.,-1.22464679914735E-16,0.));
#3805=DIRECTION('center_axis',(1.22464679914735E-16,1.,2.22044604925031E-16));
#3806=DIRECTION('ref_axis',(1.,-1.22464679914735E-16,0.));
#3807=DIRECTION('center_axis',(1.,-1.22464679914735E-16,5.59588218057035E-16));
#3808=DIRECTION('ref_axis',(-5.59588218057035E-16,-2.22044604925031E-16,
1.));
#3809=DIRECTION('',(1.22464679914735E-16,1.,2.22044604925031E-16));
#3810=DIRECTION('',(5.59588218057035E-16,2.22044604925031E-16,-1.));
#3811=DIRECTION('',(1.22464679914735E-16,1.,2.22044604925031E-16));
#3812=DIRECTION('center_axis',(-2.71926214689378E-32,-2.22044604925031E-16,
1.));
#3813=DIRECTION('ref_axis',(1.22464679914735E-16,1.,2.22044604925031E-16));
#3814=DIRECTION('',(0.877895572914385,0.478852130680573,1.06326532174477E-16));
#3815=DIRECTION('',(1.,-1.22464679914735E-16,0.));
#3816=DIRECTION('center_axis',(0.707106781186549,7.04136402448278E-17,-0.707106781186547));
#3817=DIRECTION('ref_axis',(0.707106781186547,-2.43604851491927E-16,0.707106781186549));
#3818=DIRECTION('',(1.22464679914735E-16,1.,2.22044604925031E-16));
#3819=DIRECTION('',(-0.707106781186547,2.43604851491927E-16,-0.707106781186549));
#3820=DIRECTION('center_axis',(-1.22464679914735E-16,-1.,-2.22044604925031E-16));
#3821=DIRECTION('ref_axis',(-1.,1.22464679914735E-16,0.));
#3822=DIRECTION('',(-1.,1.22464679914735E-16,0.));
#3823=DIRECTION('',(-1.,1.22464679914735E-16,0.));
#3824=DIRECTION('center_axis',(0.707106781186551,-2.43604851491926E-16,
0.707106781186544));
#3825=DIRECTION('ref_axis',(-0.707106781186544,-7.04136402448293E-17,0.707106781186551));
#3826=DIRECTION('',(1.22464679914735E-16,1.,2.22044604925031E-16));
#3827=DIRECTION('',(0.707106781186544,7.04136402448293E-17,-0.707106781186551));
#3828=DIRECTION('',(1.22464679914735E-16,1.,2.22044604925031E-16));
#3829=DIRECTION('center_axis',(1.,-1.22464679914735E-16,-5.59588218057036E-16));
#3830=DIRECTION('ref_axis',(5.59588218057036E-16,-2.22044604925031E-16,
1.));
#3831=DIRECTION('',(1.22464679914735E-16,1.,2.22044604925031E-16));
#3832=DIRECTION('',(-5.59588218057036E-16,2.22044604925031E-16,-1.));
#3833=DIRECTION('center_axis',(2.71926214689378E-32,2.22044604925031E-16,
-1.));
#3834=DIRECTION('ref_axis',(-1.22464679914735E-16,-1.,-2.22044604925031E-16));
#3835=DIRECTION('',(0.877895572914385,-0.478852130680573,-1.06326532174477E-16));
#3836=DIRECTION('',(-1.,1.22464679914735E-16,0.));
#3837=DIRECTION('center_axis',(1.22464679914735E-16,1.,2.22044604925031E-16));
#3838=DIRECTION('ref_axis',(1.,-1.22464679914735E-16,0.));
#3839=DIRECTION('',(1.,-1.22464679914735E-16,0.));
#3840=DIRECTION('center_axis',(-0.478852130680573,-0.877895572914385,-1.94931975653209E-16));
#3841=DIRECTION('ref_axis',(-2.71926214689378E-32,-2.22044604925031E-16,
1.));
#3842=DIRECTION('center_axis',(0.478852130680573,-0.877895572914385,-1.94931975653209E-16));
#3843=DIRECTION('ref_axis',(-2.71926214689378E-32,-2.22044604925031E-16,
1.));
#3844=DIRECTION('center_axis',(1.,3.89756818897313E-16,1.13736020337829E-31));
#3845=DIRECTION('ref_axis',(3.89756818897313E-16,-1.,-2.22044604925031E-16));
#3846=DIRECTION('',(2.71926214689378E-32,2.22044604925031E-16,-1.));
#3847=DIRECTION('',(3.89756818897313E-16,-1.,-2.22044604925031E-16));
#3848=DIRECTION('',(2.71926214689378E-32,2.22044604925031E-16,-1.));
#3849=DIRECTION('center_axis',(-2.79091680265081E-16,1.,2.22044604925031E-16));
#3850=DIRECTION('ref_axis',(1.,2.79091680265081E-16,8.91634233512608E-32));
#3851=DIRECTION('',(2.71926214689378E-32,2.22044604925031E-16,-1.));
#3852=DIRECTION('',(1.,2.79091680265081E-16,8.91634233512608E-32));
#3853=DIRECTION('center_axis',(-0.707106781186548,0.707106781186547,1.57009245868377E-16));
#3854=DIRECTION('ref_axis',(0.707106781186547,0.707106781186548,1.57009245868378E-16));
#3855=DIRECTION('',(2.71926214689378E-32,2.22044604925031E-16,-1.));
#3856=DIRECTION('',(0.707106781186547,0.707106781186548,1.57009245868378E-16));
#3857=DIRECTION('center_axis',(-1.,1.22464679914735E-16,0.));
#3858=DIRECTION('ref_axis',(1.22464679914735E-16,1.,2.22044604925031E-16));
#3859=DIRECTION('',(2.71926214689378E-32,2.22044604925031E-16,-1.));
#3860=DIRECTION('',(1.22464679914735E-16,1.,2.22044604925031E-16));
#3861=DIRECTION('center_axis',(4.82758196892807E-17,-1.,-2.22044604925031E-16));
#3862=DIRECTION('ref_axis',(-1.,-4.82758196892807E-17,-3.79120067792762E-32));
#3863=DIRECTION('',(-1.,-4.82758196892807E-17,-3.79120067792762E-32));
#3864=DIRECTION('center_axis',(-2.71926214689378E-32,-2.22044604925031E-16,
1.));
#3865=DIRECTION('ref_axis',(1.22464679914735E-16,1.,2.22044604925031E-16));
#3866=DIRECTION('',(-1.22464679914735E-16,-1.,-2.22044604925031E-16));
#3867=DIRECTION('',(1.,-1.22464679914735E-16,0.));
#3868=DIRECTION('',(-1.22464679914735E-16,-1.,-2.22044604925031E-16));
#3869=DIRECTION('',(-1.,1.22464679914735E-16,0.));
#3870=DIRECTION('center_axis',(1.,-1.4464666646652E-14,-3.18460856945919E-30));
#3871=DIRECTION('ref_axis',(-1.4464666646652E-14,-1.,-2.22044604925031E-16));
#3872=DIRECTION('',(2.71926214689378E-32,2.22044604925031E-16,-1.));
#3873=DIRECTION('',(2.71926214689378E-32,2.22044604925031E-16,-1.));
#3874=DIRECTION('center_axis',(-2.79091680265081E-16,1.,2.22044604925031E-16));
#3875=DIRECTION('ref_axis',(1.,2.79091680265081E-16,8.91634233512608E-32));
#3876=DIRECTION('',(2.71926214689378E-32,2.22044604925031E-16,-1.));
#3877=DIRECTION('center_axis',(-0.707106781186508,0.707106781186587,1.57009245868386E-16));
#3878=DIRECTION('ref_axis',(0.707106781186587,0.707106781186508,1.57009245868369E-16));
#3879=DIRECTION('',(2.71926214689378E-32,2.22044604925031E-16,-1.));
#3880=DIRECTION('center_axis',(-1.,-1.91522406087165E-14,-4.27984432086053E-30));
#3881=DIRECTION('ref_axis',(-1.91522406087165E-14,1.,2.22044604925031E-16));
#3882=DIRECTION('',(2.71926214689378E-32,2.22044604925031E-16,-1.));
#3883=DIRECTION('center_axis',(4.82758196892807E-17,-1.,-2.22044604925031E-16));
#3884=DIRECTION('ref_axis',(-1.,-4.82758196892807E-17,-3.79120067792762E-32));
#3885=DIRECTION('center_axis',(1.,3.89756818897312E-16,1.13736020337828E-31));
#3886=DIRECTION('ref_axis',(3.89756818897312E-16,-1.,-2.22044604925031E-16));
#3887=DIRECTION('',(2.71926214689378E-32,2.22044604925031E-16,-1.));
#3888=DIRECTION('',(3.89756818897312E-16,-1.,-2.22044604925031E-16));
#3889=DIRECTION('',(2.71926214689378E-32,2.22044604925031E-16,-1.));
#3890=DIRECTION('center_axis',(-6.03182443402333E-16,1.,2.22044604925031E-16));
#3891=DIRECTION('ref_axis',(1.,6.03182443402333E-16,1.61126028811924E-31));
#3892=DIRECTION('',(2.71926214689378E-32,2.22044604925031E-16,-1.));
#3893=DIRECTION('',(1.,6.03182443402333E-16,1.61126028811924E-31));
#3894=DIRECTION('center_axis',(-1.,-2.29687600518548E-16,-7.81935139822571E-32));
#3895=DIRECTION('ref_axis',(-2.29687600518548E-16,1.,2.22044604925031E-16));
#3896=DIRECTION('',(2.71926214689378E-32,2.22044604925031E-16,-1.));
#3897=DIRECTION('',(-2.29687600518548E-16,1.,2.22044604925031E-16));
#3898=DIRECTION('center_axis',(-1.22464679914735E-16,-1.,-2.22044604925031E-16));
#3899=DIRECTION('ref_axis',(-1.,1.22464679914735E-16,0.));
#3900=DIRECTION('',(-1.,1.22464679914735E-16,0.));
#3901=DIRECTION('center_axis',(-2.71926214689378E-32,-2.22044604925031E-16,
1.));
#3902=DIRECTION('ref_axis',(1.22464679914735E-16,1.,2.22044604925031E-16));
#3903=DIRECTION('',(-1.22464679914735E-16,-1.,-2.22044604925031E-16));
#3904=DIRECTION('',(1.,-1.22464679914735E-16,0.));
#3905=DIRECTION('',(-1.22464679914735E-16,-1.,-2.22044604925031E-16));
#3906=DIRECTION('',(-1.,1.22464679914735E-16,0.));
#3907=DIRECTION('center_axis',(1.,-1.22464679914735E-16,0.));
#3908=DIRECTION('ref_axis',(-1.22464679914735E-16,-1.,-2.22044604925031E-16));
#3909=DIRECTION('',(2.71926214689378E-32,2.22044604925031E-16,-1.));
#3910=DIRECTION('',(2.71926214689378E-32,2.22044604925031E-16,-1.));
#3911=DIRECTION('center_axis',(0.707106781186549,0.707106781186546,1.57009245868377E-16));
#3912=DIRECTION('ref_axis',(0.707106781186546,-0.707106781186549,-1.57009245868378E-16));
#3913=DIRECTION('',(2.71926214689378E-32,2.22044604925031E-16,-1.));
#3914=DIRECTION('center_axis',(1.5565945376998E-15,1.,2.22044604925031E-16));
#3915=DIRECTION('ref_axis',(1.,-1.5565945376998E-15,-3.18440797683075E-31));
#3916=DIRECTION('',(2.71926214689378E-32,2.22044604925031E-16,-1.));
#3917=DIRECTION('center_axis',(-1.,-2.19016319293296E-16,-7.58240135585521E-32));
#3918=DIRECTION('ref_axis',(-2.19016319293296E-16,1.,2.22044604925031E-16));
#3919=DIRECTION('',(2.71926214689378E-32,2.22044604925031E-16,-1.));
#3920=DIRECTION('center_axis',(-1.22464679914735E-16,-1.,-2.22044604925031E-16));
#3921=DIRECTION('ref_axis',(-1.,1.22464679914735E-16,0.));
#3922=DIRECTION('center_axis',(1.,-1.22464679914735E-16,0.));
#3923=DIRECTION('ref_axis',(-1.22464679914735E-16,-1.,-2.22044604925031E-16));
#3924=DIRECTION('',(-1.22464679914735E-16,-1.,-2.22044604925031E-16));
#3925=DIRECTION('',(-1.22464679914735E-16,-1.,-2.22044604925031E-16));
#3926=DIRECTION('',(2.71926214689378E-32,2.22044604925031E-16,-1.));
#3927=DIRECTION('center_axis',(1.22464679914735E-16,1.,2.22044604925031E-16));
#3928=DIRECTION('ref_axis',(1.,-1.22464679914735E-16,0.));
#3929=DIRECTION('',(1.,-1.22464679914735E-16,0.));
#3930=DIRECTION('',(1.,-1.22464679914735E-16,0.));
#3931=DIRECTION('',(2.71926214689378E-32,2.22044604925031E-16,-1.));
#3932=DIRECTION('center_axis',(-1.,1.22464679914735E-16,0.));
#3933=DIRECTION('ref_axis',(1.22464679914735E-16,1.,2.22044604925031E-16));
#3934=DIRECTION('',(1.22464679914735E-16,1.,2.22044604925031E-16));
#3935=DIRECTION('',(1.22464679914735E-16,1.,2.22044604925031E-16));
#3936=DIRECTION('center_axis',(-2.71926214689378E-32,-2.22044604925031E-16,
1.));
#3937=DIRECTION('ref_axis',(1.22464679914735E-16,1.,2.22044604925031E-16));
#3938=DIRECTION('center_axis',(-2.71926214689378E-32,-2.22044604925031E-16,
1.));
#3939=DIRECTION('ref_axis',(1.22464679914735E-16,1.,2.22044604925031E-16));
#3940=DIRECTION('center_axis',(1.,-1.22464679914735E-16,0.));
#3941=DIRECTION('ref_axis',(-1.22464679914735E-16,-1.,-2.22044604925031E-16));
#3942=DIRECTION('',(-1.22464679914735E-16,-1.,-2.22044604925031E-16));
#3943=DIRECTION('',(-1.22464679914735E-16,-1.,-2.22044604925031E-16));
#3944=DIRECTION('',(2.71926214689378E-32,2.22044604925031E-16,-1.));
#3945=DIRECTION('center_axis',(1.22464679914735E-16,1.,2.22044604925031E-16));
#3946=DIRECTION('ref_axis',(1.,-1.22464679914735E-16,0.));
#3947=DIRECTION('',(1.,-1.22464679914735E-16,0.));
#3948=DIRECTION('',(1.,-1.22464679914735E-16,0.));
#3949=DIRECTION('',(2.71926214689378E-32,2.22044604925031E-16,-1.));
#3950=DIRECTION('center_axis',(-1.,1.22464679914735E-16,0.));
#3951=DIRECTION('ref_axis',(1.22464679914735E-16,1.,2.22044604925031E-16));
#3952=DIRECTION('',(1.22464679914735E-16,1.,2.22044604925031E-16));
#3953=DIRECTION('',(1.22464679914735E-16,1.,2.22044604925031E-16));
#3954=DIRECTION('center_axis',(-2.71926214689378E-32,-2.22044604925031E-16,
1.));
#3955=DIRECTION('ref_axis',(1.22464679914735E-16,1.,2.22044604925031E-16));
#3956=DIRECTION('center_axis',(-2.71926214689378E-32,-2.22044604925031E-16,
1.));
#3957=DIRECTION('ref_axis',(1.22464679914735E-16,1.,2.22044604925031E-16));
#3958=DIRECTION('center_axis',(-2.71926214689378E-32,-2.22044604925031E-16,
1.));
#3959=DIRECTION('ref_axis',(1.22464679914735E-16,1.,2.22044604925031E-16));
#3960=DIRECTION('center_axis',(5.9474106119645E-17,0.485642931178632,-0.874157276121538));
#3961=DIRECTION('ref_axis',(-1.07053391015361E-16,-0.874157276121538,-0.485642931178632));
#3962=DIRECTION('',(0.527934936028456,0.742408503790014,0.41244916877223));
#3963=DIRECTION('',(0.527934936028455,-0.742408503790014,-0.41244916877223));
#3964=DIRECTION('center_axis',(-5.9474106119645E-17,-0.485642931178632,
-0.874157276121538));
#3965=DIRECTION('ref_axis',(-1.07053391015361E-16,-0.874157276121538,0.485642931178632));
#3966=DIRECTION('',(-0.527934936028456,0.742408503790014,-0.41244916877223));
#3967=DIRECTION('',(-1.,1.22464679914735E-16,0.));
#3968=DIRECTION('',(-0.527934936028454,-0.742408503790014,0.412449168772231));
#3969=DIRECTION('center_axis',(-1.22464679914735E-16,-1.,-8.06269302530093E-17));
#3970=DIRECTION('ref_axis',(-9.87395120594247E-33,-8.06269302530092E-17,
1.));
#3971=DIRECTION('center_axis',(0.615644041972315,-1.38930636759515E-16,
0.788024373724563));
#3972=DIRECTION('ref_axis',(-0.788024373724563,-4.01952853810038E-17,0.615644041972315));
#3973=DIRECTION('center_axis',(-0.615644041972314,1.18586643235923E-17,
0.788024373724564));
#3974=DIRECTION('ref_axis',(-0.788024373724564,2.3320559076738E-16,-0.615644041972314));
#3975=DIRECTION('center_axis',(2.71926214689378E-32,2.22044604925031E-16,
-1.));
#3976=DIRECTION('ref_axis',(-1.22464679914735E-16,-1.,-2.22044604925031E-16));
#3977=DIRECTION('center_axis',(1.22464679914735E-16,1.,8.06269302530093E-17));
#3978=DIRECTION('ref_axis',(9.87395120594247E-33,8.06269302530092E-17,-1.));
#3979=DIRECTION('center_axis',(0.615644041972315,-1.18586643235917E-17,
-0.788024373724563));
#3980=DIRECTION('ref_axis',(0.788024373724563,-2.33205590767381E-16,0.615644041972315));
#3981=DIRECTION('center_axis',(-0.615644041972314,1.38930636759514E-16,
-0.788024373724564));
#3982=DIRECTION('ref_axis',(0.788024373724564,4.01952853810033E-17,-0.615644041972314));
#3983=DIRECTION('center_axis',(1.18826955541026E-16,0.970295726275997,-0.241921895599665));
#3984=DIRECTION('ref_axis',(-2.9626887508979E-17,-0.241921895599665,-0.970295726275997));
#3985=DIRECTION('',(1.,-1.22464679914735E-16,0.));
#3986=DIRECTION('',(-0.246296620734983,0.234469370118623,0.940405279169946));
#3987=DIRECTION('',(-0.246296620734984,-0.234469370118623,-0.940405279169946));
#3988=DIRECTION('center_axis',(-1.18826955541026E-16,-0.970295726275997,
-0.241921895599665));
#3989=DIRECTION('ref_axis',(-2.9626887508979E-17,-0.241921895599665,0.970295726275997));
#3990=DIRECTION('',(0.246296620734983,0.234469370118623,-0.940405279169946));
#3991=DIRECTION('',(1.,-1.22464679914735E-16,0.));
#3992=DIRECTION('',(0.246296620734984,-0.234469370118623,0.940405279169946));
#3993=DIRECTION('center_axis',(1.,-1.22464679914735E-16,0.));
#3994=DIRECTION('ref_axis',(-1.22464679914735E-16,-1.,-2.22044604925031E-16));
#3995=DIRECTION('',(4.0024828751301E-34,3.26827529204076E-18,1.));
#3996=DIRECTION('',(1.22464679914735E-16,1.,2.22044604925031E-16));
#3997=DIRECTION('',(3.5191204120522E-32,2.873579888097E-16,-1.));
#3998=DIRECTION('center_axis',(1.,-1.22464679914735E-16,0.));
#3999=DIRECTION('ref_axis',(-1.22464679914735E-16,-1.,-2.22044604925031E-16));
#4000=DIRECTION('',(1.22464679914735E-16,1.,2.22044604925031E-16));
#4001=DIRECTION('',(-1.11954561657694E-32,-9.14178371556933E-17,1.));
#4002=DIRECTION('',(2.71926214689378E-32,2.22044604925031E-16,-1.));
#4003=DIRECTION('center_axis',(1.22464679914735E-16,1.,9.14178371556933E-17));
#4004=DIRECTION('ref_axis',(1.11954561657694E-32,9.14178371556933E-17,-1.));
#4005=DIRECTION('center_axis',(-1.22464679914735E-16,-1.,-2.22044604925031E-16));
#4006=DIRECTION('ref_axis',(-1.,1.22464679914735E-16,0.));
#4007=DIRECTION('center_axis',(-1.22464679914735E-16,-1.,-2.22044604925031E-16));
#4008=DIRECTION('ref_axis',(-1.,1.22464679914735E-16,0.));
#4009=DIRECTION('',(1.,-1.22464679914735E-16,0.));
#4010=DIRECTION('center_axis',(1.22464679914735E-16,1.,9.14178371556933E-17));
#4011=DIRECTION('ref_axis',(1.11954561657694E-32,9.14178371556933E-17,-1.));
#4012=DIRECTION('',(1.,-1.22464679914735E-16,0.));
#4013=DIRECTION('center_axis',(1.,-1.22464679914735E-16,0.));
#4014=DIRECTION('ref_axis',(-1.22464679914735E-16,-1.,-2.22044604925031E-16));
#4015=DIRECTION('',(1.,-1.22464679914735E-16,0.));
#4016=DIRECTION('center_axis',(1.,-1.22464679914735E-16,0.));
#4017=DIRECTION('ref_axis',(1.22464678616495E-16,0.999999989399063,-0.00014560862962794));
#4018=DIRECTION('',(1.,-1.22464679914735E-16,0.));
#4019=DIRECTION('center_axis',(1.,-1.22464679914735E-16,0.));
#4020=DIRECTION('ref_axis',(-1.22464679914735E-16,-1.,-2.22044604925031E-16));
#4021=DIRECTION('',(1.,-1.22464679914735E-16,0.));
#4022=DIRECTION('center_axis',(-1.18826955541026E-16,-0.970295726275997,
0.241921895599666));
#4023=DIRECTION('ref_axis',(2.96268875089791E-17,0.241921895599666,0.970295726275997));
#4024=DIRECTION('',(-0.246296620734985,0.234469370118624,0.940405279169945));
#4025=DIRECTION('',(-0.246296620734987,-0.234469370118624,-0.940405279169945));
#4026=DIRECTION('center_axis',(1.18826955541026E-16,0.970295726275996,0.241921895599668));
#4027=DIRECTION('ref_axis',(2.96268875089794E-17,0.241921895599668,-0.970295726275996));
#4028=DIRECTION('',(1.,-1.22464679914735E-16,0.));
#4029=DIRECTION('',(0.246296620734985,0.234469370118626,-0.940405279169945));
#4030=DIRECTION('',(0.246296620734986,-0.234469370118626,0.940405279169944));
#4031=DIRECTION('center_axis',(1.,-1.22464679914735E-16,0.));
#4032=DIRECTION('ref_axis',(-1.22464679914735E-16,-1.,-2.22044604925031E-16));
#4033=DIRECTION('',(1.,-1.22464679914735E-16,0.));
#4034=DIRECTION('center_axis',(1.,-1.22464679914735E-16,0.));
#4035=DIRECTION('ref_axis',(1.22464678616495E-16,0.999999989399063,-0.000145608629601294));
#4036=DIRECTION('',(1.,-1.22464679914735E-16,0.));
#4037=DIRECTION('center_axis',(1.,-1.22464679914735E-16,0.));
#4038=DIRECTION('ref_axis',(-1.22464679914735E-16,-1.,-2.22044604925031E-16));
#4039=DIRECTION('center_axis',(-0.967372223380245,6.22118436300228E-17,
0.253359391837684));
#4040=DIRECTION('ref_axis',(-0.253359391837684,2.4582735998071E-16,-0.967372223380245));
#4041=DIRECTION('center_axis',(0.967372223380246,-1.74726015759312E-16,
0.253359391837682));
#4042=DIRECTION('ref_axis',(-0.253359391837682,-1.83772206331122E-16,0.967372223380246));
#4043=DIRECTION('center_axis',(0.967372223380246,-6.22118436300234E-17,
-0.253359391837682));
#4044=DIRECTION('ref_axis',(0.253359391837682,-2.45827359980709E-16,0.967372223380246));
#4045=DIRECTION('center_axis',(-0.967372223380246,1.74726015759312E-16,
-0.25335939183768));
#4046=DIRECTION('ref_axis',(0.25335939183768,1.83772206331122E-16,-0.967372223380246));
#4047=DIRECTION('center_axis',(1.18826955541026E-16,0.970295726275997,-0.241921895599665));
#4048=DIRECTION('ref_axis',(-2.9626887508979E-17,-0.241921895599665,-0.970295726275997));
#4049=DIRECTION('',(1.,-1.22464679914735E-16,0.));
#4050=DIRECTION('',(-0.246296620734982,0.234469370118623,0.940405279169946));
#4051=DIRECTION('',(-0.246296620734984,-0.234469370118623,-0.940405279169946));
#4052=DIRECTION('center_axis',(-1.18826955541026E-16,-0.970295726275997,
-0.241921895599665));
#4053=DIRECTION('ref_axis',(-2.9626887508979E-17,-0.241921895599665,0.970295726275997));
#4054=DIRECTION('',(0.246296620734982,0.234469370118623,-0.940405279169946));
#4055=DIRECTION('',(1.,-1.22464679914735E-16,0.));
#4056=DIRECTION('',(0.246296620734984,-0.234469370118623,0.940405279169946));
#4057=DIRECTION('center_axis',(1.,-1.22464679914735E-16,0.));
#4058=DIRECTION('ref_axis',(-1.22464679914735E-16,-1.,-2.22044604925031E-16));
#4059=DIRECTION('',(4.0024828751301E-34,3.26827529204076E-18,1.));
#4060=DIRECTION('',(1.22464679914735E-16,1.,2.22044604925031E-16));
#4061=DIRECTION('',(3.5191204120522E-32,2.873579888097E-16,-1.));
#4062=DIRECTION('center_axis',(1.,-1.22464679914735E-16,0.));
#4063=DIRECTION('ref_axis',(-1.22464679914735E-16,-1.,-2.22044604925031E-16));
#4064=DIRECTION('',(1.22464679914735E-16,1.,2.22044604925031E-16));
#4065=DIRECTION('',(-1.11954561657694E-32,-9.14178371556933E-17,1.));
#4066=DIRECTION('',(2.71926214689378E-32,2.22044604925031E-16,-1.));
#4067=DIRECTION('center_axis',(1.22464679914735E-16,1.,9.14178371556933E-17));
#4068=DIRECTION('ref_axis',(1.11954561657694E-32,9.14178371556933E-17,-1.));
#4069=DIRECTION('center_axis',(-1.22464679914735E-16,-1.,-2.22044604925031E-16));
#4070=DIRECTION('ref_axis',(-1.,1.22464679914735E-16,0.));
#4071=DIRECTION('center_axis',(-1.22464679914735E-16,-1.,-2.22044604925031E-16));
#4072=DIRECTION('ref_axis',(-1.,1.22464679914735E-16,0.));
#4073=DIRECTION('',(1.,-1.22464679914735E-16,0.));
#4074=DIRECTION('center_axis',(1.22464679914735E-16,1.,9.14178371556933E-17));
#4075=DIRECTION('ref_axis',(1.11954561657694E-32,9.14178371556933E-17,-1.));
#4076=DIRECTION('',(1.,-1.22464679914735E-16,0.));
#4077=DIRECTION('center_axis',(1.,-1.22464679914735E-16,0.));
#4078=DIRECTION('ref_axis',(-1.22464679914735E-16,-1.,-2.22044604925031E-16));
#4079=DIRECTION('',(1.,-1.22464679914735E-16,0.));
#4080=DIRECTION('center_axis',(1.,-1.22464679914735E-16,0.));
#4081=DIRECTION('ref_axis',(1.22464678616495E-16,0.999999989399063,-0.00014560862962794));
#4082=DIRECTION('',(1.,-1.22464679914735E-16,0.));
#4083=DIRECTION('center_axis',(1.,-1.22464679914735E-16,0.));
#4084=DIRECTION('ref_axis',(-1.22464679914735E-16,-1.,-2.22044604925031E-16));
#4085=DIRECTION('',(1.,-1.22464679914735E-16,0.));
#4086=DIRECTION('center_axis',(-1.18826955541026E-16,-0.970295726275997,
0.241921895599666));
#4087=DIRECTION('ref_axis',(2.96268875089791E-17,0.241921895599666,0.970295726275997));
#4088=DIRECTION('',(-0.246296620734985,0.234469370118624,0.940405279169945));
#4089=DIRECTION('',(-0.246296620734987,-0.234469370118624,-0.940405279169945));
#4090=DIRECTION('center_axis',(1.18826955541026E-16,0.970295726275996,0.241921895599668));
#4091=DIRECTION('ref_axis',(2.96268875089794E-17,0.241921895599668,-0.970295726275996));
#4092=DIRECTION('',(1.,-1.22464679914735E-16,0.));
#4093=DIRECTION('',(0.246296620734985,0.234469370118626,-0.940405279169945));
#4094=DIRECTION('',(0.246296620734987,-0.234469370118626,0.940405279169944));
#4095=DIRECTION('center_axis',(1.,-1.22464679914735E-16,0.));
#4096=DIRECTION('ref_axis',(-1.22464679914735E-16,-1.,-2.22044604925031E-16));
#4097=DIRECTION('',(1.,-1.22464679914735E-16,0.));
#4098=DIRECTION('center_axis',(1.,-1.22464679914735E-16,0.));
#4099=DIRECTION('ref_axis',(1.22464678616495E-16,0.999999989399063,-0.000145608629601294));
#4100=DIRECTION('',(1.,-1.22464679914735E-16,0.));
#4101=DIRECTION('center_axis',(1.,-1.22464679914735E-16,0.));
#4102=DIRECTION('ref_axis',(-1.22464679914735E-16,-1.,-2.22044604925031E-16));
#4103=DIRECTION('center_axis',(-0.967372223380245,6.22118436300226E-17,
0.253359391837685));
#4104=DIRECTION('ref_axis',(-0.253359391837685,2.4582735998071E-16,-0.967372223380245));
#4105=DIRECTION('center_axis',(0.967372223380246,-1.74726015759312E-16,
0.253359391837682));
#4106=DIRECTION('ref_axis',(-0.253359391837682,-1.83772206331122E-16,0.967372223380246));
#4107=DIRECTION('center_axis',(0.967372223380246,-6.22118436300234E-17,
-0.253359391837682));
#4108=DIRECTION('ref_axis',(0.253359391837682,-2.45827359980709E-16,0.967372223380246));
#4109=DIRECTION('center_axis',(-0.967372223380246,1.74726015759312E-16,
-0.25335939183768));
#4110=DIRECTION('ref_axis',(0.25335939183768,1.83772206331122E-16,-0.967372223380246));
#4111=DIRECTION('center_axis',(1.18826955541026E-16,0.970295726275996,-0.241921895599668));
#4112=DIRECTION('ref_axis',(-2.96268875089793E-17,-0.241921895599668,-0.970295726275996));
#4113=DIRECTION('',(-0.235138839312811,-0.235138839312811,-0.943090373449569));
#4114=DIRECTION('',(1.,-1.22464679914735E-16,0.));
#4115=DIRECTION('',(-0.235138839312811,0.235138839312811,0.943090373449569));
#4116=DIRECTION('center_axis',(-1.18826955541026E-16,-0.970295726275996,
-0.241921895599668));
#4117=DIRECTION('ref_axis',(-2.96268875089794E-17,-0.241921895599668,0.970295726275996));
#4118=DIRECTION('',(1.,-1.22464679914735E-16,0.));
#4119=DIRECTION('',(0.235138839312811,-0.23513883931281,0.943090373449569));
#4120=DIRECTION('',(0.235138839312811,0.23513883931281,-0.943090373449569));
#4121=DIRECTION('center_axis',(-1.,1.22464679914735E-16,0.));
#4122=DIRECTION('ref_axis',(1.22464679914735E-16,1.,2.22044604925031E-16));
#4123=DIRECTION('',(-1.22464679914735E-16,-1.,-2.22044604925031E-16));
#4124=DIRECTION('',(2.71926214689378E-32,2.22044604925031E-16,-1.));
#4125=DIRECTION('',(-2.71926214689378E-32,-2.22044604925031E-16,1.));
#4126=DIRECTION('center_axis',(-1.,1.22464679914735E-16,0.));
#4127=DIRECTION('ref_axis',(1.22464679914735E-16,1.,2.22044604925031E-16));
#4128=DIRECTION('',(2.71926214689378E-32,2.22044604925031E-16,-1.));
#4129=DIRECTION('',(-1.22464679914735E-16,-1.,-2.22044604925031E-16));
#4130=DIRECTION('',(-2.71926214689378E-32,-2.22044604925031E-16,1.));
#4131=DIRECTION('center_axis',(1.22464679914735E-16,1.,2.22044604925031E-16));
#4132=DIRECTION('ref_axis',(1.,-1.22464679914735E-16,0.));
#4133=DIRECTION('center_axis',(-1.22464679914735E-16,-1.,-2.22044604925031E-16));
#4134=DIRECTION('ref_axis',(-1.,1.22464679914735E-16,0.));
#4135=DIRECTION('center_axis',(-1.22464679914735E-16,-1.,-2.22044604925031E-16));
#4136=DIRECTION('ref_axis',(-1.,1.22464679914735E-16,0.));
#4137=DIRECTION('',(1.,-1.22464679914735E-16,0.));
#4138=DIRECTION('center_axis',(1.22464679914735E-16,1.,2.22044604925031E-16));
#4139=DIRECTION('ref_axis',(1.,-1.22464679914735E-16,0.));
#4140=DIRECTION('',(1.,-1.22464679914735E-16,0.));
#4141=DIRECTION('center_axis',(1.,-1.22464679914735E-16,0.));
#4142=DIRECTION('ref_axis',(-1.22464679914735E-16,-1.,-2.22044604925031E-16));
#4143=DIRECTION('',(1.,-1.22464679914735E-16,0.));
#4144=DIRECTION('center_axis',(1.,-1.22464679914735E-16,0.));
#4145=DIRECTION('ref_axis',(-1.22464679914735E-16,-1.,-2.22044604925031E-16));
#4146=DIRECTION('',(1.,-1.22464679914735E-16,0.));
#4147=DIRECTION('center_axis',(1.,-1.22464679914735E-16,0.));
#4148=DIRECTION('ref_axis',(1.20461736740851E-16,0.983644727808224,0.18011954212435));
#4149=DIRECTION('',(1.,-1.22464679914735E-16,0.));
#4150=DIRECTION('center_axis',(-1.18826955541026E-16,-0.970295726276001,
0.241921895599651));
#4151=DIRECTION('ref_axis',(2.96268875089773E-17,0.241921895599651,0.970295726276001));
#4152=DIRECTION('',(-0.235138839312813,-0.235138839312795,-0.943090373449573));
#4153=DIRECTION('',(-0.235138839312812,0.235138839312795,0.943090373449573));
#4154=DIRECTION('center_axis',(1.18826955541026E-16,0.970295726276,0.241921895599652));
#4155=DIRECTION('ref_axis',(2.96268875089774E-17,0.241921895599652,-0.970295726276));
#4156=DIRECTION('',(0.235138839312812,-0.235138839312795,0.943090373449573));
#4157=DIRECTION('',(1.,-1.22464679914735E-16,0.));
#4158=DIRECTION('',(0.235138839312812,0.235138839312795,-0.943090373449573));
#4159=DIRECTION('center_axis',(1.,-1.22464679914735E-16,0.));
#4160=DIRECTION('ref_axis',(1.20989655731406E-16,0.98795551350515,0.154738176720468));
#4161=DIRECTION('',(1.,-1.22464679914735E-16,0.));
#4162=DIRECTION('center_axis',(1.,-1.22464679914735E-16,0.));
#4163=DIRECTION('ref_axis',(-1.22464679914735E-16,-1.,-2.22044604925031E-16));
#4164=DIRECTION('',(1.,-1.22464679914735E-16,0.));
#4165=DIRECTION('center_axis',(1.,-1.22464679914735E-16,0.));
#4166=DIRECTION('ref_axis',(-1.22464679914735E-16,-1.,-2.22044604925031E-16));
#4167=DIRECTION('center_axis',(0.970295726275996,-1.72544407272169E-16,
0.241921895599669));
#4168=DIRECTION('ref_axis',(-0.241921895599669,-1.8582204369242E-16,0.970295726275996));
#4169=DIRECTION('center_axis',(-0.970295726275996,6.51095038098823E-17,
0.241921895599669));
#4170=DIRECTION('ref_axis',(-0.241921895599669,2.45075818710379E-16,-0.970295726275996));
#4171=DIRECTION('center_axis',(-0.970295726275996,1.72544407272168E-16,
-0.241921895599668));
#4172=DIRECTION('ref_axis',(0.241921895599668,1.85822043692421E-16,-0.970295726275996));
#4173=DIRECTION('center_axis',(0.970295726275996,-6.51095038098826E-17,
-0.241921895599668));
#4174=DIRECTION('ref_axis',(0.241921895599668,-2.45075818710379E-16,0.970295726275996));
#4175=DIRECTION('center_axis',(1.18826955541026E-16,0.970295726275996,-0.241921895599668));
#4176=DIRECTION('ref_axis',(-2.96268875089793E-17,-0.241921895599668,-0.970295726275996));
#4177=DIRECTION('',(-0.235138839312811,-0.235138839312811,-0.943090373449569));
#4178=DIRECTION('',(1.,-1.22464679914735E-16,0.));
#4179=DIRECTION('',(-0.235138839312812,0.235138839312811,0.943090373449569));
#4180=DIRECTION('center_axis',(-1.18826955541026E-16,-0.970295726275996,
-0.241921895599668));
#4181=DIRECTION('ref_axis',(-2.96268875089794E-17,-0.241921895599668,0.970295726275996));
#4182=DIRECTION('',(1.,-1.22464679914735E-16,0.));
#4183=DIRECTION('',(0.235138839312811,-0.235138839312811,0.943090373449569));
#4184=DIRECTION('',(0.235138839312812,0.23513883931281,-0.943090373449569));
#4185=DIRECTION('center_axis',(-1.,1.22464679914735E-16,0.));
#4186=DIRECTION('ref_axis',(1.22464679914735E-16,1.,2.22044604925031E-16));
#4187=DIRECTION('',(-1.22464679914735E-16,-1.,-2.22044604925031E-16));
#4188=DIRECTION('',(2.71926214689378E-32,2.22044604925031E-16,-1.));
#4189=DIRECTION('',(-2.71926214689378E-32,-2.22044604925031E-16,1.));
#4190=DIRECTION('center_axis',(-1.,1.22464679914735E-16,0.));
#4191=DIRECTION('ref_axis',(1.22464679914735E-16,1.,2.22044604925031E-16));
#4192=DIRECTION('',(2.71926214689378E-32,2.22044604925031E-16,-1.));
#4193=DIRECTION('',(-1.22464679914735E-16,-1.,-2.22044604925031E-16));
#4194=DIRECTION('',(-2.71926214689378E-32,-2.22044604925031E-16,1.));
#4195=DIRECTION('center_axis',(1.22464679914735E-16,1.,2.22044604925031E-16));
#4196=DIRECTION('ref_axis',(1.,-1.22464679914735E-16,0.));
#4197=DIRECTION('center_axis',(-1.22464679914735E-16,-1.,-2.22044604925031E-16));
#4198=DIRECTION('ref_axis',(-1.,1.22464679914735E-16,0.));
#4199=DIRECTION('center_axis',(-1.22464679914735E-16,-1.,-2.22044604925031E-16));
#4200=DIRECTION('ref_axis',(-1.,1.22464679914735E-16,0.));
#4201=DIRECTION('',(1.,-1.22464679914735E-16,0.));
#4202=DIRECTION('center_axis',(1.22464679914735E-16,1.,2.22044604925031E-16));
#4203=DIRECTION('ref_axis',(1.,-1.22464679914735E-16,0.));
#4204=DIRECTION('',(1.,-1.22464679914735E-16,0.));
#4205=DIRECTION('center_axis',(1.,-1.22464679914735E-16,0.));
#4206=DIRECTION('ref_axis',(-1.22464679914735E-16,-1.,-2.22044604925031E-16));
#4207=DIRECTION('',(1.,-1.22464679914735E-16,0.));
#4208=DIRECTION('center_axis',(1.,-1.22464679914735E-16,0.));
#4209=DIRECTION('ref_axis',(-1.22464679914735E-16,-1.,-2.22044604925031E-16));
#4210=DIRECTION('',(1.,-1.22464679914735E-16,0.));
#4211=DIRECTION('center_axis',(1.,-1.22464679914735E-16,0.));
#4212=DIRECTION('ref_axis',(1.20461736740851E-16,0.983644727808224,0.18011954212435));
#4213=DIRECTION('',(1.,-1.22464679914735E-16,0.));
#4214=DIRECTION('center_axis',(-1.18826955541026E-16,-0.970295726276001,
0.241921895599651));
#4215=DIRECTION('ref_axis',(2.96268875089773E-17,0.241921895599651,0.970295726276001));
#4216=DIRECTION('',(-0.235138839312812,-0.235138839312795,-0.943090373449573));
#4217=DIRECTION('',(-0.235138839312812,0.235138839312795,0.943090373449573));
#4218=DIRECTION('center_axis',(1.18826955541026E-16,0.970295726276,0.241921895599652));
#4219=DIRECTION('ref_axis',(2.96268875089774E-17,0.241921895599652,-0.970295726276));
#4220=DIRECTION('',(0.235138839312812,-0.235138839312795,0.943090373449573));
#4221=DIRECTION('',(1.,-1.22464679914735E-16,0.));
#4222=DIRECTION('',(0.235138839312812,0.235138839312795,-0.943090373449573));
#4223=DIRECTION('center_axis',(1.,-1.22464679914735E-16,0.));
#4224=DIRECTION('ref_axis',(1.20989655731406E-16,0.98795551350515,0.154738176720468));
#4225=DIRECTION('',(1.,-1.22464679914735E-16,0.));
#4226=DIRECTION('center_axis',(1.,-1.22464679914735E-16,0.));
#4227=DIRECTION('ref_axis',(-1.22464679914735E-16,-1.,-2.22044604925031E-16));
#4228=DIRECTION('',(1.,-1.22464679914735E-16,0.));
#4229=DIRECTION('center_axis',(1.,-1.22464679914735E-16,0.));
#4230=DIRECTION('ref_axis',(-1.22464679914735E-16,-1.,-2.22044604925031E-16));
#4231=DIRECTION('center_axis',(0.970295726275996,-1.72544407272168E-16,
0.241921895599668));
#4232=DIRECTION('ref_axis',(-0.241921895599668,-1.85822043692421E-16,0.970295726275996));
#4233=DIRECTION('center_axis',(-0.970295726275996,6.51095038098826E-17,
0.241921895599668));
#4234=DIRECTION('ref_axis',(-0.241921895599668,2.45075818710379E-16,-0.970295726275996));
#4235=DIRECTION('center_axis',(-0.970295726275996,1.72544407272169E-16,
-0.241921895599669));
#4236=DIRECTION('ref_axis',(0.241921895599669,1.8582204369242E-16,-0.970295726275996));
#4237=DIRECTION('center_axis',(0.970295726275996,-6.51095038098826E-17,
-0.241921895599668));
#4238=DIRECTION('ref_axis',(0.241921895599668,-2.45075818710379E-16,0.970295726275996));
#4239=CARTESIAN_POINT('',(0.,0.,0.));
#4240=CARTESIAN_POINT('Origin',(-0.32,-0.110564477611731,7.46));
#4241=CARTESIAN_POINT('',(-0.11056447761173,0.110564477611728,7.46));
#4242=CARTESIAN_POINT('',(0.11056447761173,0.110564477611728,7.46));
#4243=CARTESIAN_POINT('',(-0.32,0.110564477611728,7.46));
#4244=CARTESIAN_POINT('',(-0.11056447761173,-0.110564477611731,7.46));
#4245=CARTESIAN_POINT('',(-0.11056447761173,0.329999999999998,7.46));
#4246=CARTESIAN_POINT('',(0.11056447761173,-0.110564477611731,7.46));
#4247=CARTESIAN_POINT('',(-0.32,-0.110564477611731,7.46));
#4248=CARTESIAN_POINT('',(0.11056447761173,0.329999999999998,7.46));
#4249=CARTESIAN_POINT('Origin',(-0.32,-0.96,-0.484167058639198));
#4250=CARTESIAN_POINT('',(-0.32,0.20918205319789,-1.7348158659922));
#4251=CARTESIAN_POINT('',(-0.32,0.31999999999998,-2.34));
#4252=CARTESIAN_POINT('Origin',(-0.32,-0.93873555753226,-2.2577543926805));
#4253=CARTESIAN_POINT('',(-0.32,-0.319999999999999,-2.34));
#4254=CARTESIAN_POINT('',(-0.32,0.33,-2.34));
#4255=CARTESIAN_POINT('',(-0.32,-0.37323099902182,-2.0001364958048));
#4256=CARTESIAN_POINT('Origin',(-0.32,-0.955644051241529,-2.2654571256173));
#4257=CARTESIAN_POINT('',(-0.32,-0.3762962962963,-0.746636078301599));
#4258=CARTESIAN_POINT('Origin',(-0.32,1.01,-1.37));
#4259=CARTESIAN_POINT('',(-0.32,-0.32,-0.484167058639198));
#4260=CARTESIAN_POINT('Origin',(-0.32,-0.96,-0.484167058639198));
#4261=CARTESIAN_POINT('',(-0.32,-0.32,0.));
#4262=CARTESIAN_POINT('',(-0.32,-0.32,-0.484167058639198));
#4263=CARTESIAN_POINT('',(-0.32,0.32,0.));
#4264=CARTESIAN_POINT('',(-0.32,1.96,0.));
#4265=CARTESIAN_POINT('',(-0.32,0.32,-0.484167058639198));
#4266=CARTESIAN_POINT('',(-0.32,0.319999999999999,6.62));
#4267=CARTESIAN_POINT('',(-0.32,0.20740740740741,-1.0091050979641));
#4268=CARTESIAN_POINT('Origin',(-0.32,-0.96,-0.484167058639198));
#4269=CARTESIAN_POINT('Origin',(-0.32,1.01,-1.37));
#4270=CARTESIAN_POINT('Origin',(0.32,-0.96,-0.484167058639198));
#4271=CARTESIAN_POINT('',(0.32,0.31999999999998,-2.34));
#4272=CARTESIAN_POINT('',(0.32,-0.31999999999999,-2.34));
#4273=CARTESIAN_POINT('',(0.32,0.33,-2.34));
#4274=CARTESIAN_POINT('',(0.32,0.20918205319789,-1.7348158659922));
#4275=CARTESIAN_POINT('Origin',(0.32,-0.93873555753226,-2.2577543926805));
#4276=CARTESIAN_POINT('',(0.32,0.20740740740741,-1.0091050979641));
#4277=CARTESIAN_POINT('Origin',(0.32,1.01,-1.37));
#4278=CARTESIAN_POINT('',(0.32,0.32,-0.484167058639198));
#4279=CARTESIAN_POINT('Origin',(0.32,-0.96,-0.484167058639198));
#4280=CARTESIAN_POINT('',(0.32,0.32,0.));
#4281=CARTESIAN_POINT('',(0.32,0.319999999999999,3.3));
#4282=CARTESIAN_POINT('',(0.32,-0.32,0.));
#4283=CARTESIAN_POINT('',(0.32,1.96,0.));
#4284=CARTESIAN_POINT('',(0.32,-0.32,-0.484167058639198));
#4285=CARTESIAN_POINT('',(0.32,-0.320000000000001,3.3));
#4286=CARTESIAN_POINT('',(0.32,-0.3762962962963,-0.746636078301599));
#4287=CARTESIAN_POINT('Origin',(0.32,-0.96,-0.484167058639198));
#4288=CARTESIAN_POINT('',(0.32,-0.37323099902182,-2.0001364958048));
#4289=CARTESIAN_POINT('Origin',(0.32,1.01,-1.37));
#4290=CARTESIAN_POINT('Origin',(0.32,-0.955644051241529,-2.2654571256173));
#4291=CARTESIAN_POINT('Origin',(-0.32,0.11056447761173,-3.18));
#4292=CARTESIAN_POINT('',(-0.11056447761173,0.11056447761173,-3.18));
#4293=CARTESIAN_POINT('',(0.11056447761173,0.11056447761173,-3.18));
#4294=CARTESIAN_POINT('',(-0.32,0.11056447761173,-3.18));
#4295=CARTESIAN_POINT('',(0.11056447761173,-0.110564477611729,-3.18));
#4296=CARTESIAN_POINT('',(0.11056447761173,0.33,-3.18));
#4297=CARTESIAN_POINT('',(-0.11056447761173,-0.110564477611729,-3.18));
#4298=CARTESIAN_POINT('',(-0.32,-0.110564477611729,-3.18));
#4299=CARTESIAN_POINT('',(-0.11056447761173,0.33,-3.18));
#4300=CARTESIAN_POINT('Origin',(5.68,-0.110564477611732,7.46));
#4301=CARTESIAN_POINT('',(5.88943552238827,0.110564477611727,7.46));
#4302=CARTESIAN_POINT('',(6.11056447761173,0.110564477611727,7.46));
#4303=CARTESIAN_POINT('',(5.68,0.110564477611727,7.46));
#4304=CARTESIAN_POINT('',(5.88943552238827,-0.110564477611732,7.46));
#4305=CARTESIAN_POINT('',(5.88943552238827,0.329999999999997,7.46));
#4306=CARTESIAN_POINT('',(6.11056447761173,-0.110564477611732,7.46));
#4307=CARTESIAN_POINT('',(5.68,-0.110564477611732,7.46));
#4308=CARTESIAN_POINT('',(6.11056447761173,0.329999999999997,7.46));
#4309=CARTESIAN_POINT('Origin',(5.68,-0.96,-0.484167058639198));
#4310=CARTESIAN_POINT('',(5.68,0.209182053197889,-1.7348158659922));
#4311=CARTESIAN_POINT('',(5.68,0.319999999999979,-2.34));
#4312=CARTESIAN_POINT('Origin',(5.68,-0.93873555753226,-2.2577543926805));
#4313=CARTESIAN_POINT('',(5.68,-0.32,-2.34));
#4314=CARTESIAN_POINT('',(5.68,0.329999999999999,-2.34));
#4315=CARTESIAN_POINT('',(5.68,-0.37323099902182,-2.0001364958048));
#4316=CARTESIAN_POINT('Origin',(5.68,-0.95564405124153,-2.2654571256173));
#4317=CARTESIAN_POINT('',(5.68,-0.3762962962963,-0.746636078301599));
#4318=CARTESIAN_POINT('Origin',(5.68,1.01,-1.37));
#4319=CARTESIAN_POINT('',(5.68,-0.32,-0.484167058639198));
#4320=CARTESIAN_POINT('Origin',(5.68,-0.96,-0.484167058639198));
#4321=CARTESIAN_POINT('',(5.68,-0.32,0.));
#4322=CARTESIAN_POINT('',(5.68,-0.32,-0.484167058639198));
#4323=CARTESIAN_POINT('',(5.68,0.319999999999999,0.));
#4324=CARTESIAN_POINT('',(5.68,1.96,0.));
#4325=CARTESIAN_POINT('',(5.68,0.319999999999999,-0.484167058639198));
#4326=CARTESIAN_POINT('',(5.68,0.319999999999998,6.62));
#4327=CARTESIAN_POINT('',(5.68,0.207407407407409,-1.0091050979641));
#4328=CARTESIAN_POINT('Origin',(5.68,-0.96,-0.484167058639198));
#4329=CARTESIAN_POINT('Origin',(5.68,1.01,-1.37));
#4330=CARTESIAN_POINT('Origin',(6.32,-0.96,-0.484167058639198));
#4331=CARTESIAN_POINT('',(6.32,0.319999999999979,-2.34));
#4332=CARTESIAN_POINT('',(6.32,-0.31999999999999,-2.34));
#4333=CARTESIAN_POINT('',(6.32,0.329999999999999,-2.34));
#4334=CARTESIAN_POINT('',(6.32,0.209182053197889,-1.7348158659922));
#4335=CARTESIAN_POINT('Origin',(6.32,-0.93873555753226,-2.2577543926805));
#4336=CARTESIAN_POINT('',(6.32,0.207407407407409,-1.0091050979641));
#4337=CARTESIAN_POINT('Origin',(6.32,1.01,-1.37));
#4338=CARTESIAN_POINT('',(6.32,0.319999999999999,-0.484167058639198));
#4339=CARTESIAN_POINT('Origin',(6.32,-0.96,-0.484167058639198));
#4340=CARTESIAN_POINT('',(6.32,0.319999999999999,0.));
#4341=CARTESIAN_POINT('',(6.32,0.319999999999998,3.3));
#4342=CARTESIAN_POINT('',(6.32,-0.32,0.));
#4343=CARTESIAN_POINT('',(6.32,1.96,0.));
#4344=CARTESIAN_POINT('',(6.32,-0.32,-0.484167058639198));
#4345=CARTESIAN_POINT('',(6.32,-0.320000000000001,3.3));
#4346=CARTESIAN_POINT('',(6.32,-0.3762962962963,-0.746636078301599));
#4347=CARTESIAN_POINT('Origin',(6.32,-0.96,-0.484167058639198));
#4348=CARTESIAN_POINT('',(6.32,-0.37323099902182,-2.0001364958048));
#4349=CARTESIAN_POINT('Origin',(6.32,1.01,-1.37));
#4350=CARTESIAN_POINT('Origin',(6.32,-0.95564405124153,-2.2654571256173));
#4351=CARTESIAN_POINT('Origin',(5.68,0.11056447761173,-3.18));
#4352=CARTESIAN_POINT('',(5.88943552238827,0.11056447761173,-3.18));
#4353=CARTESIAN_POINT('',(6.11056447761173,0.11056447761173,-3.18));
#4354=CARTESIAN_POINT('',(5.68,0.11056447761173,-3.18));
#4355=CARTESIAN_POINT('',(6.11056447761173,-0.11056447761173,-3.18));
#4356=CARTESIAN_POINT('',(6.11056447761173,0.329999999999999,-3.18));
#4357=CARTESIAN_POINT('',(5.88943552238827,-0.11056447761173,-3.18));
#4358=CARTESIAN_POINT('',(5.68,-0.11056447761173,-3.18));
#4359=CARTESIAN_POINT('',(5.88943552238827,0.329999999999999,-3.18));
#4360=CARTESIAN_POINT('Origin',(2.68,-0.110564477611732,7.46));
#4361=CARTESIAN_POINT('',(2.9,-0.110564477611732,7.46));
#4362=CARTESIAN_POINT('',(3.1,-0.110564477611732,7.46));
#4363=CARTESIAN_POINT('',(2.68,-0.110564477611732,7.46));
#4364=CARTESIAN_POINT('',(3.1,0.110564477611728,7.46));
#4365=CARTESIAN_POINT('',(3.1,-1.04,7.46));
#4366=CARTESIAN_POINT('',(2.9,0.110564477611728,7.46));
#4367=CARTESIAN_POINT('',(2.68,0.110564477611728,7.46));
#4368=CARTESIAN_POINT('',(2.9,-1.04,7.46));
#4369=CARTESIAN_POINT('Origin',(2.68,0.960000000000001,-0.549587902621298));
#4370=CARTESIAN_POINT('',(2.68,-0.32,-2.34));
#4371=CARTESIAN_POINT('',(2.68,0.32,-2.34));
#4372=CARTESIAN_POINT('',(2.68,-1.04,-2.34));
#4373=CARTESIAN_POINT('',(2.68,-0.20751254026345,-1.7965494595273));
#4374=CARTESIAN_POINT('Origin',(2.68,0.30098926481665,-2.1851699868162));
#4375=CARTESIAN_POINT('',(2.68,-0.207407407407411,-1.0745259419462));
#4376=CARTESIAN_POINT('Origin',(2.68,-1.01,-1.4354208439821));
#4377=CARTESIAN_POINT('',(2.68,-0.32,-0.549587902621298));
#4378=CARTESIAN_POINT('Origin',(2.68,0.960000000000001,-0.549587902621298));
#4379=CARTESIAN_POINT('',(2.68,-0.32,0.));
#4380=CARTESIAN_POINT('',(2.68,-0.32,-0.549587902621298));
#4381=CARTESIAN_POINT('',(2.68,0.319999999999999,0.));
#4382=CARTESIAN_POINT('',(2.68,1.96,0.));
#4383=CARTESIAN_POINT('',(2.68,0.319999999999999,-0.549587902621298));
#4384=CARTESIAN_POINT('',(2.68,0.319999999999998,6.62));
#4385=CARTESIAN_POINT('',(2.68,0.3762962962963,-0.812056922283799));
#4386=CARTESIAN_POINT('Origin',(2.68,0.960000000000001,-0.549587902621298));
#4387=CARTESIAN_POINT('',(2.68,0.37611470318132,-2.0591884526511));
#4388=CARTESIAN_POINT('Origin',(2.68,-1.01,-1.4354208439821));
#4389=CARTESIAN_POINT('Origin',(2.68,0.95974194662608,-2.3218274457748));
#4390=CARTESIAN_POINT('Origin',(3.32,0.960000000000001,-0.549587902621298));
#4391=CARTESIAN_POINT('',(3.32,-0.32,-2.34));
#4392=CARTESIAN_POINT('',(3.32,-0.20751254026345,-1.7965494595273));
#4393=CARTESIAN_POINT('Origin',(3.32,0.30098926481665,-2.1851699868162));
#4394=CARTESIAN_POINT('',(3.32,0.32,-2.34));
#4395=CARTESIAN_POINT('',(3.32,-1.04,-2.34));
#4396=CARTESIAN_POINT('',(3.32,0.37611470318132,-2.0591884526511));
#4397=CARTESIAN_POINT('Origin',(3.32,0.95974194662608,-2.3218274457748));
#4398=CARTESIAN_POINT('',(3.32,0.3762962962963,-0.812056922283799));
#4399=CARTESIAN_POINT('Origin',(3.32,-1.01,-1.4354208439821));
#4400=CARTESIAN_POINT('',(3.32,0.319999999999999,-0.549587902621298));
#4401=CARTESIAN_POINT('Origin',(3.32,0.960000000000001,-0.549587902621298));
#4402=CARTESIAN_POINT('',(3.32,0.319999999999999,0.));
#4403=CARTESIAN_POINT('',(3.32,0.319999999999999,3.3));
#4404=CARTESIAN_POINT('',(3.32,-0.32,0.));
#4405=CARTESIAN_POINT('',(3.32,1.96,0.));
#4406=CARTESIAN_POINT('',(3.32,-0.32,-0.549587902621298));
#4407=CARTESIAN_POINT('',(3.32,-0.320000000000001,3.3));
#4408=CARTESIAN_POINT('',(3.32,-0.207407407407411,-1.0745259419462));
#4409=CARTESIAN_POINT('Origin',(3.32,0.960000000000001,-0.549587902621298));
#4410=CARTESIAN_POINT('Origin',(3.32,-1.01,-1.4354208439821));
#4411=CARTESIAN_POINT('Origin',(2.68,0.11056447761173,-3.18));
#4412=CARTESIAN_POINT('',(2.9,-0.11056447761173,-3.18));
#4413=CARTESIAN_POINT('',(3.1,-0.11056447761173,-3.18));
#4414=CARTESIAN_POINT('',(2.68,-0.11056447761173,-3.18));
#4415=CARTESIAN_POINT('',(2.9,0.11056447761173,-3.18));
#4416=CARTESIAN_POINT('',(2.9,-1.04,-3.18));
#4417=CARTESIAN_POINT('',(3.1,0.11056447761173,-3.18));
#4418=CARTESIAN_POINT('',(2.68,0.11056447761173,-3.18));
#4419=CARTESIAN_POINT('',(3.1,-1.04,-3.18));
#4420=CARTESIAN_POINT('Origin',(4.5,1.96,0.));
#4421=CARTESIAN_POINT('',(11.685,1.57,0.));
#4422=CARTESIAN_POINT('',(11.685,1.96,0.));
#4423=CARTESIAN_POINT('',(11.685,1.57,0.));
#4424=CARTESIAN_POINT('',(12.325,1.57,0.));
#4425=CARTESIAN_POINT('',(11.685,1.57,0.));
#4426=CARTESIAN_POINT('',(12.325,-1.89999999999999,0.));
#4427=CARTESIAN_POINT('',(12.325,-1.89999999999999,0.));
#4428=CARTESIAN_POINT('',(-3.325,-1.9,0.));
#4429=CARTESIAN_POINT('',(-3.325,-1.9,0.));
#4430=CARTESIAN_POINT('',(-3.325,1.57,0.));
#4431=CARTESIAN_POINT('',(-3.325,1.96,0.));
#4432=CARTESIAN_POINT('',(-2.685,1.57,0.));
#4433=CARTESIAN_POINT('',(-2.685,1.57,0.));
#4434=CARTESIAN_POINT('',(-2.685,1.96,0.));
#4435=CARTESIAN_POINT('',(-2.685,1.57,0.));
#4436=CARTESIAN_POINT('',(12.325,1.96,0.));
#4437=CARTESIAN_POINT('',(4.5,-0.32,0.));
#4438=CARTESIAN_POINT('',(4.5,0.319999999999999,0.));
#4439=CARTESIAN_POINT('',(4.5,0.319999999999999,0.));
#4440=CARTESIAN_POINT('',(4.5,-0.32,0.));
#4441=CARTESIAN_POINT('',(4.5,0.319999999999999,0.));
#4442=CARTESIAN_POINT('',(4.5,-0.32,0.));
#4443=CARTESIAN_POINT('',(8.68,-0.320000000000001,0.));
#4444=CARTESIAN_POINT('',(8.68,0.319999999999999,0.));
#4445=CARTESIAN_POINT('',(8.68,1.96,0.));
#4446=CARTESIAN_POINT('',(9.32,-0.320000000000001,0.));
#4447=CARTESIAN_POINT('',(4.5,-0.32,0.));
#4448=CARTESIAN_POINT('',(9.32,0.319999999999999,0.));
#4449=CARTESIAN_POINT('',(9.32,1.96,0.));
#4450=CARTESIAN_POINT('',(4.5,0.319999999999999,0.));
#4451=CARTESIAN_POINT('Origin',(4.5,1.96,3.3));
#4452=CARTESIAN_POINT('',(4.27000000000004,1.3,3.3));
#4453=CARTESIAN_POINT('',(4.27,-1.24,3.3));
#4454=CARTESIAN_POINT('',(4.27,-1.24,3.3));
#4455=CARTESIAN_POINT('',(2.38000000000004,1.3,3.3));
#4456=CARTESIAN_POINT('',(4.27000000000004,1.3,3.3));
#4457=CARTESIAN_POINT('',(1.72999999999996,0.649999999999999,3.3));
#4458=CARTESIAN_POINT('',(2.38000000000004,1.3,3.3));
#4459=CARTESIAN_POINT('',(1.73,-1.24,3.3));
#4460=CARTESIAN_POINT('',(1.72999999999996,0.649999999999999,3.3));
#4461=CARTESIAN_POINT('',(1.73,-1.24,3.3));
#4462=CARTESIAN_POINT('',(3.32,-0.320000000000001,3.3));
#4463=CARTESIAN_POINT('',(2.68,-0.320000000000001,3.3));
#4464=CARTESIAN_POINT('',(4.5,-0.320000000000001,3.3));
#4465=CARTESIAN_POINT('',(2.68,0.319999999999999,3.3));
#4466=CARTESIAN_POINT('',(2.68,1.96,3.3));
#4467=CARTESIAN_POINT('',(3.32,0.319999999999999,3.3));
#4468=CARTESIAN_POINT('',(4.5,0.319999999999999,3.3));
#4469=CARTESIAN_POINT('',(3.32,1.96,3.3));
#4470=CARTESIAN_POINT('Origin',(8.68,-0.110564477611733,7.46));
#4471=CARTESIAN_POINT('',(8.9,-0.110564477611733,7.46));
#4472=CARTESIAN_POINT('',(9.1,-0.110564477611733,7.46));
#4473=CARTESIAN_POINT('',(8.68,-0.110564477611733,7.46));
#4474=CARTESIAN_POINT('',(9.1,0.110564477611727,7.46));
#4475=CARTESIAN_POINT('',(9.1,-1.04,7.46));
#4476=CARTESIAN_POINT('',(8.9,0.110564477611727,7.46));
#4477=CARTESIAN_POINT('',(8.68,0.110564477611727,7.46));
#4478=CARTESIAN_POINT('',(8.9,-1.04,7.46));
#4479=CARTESIAN_POINT('Origin',(8.68,0.96,-0.549587902621298));
#4480=CARTESIAN_POINT('',(8.68,-0.32,-2.34));
#4481=CARTESIAN_POINT('',(8.68,0.319999999999999,-2.34));
#4482=CARTESIAN_POINT('',(8.68,-1.04,-2.34));
#4483=CARTESIAN_POINT('',(8.68,-0.207512540263451,-1.7965494595273));
#4484=CARTESIAN_POINT('Origin',(8.68,0.300989264816649,-2.1851699868162));
#4485=CARTESIAN_POINT('',(8.68,-0.207407407407411,-1.0745259419462));
#4486=CARTESIAN_POINT('Origin',(8.68,-1.01,-1.4354208439821));
#4487=CARTESIAN_POINT('',(8.68,-0.320000000000001,-0.549587902621298));
#4488=CARTESIAN_POINT('Origin',(8.68,0.96,-0.549587902621298));
#4489=CARTESIAN_POINT('',(8.68,-0.320000000000001,-0.549587902621298));
#4490=CARTESIAN_POINT('',(8.68,0.319999999999999,-0.549587902621298));
#4491=CARTESIAN_POINT('',(8.68,0.319999999999998,6.62));
#4492=CARTESIAN_POINT('',(8.68,0.376296296296299,-0.812056922283799));
#4493=CARTESIAN_POINT('Origin',(8.68,0.96,-0.549587902621298));
#4494=CARTESIAN_POINT('',(8.68,0.376114703181319,-2.0591884526511));
#4495=CARTESIAN_POINT('Origin',(8.68,-1.01,-1.4354208439821));
#4496=CARTESIAN_POINT('Origin',(8.68,0.959741946626079,-2.3218274457748));
#4497=CARTESIAN_POINT('Origin',(9.32,0.96,-0.549587902621298));
#4498=CARTESIAN_POINT('',(9.32,-0.32,-2.34));
#4499=CARTESIAN_POINT('',(9.32,-0.207512540263451,-1.7965494595273));
#4500=CARTESIAN_POINT('Origin',(9.32,0.300989264816649,-2.1851699868162));
#4501=CARTESIAN_POINT('',(9.32,0.319999999999999,-2.34));
#4502=CARTESIAN_POINT('',(9.32,-1.04,-2.34));
#4503=CARTESIAN_POINT('',(9.32,0.376114703181319,-2.0591884526511));
#4504=CARTESIAN_POINT('Origin',(9.32,0.959741946626079,-2.3218274457748));
#4505=CARTESIAN_POINT('',(9.32,0.376296296296299,-0.812056922283799));
#4506=CARTESIAN_POINT('Origin',(9.32,-1.01,-1.4354208439821));
#4507=CARTESIAN_POINT('',(9.32,0.319999999999999,-0.549587902621298));
#4508=CARTESIAN_POINT('Origin',(9.32,0.96,-0.549587902621298));
#4509=CARTESIAN_POINT('',(9.32,0.319999999999998,3.3));
#4510=CARTESIAN_POINT('',(9.32,-0.320000000000001,-0.549587902621298));
#4511=CARTESIAN_POINT('',(9.32,-0.320000000000002,3.3));
#4512=CARTESIAN_POINT('',(9.32,-0.207407407407411,-1.0745259419462));
#4513=CARTESIAN_POINT('Origin',(9.32,0.96,-0.549587902621298));
#4514=CARTESIAN_POINT('Origin',(9.32,-1.01,-1.4354208439821));
#4515=CARTESIAN_POINT('Origin',(8.68,0.110564477611729,-3.18));
#4516=CARTESIAN_POINT('',(8.9,-0.11056447761173,-3.18));
#4517=CARTESIAN_POINT('',(9.1,-0.11056447761173,-3.18));
#4518=CARTESIAN_POINT('',(8.68,-0.11056447761173,-3.18));
#4519=CARTESIAN_POINT('',(8.9,0.110564477611729,-3.18));
#4520=CARTESIAN_POINT('',(8.9,-1.04,-3.18));
#4521=CARTESIAN_POINT('',(9.1,0.110564477611729,-3.18));
#4522=CARTESIAN_POINT('',(8.68,0.110564477611729,-3.18));
#4523=CARTESIAN_POINT('',(9.1,-1.04,-3.18));
#4524=CARTESIAN_POINT('Origin',(4.5,1.96,3.3));
#4525=CARTESIAN_POINT('',(10.27,0.649999999999997,3.3));
#4526=CARTESIAN_POINT('',(10.27,-1.24,3.3));
#4527=CARTESIAN_POINT('',(10.27,-1.24,3.3));
#4528=CARTESIAN_POINT('',(9.62,1.30000000000001,3.3));
#4529=CARTESIAN_POINT('',(10.27,0.649999999999997,3.3));
#4530=CARTESIAN_POINT('',(7.73,1.30000000000001,3.3));
#4531=CARTESIAN_POINT('',(9.62,1.30000000000001,3.3));
#4532=CARTESIAN_POINT('',(7.73,-1.24,3.3));
#4533=CARTESIAN_POINT('',(7.73,1.30000000000001,3.3));
#4534=CARTESIAN_POINT('',(7.73,-1.24,3.3));
#4535=CARTESIAN_POINT('',(9.32,-0.320000000000002,3.3));
#4536=CARTESIAN_POINT('',(8.68,-0.320000000000002,3.3));
#4537=CARTESIAN_POINT('',(4.5,-0.320000000000001,3.3));
#4538=CARTESIAN_POINT('',(8.68,0.319999999999998,3.3));
#4539=CARTESIAN_POINT('',(8.68,1.96,3.3));
#4540=CARTESIAN_POINT('',(9.32,0.319999999999998,3.3));
#4541=CARTESIAN_POINT('',(4.5,0.319999999999999,3.3));
#4542=CARTESIAN_POINT('',(9.32,1.96,3.3));
#4543=CARTESIAN_POINT('Origin',(11.685,2.47,-1.15));
#4544=CARTESIAN_POINT('',(12.005,2.02,-1.4));
#4545=CARTESIAN_POINT('',(11.685,2.47,-1.15));
#4546=CARTESIAN_POINT('',(11.685,2.47,-1.15));
#4547=CARTESIAN_POINT('',(12.325,2.47,-1.15));
#4548=CARTESIAN_POINT('',(11.685,2.47,-1.15));
#4549=CARTESIAN_POINT('',(12.1466222101252,2.21915623298857,-1.2893576483397));
#4550=CARTESIAN_POINT('Origin',(11.685,2.02,-1.4));
#4551=CARTESIAN_POINT('',(11.685,1.57,-1.15));
#4552=CARTESIAN_POINT('',(11.9158111050626,1.89457811649428,-1.3303211758302));
#4553=CARTESIAN_POINT('',(12.325,1.57,-1.15));
#4554=CARTESIAN_POINT('',(11.9158111050626,2.14542188350571,-1.4696788241698));
#4555=CARTESIAN_POINT('',(11.685,1.57,-1.15));
#4556=CARTESIAN_POINT('Origin',(11.685,1.96,9.9));
#4557=CARTESIAN_POINT('',(11.685,2.47,0.));
#4558=CARTESIAN_POINT('',(11.685,2.47,0.));
#4559=CARTESIAN_POINT('',(11.685,10.48,-1.15));
#4560=CARTESIAN_POINT('',(11.685,1.57,-1.15));
#4561=CARTESIAN_POINT('',(11.685,1.57,0.));
#4562=CARTESIAN_POINT('Origin',(-3.325,1.96,0.));
#4563=CARTESIAN_POINT('',(-3.325,2.47,-1.15));
#4564=CARTESIAN_POINT('',(-3.325,2.47,1.85));
#4565=CARTESIAN_POINT('',(-3.325,2.47,1.85));
#4566=CARTESIAN_POINT('',(-3.325,1.57,-1.15));
#4567=CARTESIAN_POINT('',(-3.325,10.48,-1.15));
#4568=CARTESIAN_POINT('',(-3.325,1.57,-1.15));
#4569=CARTESIAN_POINT('',(-3.325,-1.9,8.2315449703681));
#4570=CARTESIAN_POINT('',(-3.325,-1.9,0.));
#4571=CARTESIAN_POINT('',(-3.325,-1.26,8.2315449703681));
#4572=CARTESIAN_POINT('',(-3.325,-36.254,8.23154497036809));
#4573=CARTESIAN_POINT('',(-3.325,0.809999999999998,8.2315449703681));
#4574=CARTESIAN_POINT('',(-3.325,-1.26,8.2315449703681));
#4575=CARTESIAN_POINT('',(-3.325,1.45,8.2315449703681));
#4576=CARTESIAN_POINT('',(-3.325,-36.254,8.23154497036809));
#4577=CARTESIAN_POINT('',(-3.325,1.45,1.85));
#4578=CARTESIAN_POINT('',(-3.325,1.45,0.));
#4579=CARTESIAN_POINT('',(-3.325,2.47,1.85));
#4580=CARTESIAN_POINT('Origin',(-2.685,1.96,9.9));
#4581=CARTESIAN_POINT('',(-2.685,2.47,-1.15));
#4582=CARTESIAN_POINT('',(-2.685,1.57,-1.15));
#4583=CARTESIAN_POINT('',(-2.685,10.48,-1.15));
#4584=CARTESIAN_POINT('',(-2.685,2.47,0.));
#4585=CARTESIAN_POINT('',(-2.685,2.47,0.));
#4586=CARTESIAN_POINT('',(-2.685,1.57,0.));
#4587=CARTESIAN_POINT('',(-2.685,1.57,-1.15));
#4588=CARTESIAN_POINT('Origin',(12.325,1.96,0.));
#4589=CARTESIAN_POINT('',(10.925,1.96,9.9));
#4590=CARTESIAN_POINT('',(11.39,1.96,9.34583457944369));
#4591=CARTESIAN_POINT('',(10.925,1.96,9.9));
#4592=CARTESIAN_POINT('',(11.39,1.96,1.85));
#4593=CARTESIAN_POINT('',(11.39,1.96,0.));
#4594=CARTESIAN_POINT('',(11.39,1.96,0.300000000000002));
#4595=CARTESIAN_POINT('',(11.39,1.96,0.300000000000002));
#4596=CARTESIAN_POINT('',(11.69,1.96,0.));
#4597=CARTESIAN_POINT('',(11.69,1.96,0.));
#4598=CARTESIAN_POINT('',(12.325,1.96,0.));
#4599=CARTESIAN_POINT('',(-2.69,1.96,0.));
#4600=CARTESIAN_POINT('',(12.325,1.96,0.));
#4601=CARTESIAN_POINT('',(-2.39,1.96,0.300000000000002));
#4602=CARTESIAN_POINT('',(-2.69,1.96,0.));
#4603=CARTESIAN_POINT('',(-2.39,1.96,1.85));
#4604=CARTESIAN_POINT('',(-2.39,1.96,0.300000000000002));
#4605=CARTESIAN_POINT('',(-2.39,1.96,9.34583457944369));
#4606=CARTESIAN_POINT('',(-2.39,1.96,0.));
#4607=CARTESIAN_POINT('',(-1.925,1.96,9.9));
#4608=CARTESIAN_POINT('',(-3.325,1.96,8.2315449703681));
#4609=CARTESIAN_POINT('',(12.325,1.96,9.9));
#4610=CARTESIAN_POINT('',(1.65,1.96,1.84));
#4611=CARTESIAN_POINT('',(0.649999999999999,1.96,1.84));
#4612=CARTESIAN_POINT('',(0.649999999999999,1.96,1.84));
#4613=CARTESIAN_POINT('',(1.65,1.96,8.3));
#4614=CARTESIAN_POINT('',(1.65,1.96,1.84));
#4615=CARTESIAN_POINT('',(0.649999999999999,1.96,8.3));
#4616=CARTESIAN_POINT('',(0.649999999999999,1.96,8.3));
#4617=CARTESIAN_POINT('',(0.649999999999999,1.96,1.84));
#4618=CARTESIAN_POINT('',(8.35,1.96,1.84));
#4619=CARTESIAN_POINT('',(7.35,1.96,1.84));
#4620=CARTESIAN_POINT('',(7.35,1.96,1.84));
#4621=CARTESIAN_POINT('',(8.35,1.96,8.3));
#4622=CARTESIAN_POINT('',(8.35,1.96,1.84));
#4623=CARTESIAN_POINT('',(7.35,1.96,8.3));
#4624=CARTESIAN_POINT('',(7.35,1.96,8.3));
#4625=CARTESIAN_POINT('',(7.35,1.96,1.84));
#4626=CARTESIAN_POINT('Origin',(10.925,-36.254,9.89999999999999));
#4627=CARTESIAN_POINT('',(12.325,-1.9,8.2315449703681));
#4628=CARTESIAN_POINT('',(12.325,-1.26,8.2315449703681));
#4629=CARTESIAN_POINT('',(12.325,-36.254,8.23154497036809));
#4630=CARTESIAN_POINT('',(10.925,-1.26,9.9));
#4631=CARTESIAN_POINT('',(12.325,-1.26,8.2315449703681));
#4632=CARTESIAN_POINT('',(10.925,-1.9,9.9));
#4633=CARTESIAN_POINT('',(10.925,-36.254,9.89999999999999));
#4634=CARTESIAN_POINT('',(10.925,-1.9,9.90000000000001));
#4635=CARTESIAN_POINT('Origin',(-3.325,-36.254,8.23154497036809));
#4636=CARTESIAN_POINT('',(-1.925,-1.9,9.9));
#4637=CARTESIAN_POINT('',(-1.925,-1.26,9.9));
#4638=CARTESIAN_POINT('',(-1.925,-36.254,9.89999999999999));
#4639=CARTESIAN_POINT('',(-1.925,-1.26,9.9));
#4640=CARTESIAN_POINT('',(-3.32500000000001,-1.9,8.2315449703681));
#4641=CARTESIAN_POINT('Origin',(4.5,1.96,9.9));
#4642=CARTESIAN_POINT('',(-3.325,-1.9,9.9));
#4643=CARTESIAN_POINT('',(10.925,0.809999999999997,9.9));
#4644=CARTESIAN_POINT('',(10.925,-1.26,9.9));
#4645=CARTESIAN_POINT('',(10.925,-36.254,9.89999999999999));
#4646=CARTESIAN_POINT('',(-1.925,0.809999999999998,9.9));
#4647=CARTESIAN_POINT('',(-1.925,-36.254,9.89999999999999));
#4648=CARTESIAN_POINT('',(-1.925,-1.26,9.9));
#4649=CARTESIAN_POINT('',(10.27,-1.24,9.9));
#4650=CARTESIAN_POINT('',(10.27,0.649999999999996,9.9));
#4651=CARTESIAN_POINT('',(10.27,-1.24,9.9));
#4652=CARTESIAN_POINT('',(7.73,-1.24,9.9));
#4653=CARTESIAN_POINT('',(7.73,-1.24,9.9));
#4654=CARTESIAN_POINT('',(7.73,1.30000000000001,9.9));
#4655=CARTESIAN_POINT('',(7.73,1.30000000000001,9.9));
#4656=CARTESIAN_POINT('',(9.62,1.3,9.9));
#4657=CARTESIAN_POINT('',(9.62,1.3,9.9));
#4658=CARTESIAN_POINT('',(10.27,0.649999999999996,9.9));
#4659=CARTESIAN_POINT('',(7.27,-1.24,9.9));
#4660=CARTESIAN_POINT('',(7.27,1.30000000000001,9.9));
#4661=CARTESIAN_POINT('',(7.27,-1.24,9.9));
#4662=CARTESIAN_POINT('',(4.73,-1.24,9.9));
#4663=CARTESIAN_POINT('',(4.73,-1.24,9.9));
#4664=CARTESIAN_POINT('',(4.73,1.30000000000001,9.9));
#4665=CARTESIAN_POINT('',(4.73,1.30000000000001,9.9));
#4666=CARTESIAN_POINT('',(7.27,1.30000000000001,9.9));
#4667=CARTESIAN_POINT('',(4.27,-1.24,9.9));
#4668=CARTESIAN_POINT('',(4.27000000000004,1.3,9.9));
#4669=CARTESIAN_POINT('',(4.27,-1.24,9.9));
#4670=CARTESIAN_POINT('',(1.73,-1.24,9.9));
#4671=CARTESIAN_POINT('',(1.73,-1.24,9.9));
#4672=CARTESIAN_POINT('',(1.72999999999996,0.649999999999997,9.9));
#4673=CARTESIAN_POINT('',(1.72999999999996,0.649999999999997,9.9));
#4674=CARTESIAN_POINT('',(2.38000000000004,1.3,9.9));
#4675=CARTESIAN_POINT('',(2.38000000000004,1.3,9.9));
#4676=CARTESIAN_POINT('',(4.27000000000004,1.3,9.9));
#4677=CARTESIAN_POINT('',(1.27,-1.24,9.9));
#4678=CARTESIAN_POINT('',(1.27,1.3,9.9));
#4679=CARTESIAN_POINT('',(1.27,-1.24,9.9));
#4680=CARTESIAN_POINT('',(-1.27,-1.24,9.9));
#4681=CARTESIAN_POINT('',(-1.27,-1.24,9.9));
#4682=CARTESIAN_POINT('',(-1.27,0.649999999999998,9.9));
#4683=CARTESIAN_POINT('',(-1.27,0.649999999999998,9.9));
#4684=CARTESIAN_POINT('',(-0.619999999999998,1.3,9.9));
#4685=CARTESIAN_POINT('',(-0.619999999999998,1.3,9.9));
#4686=CARTESIAN_POINT('',(1.27,1.3,9.9));
#4687=CARTESIAN_POINT('Origin',(-3.325,-1.9,0.));
#4688=CARTESIAN_POINT('',(12.325,-1.89999999999999,0.));
#4689=CARTESIAN_POINT('',(3.2,-1.89999999999998,9.36));
#4690=CARTESIAN_POINT('',(5.8,-1.89999999999998,9.36));
#4691=CARTESIAN_POINT('',(3.2,-1.89999999999998,9.36));
#4692=CARTESIAN_POINT('',(5.8,-1.89999999999999,6.95));
#4693=CARTESIAN_POINT('',(5.8,-1.89999999999998,9.36));
#4694=CARTESIAN_POINT('',(3.2,-1.89999999999999,6.95));
#4695=CARTESIAN_POINT('',(3.2,-1.89999999999999,6.95));
#4696=CARTESIAN_POINT('',(3.2,-1.89999999999998,9.36));
#4697=CARTESIAN_POINT('Origin',(12.325,-1.89999999999999,0.));
#4698=CARTESIAN_POINT('',(12.325,10.48,-1.15));
#4699=CARTESIAN_POINT('',(12.325,2.47,1.85));
#4700=CARTESIAN_POINT('',(12.325,2.47,1.85));
#4701=CARTESIAN_POINT('',(12.325,1.45,1.85));
#4702=CARTESIAN_POINT('',(12.325,2.47,1.85));
#4703=CARTESIAN_POINT('',(12.325,1.44999999999999,8.2315449703681));
#4704=CARTESIAN_POINT('',(12.325,1.45,0.));
#4705=CARTESIAN_POINT('',(12.325,0.809999999999997,8.2315449703681));
#4706=CARTESIAN_POINT('',(12.325,-36.254,8.23154497036809));
#4707=CARTESIAN_POINT('',(12.325,-1.26,8.2315449703681));
#4708=CARTESIAN_POINT('',(12.325,1.57,-1.15));
#4709=CARTESIAN_POINT('Origin',(3.2,-3.09999999999998,7.7));
#4710=CARTESIAN_POINT('',(5.8,-3.09999999999998,7.7));
#4711=CARTESIAN_POINT('',(5.8,-3.09999999999998,7.7));
#4712=CARTESIAN_POINT('',(3.2,-3.09999999999998,7.7));
#4713=CARTESIAN_POINT('',(3.2,-3.09999999999998,7.7));
#4714=CARTESIAN_POINT('',(3.2,-3.09999999999998,7.7));
#4715=CARTESIAN_POINT('Origin',(3.2,-1.89999999999999,6.95));
#4716=CARTESIAN_POINT('',(5.8,-3.09999999999998,6.95));
#4717=CARTESIAN_POINT('',(5.8,-1.89999999999999,6.95));
#4718=CARTESIAN_POINT('',(3.2,-3.09999999999998,6.95));
#4719=CARTESIAN_POINT('',(3.2,-3.09999999999998,6.95));
#4720=CARTESIAN_POINT('',(3.2,-1.89999999999999,6.95));
#4721=CARTESIAN_POINT('Origin',(3.2,-3.09999999999998,6.95));
#4722=CARTESIAN_POINT('',(5.8,-3.09999999999998,6.95));
#4723=CARTESIAN_POINT('',(3.2,-3.09999999999998,6.95));
#4724=CARTESIAN_POINT('Origin',(3.2,1.96,9.9));
#4725=CARTESIAN_POINT('Origin',(5.8,1.96,9.9));
#4726=CARTESIAN_POINT('Origin',(10.925,-36.254,9.89999999999999));
#4727=CARTESIAN_POINT('',(18.6453503038104,-1.99746380207837,0.699244789348209));
#4728=CARTESIAN_POINT('',(12.325,0.809999999999997,8.2315449703681));
#4729=CARTESIAN_POINT('Origin',(-3.325,-36.254,8.23154497036809));
#4730=CARTESIAN_POINT('',(-10.8920905564146,-2.67750393986253,-0.786562385724798));
#4731=CARTESIAN_POINT('',(-1.925,0.809999999999998,9.9));
#4732=CARTESIAN_POINT('Origin',(-1.925,-1.26,8.23154497036811));
#4733=CARTESIAN_POINT('',(-1.925,0.809999999999998,8.23154497036811));
#4734=CARTESIAN_POINT('',(-1.925,0.809999999999998,8.23154497036811));
#4735=CARTESIAN_POINT('',(-1.925,-1.26,8.23154497036811));
#4736=CARTESIAN_POINT('',(-1.925,-1.26,8.23154497036811));
#4737=CARTESIAN_POINT('',(-1.925,-1.26,8.23154497036811));
#4738=CARTESIAN_POINT('Origin',(-3.325,-1.26,8.2315449703681));
#4739=CARTESIAN_POINT('',(-3.325,0.809999999999998,8.2315449703681));
#4740=CARTESIAN_POINT('',(-3.325,-1.26,8.2315449703681));
#4741=CARTESIAN_POINT('Origin',(4.5,-1.26,9.9));
#4742=CARTESIAN_POINT('Origin',(4.5,0.809999999999997,9.9));
#4743=CARTESIAN_POINT('Origin',(10.925,-1.26,9.9));
#4744=CARTESIAN_POINT('',(10.925,0.809999999999997,8.23154497036811));
#4745=CARTESIAN_POINT('',(10.925,0.809999999999997,9.9));
#4746=CARTESIAN_POINT('',(10.925,-1.26,8.23154497036811));
#4747=CARTESIAN_POINT('',(10.925,-1.26,9.9));
#4748=CARTESIAN_POINT('',(10.925,-1.26,8.23154497036811));
#4749=CARTESIAN_POINT('Origin',(10.925,-1.26,8.23154497036811));
#4750=CARTESIAN_POINT('',(10.925,0.809999999999997,8.23154497036811));
#4751=CARTESIAN_POINT('',(10.925,-1.26,8.23154497036811));
#4752=CARTESIAN_POINT('Origin',(4.5,-1.26,9.9));
#4753=CARTESIAN_POINT('Origin',(4.5,0.809999999999997,9.9));
#4754=CARTESIAN_POINT('Origin',(-2.39,2.47,0.300000000000002));
#4755=CARTESIAN_POINT('',(-2.39,2.47,0.300000000000002));
#4756=CARTESIAN_POINT('',(-2.39,2.47,0.300000000000002));
#4757=CARTESIAN_POINT('',(-2.39,2.47,1.85));
#4758=CARTESIAN_POINT('',(-2.39,2.47,0.300000000000002));
#4759=CARTESIAN_POINT('',(-2.39,2.47,1.85));
#4760=CARTESIAN_POINT('Origin',(-2.39,2.47,1.85));
#4761=CARTESIAN_POINT('',(-2.39,1.96,1.85));
#4762=CARTESIAN_POINT('',(-2.39,2.47,1.85));
#4763=CARTESIAN_POINT('Origin',(-2.69,2.47,0.));
#4764=CARTESIAN_POINT('',(-2.69,2.47,0.));
#4765=CARTESIAN_POINT('',(-2.69,2.47,0.));
#4766=CARTESIAN_POINT('',(-2.69,2.47,0.));
#4767=CARTESIAN_POINT('Origin',(4.5,2.47,9.9));
#4768=CARTESIAN_POINT('',(-2.685,2.47,0.));
#4769=CARTESIAN_POINT('',(-2.685,2.47,-1.15));
#4770=CARTESIAN_POINT('Origin',(11.69,2.47,0.));
#4771=CARTESIAN_POINT('',(11.39,2.47,0.300000000000002));
#4772=CARTESIAN_POINT('',(11.39,2.47,0.300000000000002));
#4773=CARTESIAN_POINT('',(11.69,2.47,0.));
#4774=CARTESIAN_POINT('',(11.69,2.47,0.));
#4775=CARTESIAN_POINT('',(11.69,2.47,0.));
#4776=CARTESIAN_POINT('Origin',(11.39,2.47,0.300000000000002));
#4777=CARTESIAN_POINT('',(11.39,2.47,1.85));
#4778=CARTESIAN_POINT('',(11.39,2.47,1.85));
#4779=CARTESIAN_POINT('',(11.39,2.47,0.300000000000002));
#4780=CARTESIAN_POINT('Origin',(11.39,2.47,1.85));
#4781=CARTESIAN_POINT('',(11.1756050955414,2.07694267515923,1.85));
#4782=CARTESIAN_POINT('',(11.39,2.47,1.85));
#4783=CARTESIAN_POINT('Origin',(4.5,2.47,9.9));
#4784=CARTESIAN_POINT('',(11.685,2.47,0.));
#4785=CARTESIAN_POINT('Origin',(12.325,1.45,0.));
#4786=CARTESIAN_POINT('Origin',(-2.39,1.96,0.));
#4787=CARTESIAN_POINT('Origin',(1.27,-1.24,3.3));
#4788=CARTESIAN_POINT('',(1.27,1.3,3.3));
#4789=CARTESIAN_POINT('',(1.27,1.3,3.3));
#4790=CARTESIAN_POINT('',(1.27,-1.24,3.3));
#4791=CARTESIAN_POINT('',(1.27,-1.24,3.3));
#4792=CARTESIAN_POINT('',(1.27,-1.24,3.3));
#4793=CARTESIAN_POINT('Origin',(1.27,1.3,3.3));
#4794=CARTESIAN_POINT('',(-0.619999999999998,1.3,3.3));
#4795=CARTESIAN_POINT('',(-0.619999999999998,1.3,3.3));
#4796=CARTESIAN_POINT('',(1.27,1.3,3.3));
#4797=CARTESIAN_POINT('Origin',(-0.619999999999998,1.3,3.3));
#4798=CARTESIAN_POINT('',(-1.27,0.649999999999999,3.3));
#4799=CARTESIAN_POINT('',(-1.27,0.649999999999999,3.3));
#4800=CARTESIAN_POINT('',(-0.619999999999998,1.3,3.3));
#4801=CARTESIAN_POINT('Origin',(-1.27,0.649999999999999,3.3));
#4802=CARTESIAN_POINT('',(-1.27,-1.24,3.3));
#4803=CARTESIAN_POINT('',(-1.27,-1.24,3.3));
#4804=CARTESIAN_POINT('',(-1.27,0.649999999999999,3.3));
#4805=CARTESIAN_POINT('Origin',(-1.27,-1.24,3.3));
#4806=CARTESIAN_POINT('',(-1.27,-1.24,3.3));
#4807=CARTESIAN_POINT('Origin',(4.5,1.96,3.3));
#4808=CARTESIAN_POINT('',(-0.32,0.319999999999999,3.3));
#4809=CARTESIAN_POINT('',(-0.32,-0.320000000000001,3.3));
#4810=CARTESIAN_POINT('',(-0.32,1.96,3.3));
#4811=CARTESIAN_POINT('',(0.32,0.319999999999999,3.3));
#4812=CARTESIAN_POINT('',(4.5,0.319999999999999,3.3));
#4813=CARTESIAN_POINT('',(0.32,-0.320000000000001,3.3));
#4814=CARTESIAN_POINT('',(0.32,1.96,3.3));
#4815=CARTESIAN_POINT('',(4.5,-0.320000000000001,3.3));
#4816=CARTESIAN_POINT('Origin',(4.27,-1.24,3.3));
#4817=CARTESIAN_POINT('',(4.27000000000004,1.3,3.3));
#4818=CARTESIAN_POINT('',(4.27,-1.24,3.3));
#4819=CARTESIAN_POINT('Origin',(4.27000000000004,1.3,3.3));
#4820=CARTESIAN_POINT('',(2.38000000000004,1.3,3.3));
#4821=CARTESIAN_POINT('Origin',(2.38000000000004,1.3,3.3));
#4822=CARTESIAN_POINT('',(1.72999999999996,0.649999999999999,3.3));
#4823=CARTESIAN_POINT('Origin',(1.72999999999996,0.649999999999999,3.3));
#4824=CARTESIAN_POINT('',(1.73,-1.24,3.3));
#4825=CARTESIAN_POINT('Origin',(1.73,-1.24,3.3));
#4826=CARTESIAN_POINT('Origin',(7.27,-1.24,3.3));
#4827=CARTESIAN_POINT('',(7.27,1.30000000000001,3.3));
#4828=CARTESIAN_POINT('',(7.27,1.30000000000001,3.3));
#4829=CARTESIAN_POINT('',(7.27,-1.24,3.3));
#4830=CARTESIAN_POINT('',(7.27,-1.24,3.3));
#4831=CARTESIAN_POINT('',(7.27,-1.24,3.3));
#4832=CARTESIAN_POINT('Origin',(7.27,1.30000000000001,3.3));
#4833=CARTESIAN_POINT('',(4.73,1.30000000000001,3.3));
#4834=CARTESIAN_POINT('',(4.73,1.30000000000001,3.3));
#4835=CARTESIAN_POINT('',(7.27,1.30000000000001,3.3));
#4836=CARTESIAN_POINT('Origin',(4.73,1.30000000000001,3.3));
#4837=CARTESIAN_POINT('',(4.73,-1.24,3.3));
#4838=CARTESIAN_POINT('',(4.73,-1.24,3.3));
#4839=CARTESIAN_POINT('',(4.73,1.30000000000001,3.3));
#4840=CARTESIAN_POINT('Origin',(4.73,-1.24,3.3));
#4841=CARTESIAN_POINT('',(4.73,-1.24,3.3));
#4842=CARTESIAN_POINT('Origin',(4.5,1.96,3.3));
#4843=CARTESIAN_POINT('',(5.68,0.319999999999998,3.3));
#4844=CARTESIAN_POINT('',(5.68,-0.320000000000001,3.3));
#4845=CARTESIAN_POINT('',(5.68,1.96,3.3));
#4846=CARTESIAN_POINT('',(6.32,0.319999999999998,3.3));
#4847=CARTESIAN_POINT('',(4.5,0.319999999999999,3.3));
#4848=CARTESIAN_POINT('',(6.32,-0.320000000000001,3.3));
#4849=CARTESIAN_POINT('',(6.32,1.96,3.3));
#4850=CARTESIAN_POINT('',(4.5,-0.320000000000001,3.3));
#4851=CARTESIAN_POINT('Origin',(10.27,-1.24,3.3));
#4852=CARTESIAN_POINT('',(10.27,0.649999999999997,3.3));
#4853=CARTESIAN_POINT('',(10.27,-1.24,3.3));
#4854=CARTESIAN_POINT('Origin',(10.27,0.649999999999997,3.3));
#4855=CARTESIAN_POINT('',(9.62,1.30000000000001,3.3));
#4856=CARTESIAN_POINT('Origin',(9.62,1.30000000000001,3.3));
#4857=CARTESIAN_POINT('',(7.73,1.30000000000001,3.3));
#4858=CARTESIAN_POINT('Origin',(7.73,1.30000000000001,3.3));
#4859=CARTESIAN_POINT('',(7.73,-1.24,3.3));
#4860=CARTESIAN_POINT('Origin',(7.73,-1.24,3.3));
#4861=CARTESIAN_POINT('Origin',(8.35,1.96,1.84));
#4862=CARTESIAN_POINT('',(8.35,2.47,8.3));
#4863=CARTESIAN_POINT('',(8.35,1.96,8.3));
#4864=CARTESIAN_POINT('',(8.35,2.47,1.84));
#4865=CARTESIAN_POINT('',(8.35,1.96,1.84));
#4866=CARTESIAN_POINT('',(8.35,2.47,1.84));
#4867=CARTESIAN_POINT('Origin',(8.35,2.47,1.84));
#4868=CARTESIAN_POINT('',(7.35,2.47,8.3));
#4869=CARTESIAN_POINT('',(8.35,2.47,8.3));
#4870=CARTESIAN_POINT('',(7.35,2.47,1.84));
#4871=CARTESIAN_POINT('',(8.35,2.47,1.84));
#4872=CARTESIAN_POINT('',(7.35,2.47,1.84));
#4873=CARTESIAN_POINT('Origin',(7.35,2.47,1.84));
#4874=CARTESIAN_POINT('',(7.35,2.47,8.3));
#4875=CARTESIAN_POINT('',(7.35,2.47,1.84));
#4876=CARTESIAN_POINT('Origin',(4.5,1.96,1.84));
#4877=CARTESIAN_POINT('Origin',(4.5,1.96,8.3));
#4878=CARTESIAN_POINT('Origin',(1.65,1.96,1.84));
#4879=CARTESIAN_POINT('',(1.65,2.47,8.3));
#4880=CARTESIAN_POINT('',(1.65,1.96,8.3));
#4881=CARTESIAN_POINT('',(1.65,2.47,1.84));
#4882=CARTESIAN_POINT('',(1.65,1.96,1.84));
#4883=CARTESIAN_POINT('',(1.65,2.47,1.84));
#4884=CARTESIAN_POINT('Origin',(1.65,2.47,1.84));
#4885=CARTESIAN_POINT('',(0.649999999999999,2.47,8.3));
#4886=CARTESIAN_POINT('',(1.65,2.47,8.3));
#4887=CARTESIAN_POINT('',(0.649999999999999,2.47,1.84));
#4888=CARTESIAN_POINT('',(1.65,2.47,1.84));
#4889=CARTESIAN_POINT('',(0.649999999999999,2.47,1.84));
#4890=CARTESIAN_POINT('Origin',(0.649999999999999,2.47,1.84));
#4891=CARTESIAN_POINT('',(0.649999999999999,2.47,8.3));
#4892=CARTESIAN_POINT('',(0.649999999999999,2.47,1.84));
#4893=CARTESIAN_POINT('Origin',(4.5,1.96,1.84));
#4894=CARTESIAN_POINT('Origin',(4.5,1.96,8.3));
#4895=CARTESIAN_POINT('Origin',(-2.685,1.57,0.));
#4896=CARTESIAN_POINT('Origin',(-2.685,2.47,-1.15));
#4897=CARTESIAN_POINT('',(-3.005,2.02,-1.4));
#4898=CARTESIAN_POINT('',(-2.685,2.47,-1.15));
#4899=CARTESIAN_POINT('',(-3.14662221012521,2.21915623298857,-1.2893576483397));
#4900=CARTESIAN_POINT('Origin',(-2.685,2.02,-1.4));
#4901=CARTESIAN_POINT('',(-2.9158111050626,1.89457811649429,-1.3303211758302));
#4902=CARTESIAN_POINT('',(-2.685,1.57,-1.15));
#4903=CARTESIAN_POINT('',(-2.9158111050626,2.14542188350572,-1.4696788241698));
#4904=CARTESIAN_POINT('Origin',(-2.685,1.57,-1.15));
#4905=CARTESIAN_POINT('Origin',(-3.005,10.48,-1.4));
#4906=CARTESIAN_POINT('Origin',(-2.685,10.48,-1.15));
#4907=CARTESIAN_POINT('Origin',(11.685,1.57,0.));
#4908=CARTESIAN_POINT('Origin',(11.685,1.57,-1.15));
#4909=CARTESIAN_POINT('Origin',(12.005,10.48,-1.4));
#4910=CARTESIAN_POINT('Origin',(11.685,10.48,-1.15));
#4911=CARTESIAN_POINT('Origin',(8.68,-0.320000000000003,6.62));
#4912=CARTESIAN_POINT('',(8.68,-0.320000000000003,6.62));
#4913=CARTESIAN_POINT('',(9.32,-0.320000000000003,6.62));
#4914=CARTESIAN_POINT('',(8.68,-0.320000000000003,6.62));
#4915=CARTESIAN_POINT('',(9.2811763037533,-0.283040631343313,6.76823593112377));
#4916=CARTESIAN_POINT('',(8.68,-0.320000000000003,6.62));
#4917=CARTESIAN_POINT('Origin',(8.68,0.110564477611727,7.46));
#4918=CARTESIAN_POINT('',(9.32,0.319999999999998,6.62));
#4919=CARTESIAN_POINT('',(9.07452194933811,0.086309891930777,7.55727982979998));
#4920=CARTESIAN_POINT('',(8.68,0.319999999999998,6.62));
#4921=CARTESIAN_POINT('',(8.68,0.319999999999998,6.62));
#4922=CARTESIAN_POINT('',(8.8866543544152,0.123269260587467,7.4090438986762));
#4923=CARTESIAN_POINT('Origin',(8.68,0.96,-0.549587902621298));
#4924=CARTESIAN_POINT('',(8.68,-0.320000000000001,-0.549587902621298));
#4925=CARTESIAN_POINT('',(8.68,-1.04,6.62));
#4926=CARTESIAN_POINT('',(8.68,0.319999999999998,6.62));
#4927=CARTESIAN_POINT('Origin',(9.32,0.96,-0.549587902621298));
#4928=CARTESIAN_POINT('',(9.32,-1.04,6.62));
#4929=CARTESIAN_POINT('',(9.32,-0.320000000000002,3.3));
#4930=CARTESIAN_POINT('',(9.32,0.319999999999998,3.3));
#4931=CARTESIAN_POINT('Origin',(8.68,-0.320000000000002,3.3));
#4932=CARTESIAN_POINT('Origin',(8.68,0.319999999999998,3.3));
#4933=CARTESIAN_POINT('Origin',(8.68,0.319999999999998,3.3));
#4934=CARTESIAN_POINT('',(8.68,0.319999999999999,-0.549587902621298));
#4935=CARTESIAN_POINT('Origin',(8.68,-0.320000000000002,3.3));
#4936=CARTESIAN_POINT('',(8.68,-0.320000000000001,-0.549587902621298));
#4937=CARTESIAN_POINT('Origin',(8.68,0.96,-0.549587902621298));
#4938=CARTESIAN_POINT('',(8.68,0.376296296296299,-0.812056922283799));
#4939=CARTESIAN_POINT('Origin',(8.68,-1.01,-1.4354208439821));
#4940=CARTESIAN_POINT('',(8.68,0.376114703181319,-2.0591884526511));
#4941=CARTESIAN_POINT('Origin',(8.68,0.959741946626079,-2.3218274457748));
#4942=CARTESIAN_POINT('',(8.68,0.319999999999999,-2.34));
#4943=CARTESIAN_POINT('Origin',(8.68,0.319999999999999,-2.34));
#4944=CARTESIAN_POINT('',(8.68,0.319999999999999,-2.34));
#4945=CARTESIAN_POINT('',(9.2811763037533,0.283040631343309,-2.4882359311238));
#4946=CARTESIAN_POINT('Origin',(8.68,-0.11056447761173,-3.18));
#4947=CARTESIAN_POINT('',(8.68,-0.32,-2.34));
#4948=CARTESIAN_POINT('',(8.8866543544152,-0.123269260587471,-3.1290438986762));
#4949=CARTESIAN_POINT('',(9.0745219493381,-0.0863098919307803,-3.2772798298));
#4950=CARTESIAN_POINT('Origin',(8.68,0.300989264816649,-2.1851699868162));
#4951=CARTESIAN_POINT('',(8.68,-0.207512540263451,-1.7965494595273));
#4952=CARTESIAN_POINT('Origin',(8.68,-1.01,-1.4354208439821));
#4953=CARTESIAN_POINT('',(8.68,-0.207407407407411,-1.0745259419462));
#4954=CARTESIAN_POINT('Origin',(8.68,0.96,-0.549587902621298));
#4955=CARTESIAN_POINT('Origin',(9.1,-1.04,-3.18));
#4956=CARTESIAN_POINT('Origin',(8.68,-1.04,-2.34));
#4957=CARTESIAN_POINT('Origin',(8.9,-1.04,7.46));
#4958=CARTESIAN_POINT('Origin',(9.32,-1.04,6.62));
#4959=CARTESIAN_POINT('Origin',(2.68,-0.320000000000002,6.62));
#4960=CARTESIAN_POINT('',(2.68,-0.320000000000002,6.62));
#4961=CARTESIAN_POINT('',(3.32,-0.320000000000002,6.62));
#4962=CARTESIAN_POINT('',(2.68,-0.320000000000002,6.62));
#4963=CARTESIAN_POINT('',(3.2811763037533,-0.283040631343313,6.76823593112377));
#4964=CARTESIAN_POINT('',(2.68,-0.320000000000002,6.62));
#4965=CARTESIAN_POINT('Origin',(2.68,0.110564477611728,7.46));
#4966=CARTESIAN_POINT('',(3.32,0.319999999999998,6.62));
#4967=CARTESIAN_POINT('',(3.07452194933811,0.0863098919307778,7.55727982979998));
#4968=CARTESIAN_POINT('',(2.68,0.319999999999998,6.62));
#4969=CARTESIAN_POINT('',(2.68,0.319999999999998,6.62));
#4970=CARTESIAN_POINT('',(2.8866543544152,0.123269260587468,7.4090438986762));
#4971=CARTESIAN_POINT('Origin',(2.68,0.960000000000001,-0.549587902621298));
#4972=CARTESIAN_POINT('',(2.68,-0.32,-0.549587902621298));
#4973=CARTESIAN_POINT('',(2.68,-1.04,6.62));
#4974=CARTESIAN_POINT('',(2.68,0.319999999999998,6.62));
#4975=CARTESIAN_POINT('Origin',(3.32,0.960000000000001,-0.549587902621298));
#4976=CARTESIAN_POINT('',(3.32,-1.04,6.62));
#4977=CARTESIAN_POINT('',(3.32,-0.320000000000001,3.3));
#4978=CARTESIAN_POINT('',(3.32,0.319999999999999,3.3));
#4979=CARTESIAN_POINT('Origin',(2.68,-0.320000000000001,3.3));
#4980=CARTESIAN_POINT('Origin',(2.68,0.319999999999999,3.3));
#4981=CARTESIAN_POINT('Origin',(2.68,0.319999999999999,3.3));
#4982=CARTESIAN_POINT('',(2.68,0.319999999999999,-0.549587902621298));
#4983=CARTESIAN_POINT('Origin',(2.68,-0.320000000000001,3.3));
#4984=CARTESIAN_POINT('',(2.68,-0.32,-0.549587902621298));
#4985=CARTESIAN_POINT('Origin',(2.68,0.960000000000001,-0.549587902621298));
#4986=CARTESIAN_POINT('',(2.68,0.3762962962963,-0.812056922283799));
#4987=CARTESIAN_POINT('Origin',(2.68,-1.01,-1.4354208439821));
#4988=CARTESIAN_POINT('',(2.68,0.37611470318132,-2.0591884526511));
#4989=CARTESIAN_POINT('Origin',(2.68,0.95974194662608,-2.3218274457748));
#4990=CARTESIAN_POINT('',(2.68,0.32,-2.34));
#4991=CARTESIAN_POINT('Origin',(2.68,0.32,-2.34));
#4992=CARTESIAN_POINT('',(2.68,0.32,-2.34));
#4993=CARTESIAN_POINT('',(3.2811763037533,0.28304063134331,-2.4882359311238));
#4994=CARTESIAN_POINT('Origin',(2.68,-0.11056447761173,-3.18));
#4995=CARTESIAN_POINT('',(2.68,-0.32,-2.34));
#4996=CARTESIAN_POINT('',(2.8866543544152,-0.12326926058747,-3.1290438986762));
#4997=CARTESIAN_POINT('',(3.0745219493381,-0.0863098919307798,-3.2772798298));
#4998=CARTESIAN_POINT('Origin',(2.68,0.30098926481665,-2.1851699868162));
#4999=CARTESIAN_POINT('',(2.68,-0.20751254026345,-1.7965494595273));
#5000=CARTESIAN_POINT('Origin',(2.68,-1.01,-1.4354208439821));
#5001=CARTESIAN_POINT('',(2.68,-0.207407407407411,-1.0745259419462));
#5002=CARTESIAN_POINT('Origin',(2.68,0.960000000000001,-0.549587902621298));
#5003=CARTESIAN_POINT('Origin',(3.1,-1.04,-3.18));
#5004=CARTESIAN_POINT('Origin',(2.68,-1.04,-2.34));
#5005=CARTESIAN_POINT('Origin',(2.9,-1.04,7.46));
#5006=CARTESIAN_POINT('Origin',(3.32,-1.04,6.62));
#5007=CARTESIAN_POINT('Origin',(5.68,-0.320000000000002,6.62));
#5008=CARTESIAN_POINT('',(5.68,-0.320000000000002,6.62));
#5009=CARTESIAN_POINT('',(5.68,-0.320000000000002,6.62));
#5010=CARTESIAN_POINT('',(6.32,-0.320000000000002,6.62));
#5011=CARTESIAN_POINT('',(5.68,-0.320000000000002,6.62));
#5012=CARTESIAN_POINT('',(6.28461422479784,-0.284614224797842,6.76192459249921));
#5013=CARTESIAN_POINT('Origin',(5.68,0.110564477611727,7.46));
#5014=CARTESIAN_POINT('',(5.68,0.319999999999998,6.62));
#5015=CARTESIAN_POINT('',(6.32,0.319999999999998,6.62));
#5016=CARTESIAN_POINT('',(5.68,0.319999999999998,6.62));
#5017=CARTESIAN_POINT('',(5.87785577502174,0.122144224978258,7.41355617004716));
#5018=CARTESIAN_POINT('',(6.0867584497761,0.0867584497760973,7.55548076254638));
#5019=CARTESIAN_POINT('Origin',(5.68,-0.96,-0.484167058639198));
#5020=CARTESIAN_POINT('',(5.68,0.329999999999998,6.62));
#5021=CARTESIAN_POINT('',(5.68,0.319999999999998,6.62));
#5022=CARTESIAN_POINT('',(5.68,-0.32,-0.484167058639198));
#5023=CARTESIAN_POINT('Origin',(6.32,-0.96,-0.484167058639198));
#5024=CARTESIAN_POINT('',(6.32,0.319999999999998,3.3));
#5025=CARTESIAN_POINT('',(6.32,0.329999999999998,6.62));
#5026=CARTESIAN_POINT('',(6.32,-0.320000000000001,3.3));
#5027=CARTESIAN_POINT('Origin',(5.68,-0.320000000000001,3.3));
#5028=CARTESIAN_POINT('Origin',(5.68,0.319999999999998,3.3));
#5029=CARTESIAN_POINT('Origin',(5.68,0.319999999999998,3.3));
#5030=CARTESIAN_POINT('',(5.68,0.319999999999999,-0.484167058639198));
#5031=CARTESIAN_POINT('Origin',(5.68,-0.320000000000001,3.3));
#5032=CARTESIAN_POINT('',(5.68,-0.32,-0.484167058639198));
#5033=CARTESIAN_POINT('Origin',(5.68,-0.96,-0.484167058639198));
#5034=CARTESIAN_POINT('',(5.68,0.207407407407409,-1.0091050979641));
#5035=CARTESIAN_POINT('Origin',(5.68,1.01,-1.37));
#5036=CARTESIAN_POINT('',(5.68,0.209182053197889,-1.7348158659922));
#5037=CARTESIAN_POINT('Origin',(5.68,-0.93873555753226,-2.2577543926805));
#5038=CARTESIAN_POINT('',(5.68,0.319999999999989,-2.34));
#5039=CARTESIAN_POINT('Origin',(5.68,0.319999999999989,-2.34));
#5040=CARTESIAN_POINT('',(6.28461422479784,0.28461422479783,-2.4819245924992));
#5041=CARTESIAN_POINT('',(5.68,0.319999999999989,-2.34));
#5042=CARTESIAN_POINT('Origin',(5.68,-0.11056447761173,-3.18));
#5043=CARTESIAN_POINT('',(6.0867584497761,-0.0867584497760998,-3.2754807625464));
#5044=CARTESIAN_POINT('',(5.68,-0.31999999999999,-2.34));
#5045=CARTESIAN_POINT('',(5.87785577502174,-0.12214422497826,-3.1335561700472));
#5046=CARTESIAN_POINT('Origin',(5.68,-0.95564405124153,-2.2654571256173));
#5047=CARTESIAN_POINT('',(5.68,-0.37323099902182,-2.0001364958048));
#5048=CARTESIAN_POINT('Origin',(5.68,1.01,-1.37));
#5049=CARTESIAN_POINT('',(5.68,-0.3762962962963,-0.746636078301599));
#5050=CARTESIAN_POINT('Origin',(5.68,-0.96,-0.484167058639198));
#5051=CARTESIAN_POINT('Origin',(5.88943552238827,0.329999999999999,-3.18));
#5052=CARTESIAN_POINT('Origin',(6.32,0.329999999999999,-2.34));
#5053=CARTESIAN_POINT('Origin',(6.11056447761173,0.329999999999997,7.46));
#5054=CARTESIAN_POINT('Origin',(5.68,0.329999999999998,6.62));
#5055=CARTESIAN_POINT('Origin',(-0.32,-0.320000000000001,6.62));
#5056=CARTESIAN_POINT('',(-0.32,-0.320000000000001,6.62));
#5057=CARTESIAN_POINT('',(-0.32,-0.320000000000001,6.62));
#5058=CARTESIAN_POINT('',(0.32,-0.320000000000001,6.62));
#5059=CARTESIAN_POINT('',(-0.32,-0.320000000000001,6.62));
#5060=CARTESIAN_POINT('',(0.284614224797839,-0.284614224797841,6.76192459249921));
#5061=CARTESIAN_POINT('Origin',(-0.32,0.110564477611728,7.46));
#5062=CARTESIAN_POINT('',(-0.32,0.319999999999999,6.62));
#5063=CARTESIAN_POINT('',(0.32,0.319999999999999,6.62));
#5064=CARTESIAN_POINT('',(-0.32,0.319999999999999,6.62));
#5065=CARTESIAN_POINT('',(-0.122144224978262,0.122144224978258,7.41355617004716));
#5066=CARTESIAN_POINT('',(0.0867584497760987,0.0867584497760981,7.55548076254638));
#5067=CARTESIAN_POINT('Origin',(-0.32,-0.96,-0.484167058639198));
#5068=CARTESIAN_POINT('',(-0.32,0.329999999999999,6.62));
#5069=CARTESIAN_POINT('',(-0.32,0.319999999999999,6.62));
#5070=CARTESIAN_POINT('',(-0.32,-0.32,-0.484167058639198));
#5071=CARTESIAN_POINT('Origin',(0.32,-0.96,-0.484167058639198));
#5072=CARTESIAN_POINT('',(0.32,0.319999999999999,3.3));
#5073=CARTESIAN_POINT('',(0.32,0.329999999999999,6.62));
#5074=CARTESIAN_POINT('',(0.32,-0.320000000000001,3.3));
#5075=CARTESIAN_POINT('Origin',(-0.32,-0.320000000000001,3.3));
#5076=CARTESIAN_POINT('Origin',(-0.32,0.319999999999999,3.3));
#5077=CARTESIAN_POINT('Origin',(-0.32,0.319999999999999,3.3));
#5078=CARTESIAN_POINT('',(-0.32,0.32,-0.484167058639198));
#5079=CARTESIAN_POINT('Origin',(-0.32,-0.320000000000001,3.3));
#5080=CARTESIAN_POINT('',(-0.32,-0.32,-0.484167058639198));
#5081=CARTESIAN_POINT('Origin',(-0.32,-0.96,-0.484167058639198));
#5082=CARTESIAN_POINT('',(-0.32,0.20740740740741,-1.0091050979641));
#5083=CARTESIAN_POINT('Origin',(-0.32,1.01,-1.37));
#5084=CARTESIAN_POINT('',(-0.32,0.20918205319789,-1.7348158659922));
#5085=CARTESIAN_POINT('Origin',(-0.32,-0.93873555753226,-2.2577543926805));
#5086=CARTESIAN_POINT('',(-0.32,0.31999999999999,-2.34));
#5087=CARTESIAN_POINT('Origin',(-0.32,0.31999999999999,-2.34));
#5088=CARTESIAN_POINT('',(0.284614224797839,0.284614224797831,-2.4819245924992));
#5089=CARTESIAN_POINT('',(-0.32,0.31999999999999,-2.34));
#5090=CARTESIAN_POINT('Origin',(-0.32,-0.110564477611729,-3.18));
#5091=CARTESIAN_POINT('',(0.0867584497760987,-0.0867584497760993,-3.2754807625464));
#5092=CARTESIAN_POINT('',(-0.32,-0.31999999999999,-2.34));
#5093=CARTESIAN_POINT('',(-0.122144224978262,-0.122144224978259,-3.1335561700472));
#5094=CARTESIAN_POINT('Origin',(-0.32,-0.955644051241529,-2.2654571256173));
#5095=CARTESIAN_POINT('',(-0.32,-0.37323099902182,-2.0001364958048));
#5096=CARTESIAN_POINT('Origin',(-0.32,1.01,-1.37));
#5097=CARTESIAN_POINT('',(-0.32,-0.3762962962963,-0.746636078301599));
#5098=CARTESIAN_POINT('Origin',(-0.32,-0.96,-0.484167058639198));
#5099=CARTESIAN_POINT('Origin',(-0.11056447761173,0.33,-3.18));
#5100=CARTESIAN_POINT('Origin',(0.32,0.33,-2.34));
#5101=CARTESIAN_POINT('Origin',(0.11056447761173,0.329999999999998,7.46));
#5102=CARTESIAN_POINT('Origin',(-0.32,0.329999999999999,6.62));
#5103=UNCERTAINTY_MEASURE_WITH_UNIT(LENGTH_MEASURE(0.01),#5107,
'DISTANCE_ACCURACY_VALUE',
'Maximum model space distance between geometric entities at asserted c
onnectivities');
#5104=UNCERTAINTY_MEASURE_WITH_UNIT(LENGTH_MEASURE(0.01),#5107,
'DISTANCE_ACCURACY_VALUE',
'Maximum model space distance between geometric entities at asserted c
onnectivities');
#5105=(
GEOMETRIC_REPRESENTATION_CONTEXT(3)
GLOBAL_UNCERTAINTY_ASSIGNED_CONTEXT((#5103))
GLOBAL_UNIT_ASSIGNED_CONTEXT((#5107,#5109,#5110))
REPRESENTATION_CONTEXT('','3D')
);
#5106=(
GEOMETRIC_REPRESENTATION_CONTEXT(3)
GLOBAL_UNCERTAINTY_ASSIGNED_CONTEXT((#5104))
GLOBAL_UNIT_ASSIGNED_CONTEXT((#5107,#5109,#5110))
REPRESENTATION_CONTEXT('','3D')
);
#5107=(
LENGTH_UNIT()
NAMED_UNIT(*)
SI_UNIT(.MILLI.,.METRE.)
);
#5108=(
LENGTH_UNIT()
NAMED_UNIT(*)
SI_UNIT($,.METRE.)
);
#5109=(
NAMED_UNIT(*)
PLANE_ANGLE_UNIT()
SI_UNIT($,.RADIAN.)
);
#5110=(
NAMED_UNIT(*)
SI_UNIT($,.STERADIAN.)
SOLID_ANGLE_UNIT()
);
#5111=SHAPE_DEFINITION_REPRESENTATION(#5112,#5113);
#5112=PRODUCT_DEFINITION_SHAPE('',$,#5115);
#5113=SHAPE_REPRESENTATION('',(#3189),#5105);
#5114=PRODUCT_DEFINITION_CONTEXT('part definition',#5119,'design');
#5115=PRODUCT_DEFINITION('436500415wbm000_01','(Unsaved)',#5116,#5114);
#5116=PRODUCT_DEFINITION_FORMATION('',$,#5121);
#5117=PRODUCT_RELATED_PRODUCT_CATEGORY('(Unsaved)','(Unsaved)',(#5121));
#5118=APPLICATION_PROTOCOL_DEFINITION('international standard',
'automotive_design',2009,#5119);
#5119=APPLICATION_CONTEXT(
'Core Data for Automotive Mechanical Design Process');
#5120=PRODUCT_CONTEXT('part definition',#5119,'mechanical');
#5121=PRODUCT('436500415wbm000_01','(Unsaved)',$,(#5120));
#5122=PRESENTATION_STYLE_ASSIGNMENT((#5125));
#5123=PRESENTATION_STYLE_ASSIGNMENT((#5126));
#5124=PRESENTATION_STYLE_ASSIGNMENT((#5127));
#5125=SURFACE_STYLE_USAGE(.BOTH.,#5128);
#5126=SURFACE_STYLE_USAGE(.BOTH.,#5129);
#5127=SURFACE_STYLE_USAGE(.BOTH.,#5130);
#5128=SURFACE_SIDE_STYLE('',(#5131));
#5129=SURFACE_SIDE_STYLE('',(#5132));
#5130=SURFACE_SIDE_STYLE('',(#5133));
#5131=SURFACE_STYLE_FILL_AREA(#5134);
#5132=SURFACE_STYLE_FILL_AREA(#5135);
#5133=SURFACE_STYLE_FILL_AREA(#5136);
#5134=FILL_AREA_STYLE('Steel - Satin',(#5137));
#5135=FILL_AREA_STYLE('Opaque(152,170,175)',(#5138));
#5136=FILL_AREA_STYLE('Nickel - Satin',(#5139));
#5137=FILL_AREA_STYLE_COLOUR('Steel - Satin',#5140);
#5138=FILL_AREA_STYLE_COLOUR('Opaque(152,170,175)',#5141);
#5139=FILL_AREA_STYLE_COLOUR('Nickel - Satin',#5142);
#5140=COLOUR_RGB('Steel - Satin',0.627450980392157,0.627450980392157,0.627450980392157);
#5141=COLOUR_RGB('Opaque(152,170,175)',0.2,0.2,0.2);
#5142=COLOUR_RGB('Nickel - Satin',0.819607843137255,0.8,0.752941176470588);
ENDSEC;
END-ISO-10303-21;
